cycle,offset,drift_filtered,drift_unfiltered
0,3,0.085013,9.611318
1,4,0.104243,9.925952
2,14,0.180526,97.640994
3,-5,-0.01024,-185.577684
4,4,0.085121,87.884617
5,7,0.093999,28.620765
6,5,0.095709,-17.780623
7,8,0.16237,29.362539
8,2,0.011156,-66.576419
9,5,0.03023,29.296303
10,2,0.082684,-29.298306
11,13,0.024448,106.205285
12,-6,-0.082465,-187.691396
13,5,-0.025569,107.086185
14,9,0.04125,39.184953
15,2,-0.044618,-68.35804
16,3,-0.016008,9.766197
17,3,-0.025544,0.0
18,4,-0.02578,9.52381
19,5,0.021892,9.752767
20,5,0.107724,0.0
21,6,-0.098698,9.765434
22,2,0.018176,-39.064026
23,10,-0.086723,0.0007
24,5,-0.096257,-48.825264
25,1,-0.086722,-39.066315
26,2,-0.077186,9.765434
27,5,-0.096075,29.296875
28,5,-0.05778,0.0
29,9,-0.020198,38.484851
30,1,-0.050393,-79.313148
31,2,-0.156413,9.765911
32,4,-0.089657,19.532013
33,6,-0.061046,19.530487
34,5,-0.089656,-9.76553
35,3,-0.070582,-19.532394
36,3,-0.099128,0.0
37,6,-0.077804,31.622887
38,3,-0.087339,-29.295731
39,2,-0.068267,-9.766006
40,10,-0.087341,78.127289
41,4,-0.068264,-58.592033
42,3,-0.106411,-9.76572
43,8,-0.002265,48.051511
44,3,-0.117489,-49.630747
45,-11,-0.203316,-136.714745
46,18,0.044731,283.214188
47,3,-0.117247,-146.480084
48,5,-0.069263,19.532585
49,5,-0.050189,0.0
50,5,-0.069263,0.0
51,3,-0.088841,-20.048115
52,7,-0.06023,39.063263
53,5,-0.069886,-19.530487
54,1,-0.117697,-39.065934
55,0,-0.117697,-9.765148
56,15,-0.023872,144.902336
57,2,-0.168296,-128.359565
58,3,-0.006159,9.765911
59,0,-0.025119,-29.180892
60,4,-0.177569,39.210689
61,13,0.013178,87.905219
62,0,-0.158146,-126.951885
63,6,-0.063344,58.076506
64,6,-0.072941,0.0
65,0,-0.101547,-58.661922
66,5,-0.102397,47.956571
67,4,-0.102573,-9.94629
68,5,-0.035815,9.765339
69,4,-0.073964,-9.766388
70,-2,-0.157584,-58.589745
71,11,-0.025241,124.863131
72,6,-0.0642,-49.659337
73,11,-0.073734,48.826695
74,-3,-0.101494,-135.555147
75,1,-0.101266,39.404208
76,9,-0.091731,78.124237
77,3,-0.072761,-58.594322
78,4,-0.053697,9.741651
79,5,-0.101359,9.789429
80,0,-0.120432,-48.829079
81,8,-0.045158,77.080945
82,7,-0.054825,-9.899716
83,7,-0.073718,0.0
84,0,-0.112188,-68.971633
85,-3,-0.159872,-29.297447
86,11,-0.036627,135.968533
87,4,-0.075381,-68.632161
88,8,-0.085878,38.677612
89,-2,-0.144204,-98.789825
90,3,-0.086984,48.827648
91,12,-0.058369,87.890625
92,7,-0.010679,-48.827171
93,5,-0.096488,-19.53125
94,-5,-0.182325,-97.665788
95,2,-0.086961,68.35537
96,11,-0.039272,87.896634
97,5,-0.06788,-58.592033
98,9,0.037028,39.060593
99,1,-0.191857,-78.128052
100,-4,-0.163251,-48.828602
101,12,-0.020472,155.802676
102,7,-0.048878,-48.968719
103,4,-0.087023,-29.295731
104,4,-0.134675,0.0
105,5,-0.135062,9.37585
106,2,-0.076988,-30.569821
107,5,-0.14967,29.296589
108,9,-0.043593,39.059448
109,1,-0.14743,-78.130341
110,-4,-0.114157,-48.825741
111,10,-0.05439,136.729432
112,9,-0.140869,-9.765148
113,6,-0.025759,-29.297161
114,-2,-0.168817,-78.128815
115,-1,-0.178355,9.764862
116,10,-0.054371,107.429219
117,4,-0.121128,-58.592606
118,13,-0.006695,87.882043
119,-4,-0.197021,-165.595169
120,3,-0.149163,68.538083
121,14,-0.025362,107.241742
122,0,-0.159104,-136.95146
123,9,-0.043508,87.889767
124,-1,-0.167493,-97.662926
125,-3,-0.186567,-19.53125
126,11,-0.043005,136.720085
127,5,-0.119298,-58.59375
128,6,-0.063214,9.757145
129,-5,-0.102312,-0.001399
130,12,0.050092,165.826156
131,5,0.030947,-68.43757
132,-1,-0.073951,-58.588029
133,7,0.038661,76.250751
134,-1,-0.058634,-80.100125
135,8,0.01766,87.890625
136,8,-0.039558,0.0
137,11,0.160723,29.296017
138,-3,-0.144471,-136.732103
139,-1,-0.058806,19.530869
140,10,0.036535,107.418728
141,4,-0.0493,-58.5989
142,10,0.055331,58.586884
143,-3,-0.057046,-124.89552
144,-2,-0.104568,9.930487
145,11,0.048011,126.945687
146,6,0.048015,-48.828602
147,10,0.028942,39.059448
148,-3,-0.076804,-126.968004
149,12,0.055994,146.214506
150,-2,-0.030461,-136.974239
151,2,-0.058945,39.0625
152,17,0.05528,146.472932
153,-1,-0.059011,-175.782967
154,-7,-0.144847,-58.5989
155,12,0.083496,184.99226
156,6,0.016581,-58.756133
157,9,0.045195,29.301167
158,-2,-0.078795,-107.433416
159,4,-0.012044,58.588029
160,5,-0.002506,9.766102
161,4,0.026106,-9.76553
162,11,0.073788,68.357372
163,-2,-0.068863,-126.966764
164,-2,-0.059111,0.0
165,10,0.083917,117.186356
166,6,0.036288,-39.061737
167,8,0.026563,19.530678
168,3,-0.0687,-48.833371
169,2,0.007795,-9.765339
170,5,0.007796,29.298019
171,-4,-0.030354,-87.892342
172,17,0.103146,205.066109
173,-1,-0.058985,-175.788117
174,5,0.016933,58.208912
175,4,0.026407,-9.830908
176,6,0.026406,19.529724
177,9,0.055017,29.297733
178,3,-0.021025,-58.59375
179,-3,-0.049245,-58.593178
180,7,-0.001557,97.659111
181,4,0.074743,-29.297161
182,4,-0.03969,0.0
183,4,-0.020703,0.0
184,4,-0.020703,0.0
185,10,0.08403,58.419746
186,3,0.026609,-68.564936
187,9,0.036145,58.592033
188,-1,-0.040148,-97.655296
189,0,-0.040077,9.766197
190,7,0.016946,68.230111
191,4,0.026428,-29.353633
192,12,0.074107,78.11966
193,-3,-0.097519,-146.492959
194,4,0.055194,68.35537
195,7,0.026584,29.297447
196,2,-0.0211,-48.828125
197,10,0.064728,78.121185
198,4,-0.011567,-58.594322
199,-3,-0.059255,-68.363381
200,12,0.055182,146.481514
201,4,-0.001184,-77.185806
202,1,-0.01101,-29.656284
203,9,0.055749,78.126526
204,-2,-0.039625,-107.429219
205,6,0.027135,78.128052
206,2,-0.011011,-39.060974
207,5,-0.001938,28.820936
208,8,0.055764,29.788502
209,-2,-0.106361,-97.662926
210,0,0.02473,19.53125
211,11,0.060353,106.35315
212,9,0.022013,-19.72873
213,0,-0.035214,-87.895775
214,1,-0.006603,9.765816
215,7,0.031539,58.589745
216,11,0.022003,39.060974
217,11,0.069685,0.0
218,-4,-0.054312,-146.505836
219,3,-0.054309,68.356705
220,7,0.050485,38.947256
221,4,0.021788,-29.38526
222,4,-0.035431,0.0
223,4,0.021789,0.0
224,4,0.088545,0.0
225,7,-0.044977,29.296303
226,2,0.030747,-48.830986
227,15,0.050331,126.941968
228,-4,-0.092364,-185.561372
229,8,0.031601,117.184067
230,1,-0.007264,-68.361378
231,4,-0.018377,28.755188
232,5,-0.05634,9.953517
233,7,0.067595,19.485771
234,2,0.000728,-48.939481
235,2,-0.027881,0.0
236,5,0.00073,29.296875
237,9,0.038875,39.061356
238,-1,-0.056492,-97.65625
239,5,0.019784,58.596611
240,4,0.000699,-9.766006
241,7,0.010235,29.296589
242,4,0.000699,-29.295445
243,6,0.029309,19.531059
244,5,0.010236,-9.76553
245,2,-0.018375,-29.297161
246,5,0.010236,29.297447
247,6,0.019773,9.765339
248,7,-0.027913,9.766388
249,4,0.000697,-29.295445
250,2,0.000697,-19.531441
251,3,-0.037449,9.766102
252,5,0.010235,19.531059
253,4,0.019394,-9.765625
254,6,-0.019932,19.531441
255,3,0.00868,-29.295731
256,4,0.008831,9.765625
257,8,0.037283,39.061356
258,0,-0.134368,-78.129578
259,-2,0.027787,-19.530869
260,13,0.083404,144.836576
261,6,-0.012074,-69.149462
262,3,-0.02332,-29.296017
263,5,-0.032921,19.531059
264,8,0.060706,29.298019
265,3,-0.015588,-48.829556
266,9,0.070239,58.589173
267,-1,-0.128603,-97.408923
268,3,0.092935,39.163468
269,5,0.007433,19.531822
270,10,0.016233,48.196487
271,-2,-0.032974,-118.746042
272,5,0.024244,68.356705
273,6,0.033781,9.766006
274,2,-0.013667,-39.062881
275,4,-0.004118,19.531441
276,10,0.052998,58.486943
277,-1,-0.061634,-107.618405
278,4,0.024198,48.828125
279,5,0.033734,9.765434
280,8,0.110024,29.296017
281,4,0.110025,-39.06517
282,4,0.100489,0.0
283,12,0.146237,76.14334
284,-5,-0.020216,-170.448279
285,6,0.045703,105.986299
286,7,0.132824,9.899128
287,0,0.056527,-68.362713
288,5,0.084953,48.640025
289,3,0.046732,-19.607266
290,6,0.084317,28.720777
291,4,0.083927,-19.931237
292,4,0.083927,0.0
293,6,0.071916,19.323671
294,2,0.061963,-39.487843
295,3,0.081037,9.765434
296,12,0.09057,87.889767
297,2,0.052423,-97.655296
298,-3,0.014275,-48.828602
299,9,0.081796,117.193222
300,6,0.101654,-29.296875
301,3,0.206556,-29.294872
302,6,-0.041409,29.298592
303,3,0.073028,-29.296589
304,4,0.06349,9.765244
305,11,0.130245,68.356705
306,-2,0.006256,-126.964284
307,4,0.083054,58.593178
308,-2,-0.01213,-58.405529
309,11,0.125099,120.992136
310,4,0.092791,-72.149328
311,1,0.073718,-29.295445
312,10,0.018048,87.895775
313,4,0.08618,-58.592033
314,2,0.057569,-19.532394
315,9,0.152819,68.35537
316,-1,0.019156,-97.660065
317,4,-0.019007,48.826218
318,6,0.123865,19.348722
319,4,0.047893,-19.718032
320,4,0.047893,0.0
321,6,0.124254,19.531441
322,5,0.067885,-9.765148
323,2,0.048986,-29.29945
324,5,0.068059,29.296875
325,7,0.096669,19.529724
326,1,0.096663,-58.596039
327,4,0.003336,29.296875
328,8,0.089978,39.062119
329,5,0.013685,-29.297447
330,2,0.117452,-29.298306
331,4,0.098044,19.531059
332,7,0.050361,29.296017
333,1,0.050357,-58.597756
334,5,0.07899,39.061356
335,8,0.098038,29.295158
336,0,0.069423,-78.131104
337,-1,-0.015388,-9.76572
338,11,0.108719,117.186356
339,5,0.051498,-58.594894
340,3,0.099779,-19.531441
341,6,0.157,29.296589
342,4,0.005145,-19.531441
343,2,0.053094,-19.531631
344,16,0.147535,135.384734
345,-2,0.070657,-177.513042
346,4,0.078681,57.044523
347,4,-0.00715,0.0
348,4,0.040533,0.0
349,3,0.05007,-9.765434
350,5,0.164521,19.531631
351,6,0.107304,9.765244
352,2,-0.016681,-39.064026
353,5,0.069148,29.296875
354,10,0.078684,48.826218
355,-1,0.050072,-107.42712
356,6,0.164513,68.358707
357,3,-0.016249,-29.297447
358,3,0.031572,0.0
359,3,0.060181,0.0
360,9,0.117399,58.591461
361,7,0.08917,-19.531441
362,2,0.071963,-48.18952
363,3,0.053018,9.897364
364,8,0.062557,48.826695
365,0,0.062561,-78.125763
366,5,0.157924,48.825741
367,4,0.015028,-9.596008
368,4,0.024564,0.0
369,4,0.053175,0.0
370,4,0.129472,0.0
371,8,0.158081,39.060211
372,1,-0.01359,-68.362045
373,5,0.081776,39.0625
374,8,0.024563,29.296017
375,-2,0.090905,-97.661019
376,4,0.081196,58.595467
377,10,0.033684,58.590317
378,5,0.119741,-48.830032
379,2,0.005301,-29.296589
380,5,0.129285,29.297161
381,11,0.205576,58.590317
382,-3,-0.061463,-136.728097
383,10,0.11973,126.948166
384,0,0.014829,-97.661019
385,3,0.043441,29.296875
386,4,-0.108961,9.766197
387,6,-0.023119,19.46472
388,3,0.005388,-29.39649
389,5,-0.050002,19.531059
390,4,0.018684,-9.765816
391,6,-0.048074,19.530869
392,7,-0.038538,9.765244
393,10,-0.038538,29.295445
394,-1,-0.009921,-107.42817
395,0,-0.019457,9.765911
396,7,-0.057598,68.362713
397,3,-0.037343,-37.857636
398,5,-0.074856,20.173492
399,5,0.047113,0.0
400,3,0.018523,-19.344979
401,7,-0.066929,39.443064
402,3,-0.057391,-39.0625
403,6,-0.066926,29.296017
404,4,0.037992,-19.532394
405,0,-0.142943,-39.0625
406,7,0.056687,67.446476
407,2,-0.029798,-49.498089
408,15,-0.049704,126.089951
409,-3,-0.050889,-176.996372
410,3,0.063556,58.592033
411,-2,-0.163836,-47.856965
412,10,0.010361,119.621994
413,9,-0.027789,-9.764576
414,0,-0.008714,-87.900926
415,1,-0.056392,9.765625
416,9,0.010362,78.121948
417,6,-0.008711,-29.296017
418,9,-0.046857,29.295731
419,0,-0.007778,-86.949801
420,4,0.030789,39.492911
421,3,-0.093188,-9.765911
422,4,-0.045505,9.765625
423,7,-0.036061,29.200775
424,6,0.002059,-9.797966
425,-3,-0.074178,-87.832299
426,11,0.030815,136.810937
427,3,0.040352,-78.126526
428,10,-0.093603,67.895906
429,2,0.001248,-78.660413
430,2,-0.055597,0.0
431,3,-0.036579,9.643481
432,10,0.011961,69.234954
433,2,-0.088344,-73.414701
434,6,0.008174,40.240639
435,6,0.065394,0.0
436,2,-0.068507,-39.455514
437,1,-0.049516,-9.851052
438,2,-0.039924,9.822314
439,5,-0.010518,30.112017
440,9,0.027628,39.061356
441,6,-0.058033,-29.297161
442,1,-0.03876,-48.829556
443,5,-0.057833,39.062119
444,4,0.027997,-9.766102
445,4,0.018459,0.0
446,6,-0.029098,19.531631
447,5,-0.009969,-9.76553
448,3,-0.105331,-19.53125
449,6,0.066219,29.174365
450,2,-0.038841,-39.22607
451,8,-0.010233,58.591461
452,3,-0.010234,-48.828602
453,3,-0.086524,0.0
454,5,-0.010231,19.530106
455,3,0.037456,-19.531822
456,15,0.008839,117.177201
457,-1,-0.068381,-156.259156
458,2,-0.010809,29.298019
459,7,-0.039418,48.830032
460,1,0.008274,-58.592606
461,5,-0.029877,39.061737
462,7,0.027075,19.258546
463,1,-0.059114,-59.43713
464,-1,-0.107277,-19.530296
465,8,0.073937,87.900067
466,4,0.016718,-39.060593
467,7,-0.058532,29.297161
468,5,-0.058322,-19.514289
469,5,0.027513,0.0
470,0,-0.029705,-48.826218
471,9,-0.001092,87.889767
472,9,-0.039237,0.0
473,5,-0.077383,-39.060974
474,0,0.018001,-48.832894
475,3,-0.034508,14.587963
476,6,-0.043699,29.535408
477,5,-0.024485,-9.710152
478,3,-0.043581,-19.554547
479,5,-0.024539,19.499829
480,7,-0.005403,19.59478
481,0,-0.100961,-68.554863
482,6,0.002135,56.739198
483,3,-0.151417,-30.295074
484,4,0.039093,9.520455
485,4,-0.075345,0.0
486,5,0.000975,9.790292
487,5,-0.027106,0.0
488,8,-0.008217,29.296017
489,4,-0.065393,-39.062881
490,4,-0.017601,0.0
491,3,-0.027138,-9.76572
492,7,-0.017601,39.062119
493,1,-0.112967,-58.593178
494,6,0.030088,48.831463
495,3,-0.055746,-29.296875
496,5,-0.027136,19.530106
497,6,-0.046209,9.766102
498,2,-0.055746,-39.061356
499,4,-0.055746,19.531441
500,8,-0.008062,39.0625
501,1,-0.04621,-68.360043
502,1,-0.07482,0.0
503,7,-0.027136,58.594322
504,10,-0.008063,29.297447
505,5,-0.027136,-48.826218
506,7,0.011012,19.531631
507,0,-0.063782,-66.822586
508,4,-0.044109,39.675848
509,4,-0.034572,0.0
510,6,-0.034688,19.412575
511,4,-0.025408,-19.792966
512,3,-0.044482,-9.765816
513,3,-0.082628,0.0
514,5,0.012743,19.530678
515,6,0.041354,9.766197
516,2,-0.138233,-39.060211
517,7,-0.023019,48.829556
518,3,-0.032557,-39.063263
519,5,-0.032557,19.531059
520,8,-0.032559,29.296017
521,6,-0.003947,-19.531059
522,0,-0.118386,-58.596039
523,4,0.012836,36.962769
524,5,-0.015298,10.353896
525,4,-0.043909,-9.76572
526,6,-0.071903,19.531059
527,2,0.006093,-38.878359
528,5,-0.032086,29.261156
529,6,-0.032029,9.823955
530,3,-0.022494,-29.298878
531,6,-0.012958,29.296589
532,3,-0.098142,-28.741964
533,4,0.016464,9.738236
534,3,-0.040973,-9.986718
535,3,-0.050509,0.0
536,9,-0.021903,58.588601
537,4,-0.031442,-48.832417
538,2,-0.050514,-19.530296
539,8,-0.067655,58.591461
540,1,0.032039,-68.362045
541,6,-0.02378,48.827648
542,2,-0.071596,-39.064026
543,5,0.023775,29.296875
544,4,-0.033262,-9.76572
545,6,0.004959,19.531059
546,4,-0.042162,-19.531441
547,2,-0.041772,-19.531822
548,7,0.005911,48.827171
549,4,-0.041571,-29.297161
550,4,-0.003008,0.0
551,5,-0.003056,9.716379
552,8,-0.060131,29.44554
553,3,-0.01245,-48.830032
554,3,0.035235,0.0
555,3,-0.079212,0.0
556,6,-0.021991,29.297161
557,4,-0.012455,-19.530106
558,3,-0.050605,-9.766388
559,6,0.006615,29.296589
560,6,-0.002921,0.0
561,1,-0.117361,-48.829556
562,4,0.035108,29.163872
563,4,-0.022112,0.0
564,5,0.044461,9.76553
565,4,-0.083232,-9.76572
566,6,0.0063,19.531059
567,1,-0.012775,-48.828125
568,10,-0.012779,87.891483
569,4,-0.012782,-58.594894
570,4,0.006293,0.0
571,3,-0.069998,-9.76572
572,6,0.053983,29.296303
573,2,-0.031846,-39.0625
574,5,-0.022129,29.298306
575,6,0.006663,9.76553
576,2,-0.031483,-39.061737
577,5,-0.021945,29.297733
578,7,0.006664,19.530487
579,1,-0.021949,-58.598328
580,7,0.006656,58.588029
581,1,-0.069639,-58.596039
582,5,0.025734,39.06517
583,3,-0.021949,-19.530106
584,11,0.016196,78.122711
585,5,-0.012417,-58.597183
586,0,-0.031488,-48.827648
587,5,-0.002879,48.827171
588,6,-0.021951,9.765816
589,2,-0.002875,-39.063263
590,-1,-0.069631,-29.296589
591,10,0.006668,107.425022
592,2,0.006674,-78.125
593,5,0.044822,29.297733
594,3,-0.088691,-19.531059
595,6,-0.00286,29.296303
596,3,-0.012397,-29.297733
597,3,-0.041007,0.0
598,7,0.016213,39.0625
599,3,-0.002857,-39.059448
600,11,-0.058768,78.131104
601,4,0.048628,-67.539535
602,2,-0.026387,-19.770269
603,4,-0.007312,19.532967
604,5,0.002224,9.764862
605,6,0.021297,9.76553
606,2,-0.035925,-39.063644
607,5,-0.016849,29.298878
608,6,0.030836,9.765434
609,4,-0.016846,-19.529915
610,3,-0.074065,-9.766102
611,5,0.04973,19.339554
612,3,-0.03629,-19.7262
613,4,0.001858,9.766197
614,6,0.020931,19.530487
615,4,0.001856,-19.532394
616,8,-0.017216,39.061356
617,6,-0.017215,-19.530487
618,-1,-0.036914,-68.361378
619,8,0.038938,87.569934
620,1,-0.07575,-68.613325
621,5,0.038692,39.062881
622,4,-0.018526,-9.765625
623,5,0.000382,9.765148
624,6,0.009918,9.76553
625,2,-0.027869,-38.694075
626,5,0.001019,29.581131
627,6,-0.027589,9.765244
628,2,0.001023,-39.0625
629,-4,-0.094343,-58.592606
630,6,-0.027581,97.660065
631,7,0.077327,9.765434
632,13,0.077325,58.592606
633,4,-0.06573,-87.897492
634,5,-0.008508,9.765148
635,-5,-0.075266,-97.657204
636,10,0.039177,146.487236
637,6,-0.056187,-39.062881
638,6,0.077336,0.0
639,1,-0.094324,-48.83194
640,-2,-0.027562,-29.296303
641,10,0.058273,117.192078
642,5,0.001053,-48.827648
643,4,-0.027493,-9.765816
644,7,0.029824,29.295445
645,-4,-0.094159,-107.42712
646,10,0.048874,136.700061
647,5,-0.016343,-47.251387
648,10,0.023453,50.515766
649,4,-0.062377,-58.594322
650,-4,-0.033763,-78.127289
651,13,0.118821,166.012383
652,0,-0.071926,-126.963044
653,6,0.022262,58.591461
654,5,-0.006975,-9.76572
655,-5,-0.102345,-97.658157
656,13,0.088208,175.78125
657,3,-0.045679,-97.657204
658,6,0.021079,29.296875
659,8,0.011542,19.530487
660,-8,-0.121979,-156.25763
661,11,0.097372,185.552311
662,3,-0.044789,-78.125763
663,7,0.041695,39.061737
664,10,-0.052831,29.294586
665,-4,-0.013511,-136.732103
666,10,0.062785,136.71875
667,2,0.033225,-78.125763
668,-3,-0.131201,-48.750999
669,16,0.059814,185.835428
670,-8,-0.083225,-234.372711
671,14,0.117047,214.84375
672,3,-0.064155,-107.429219
673,6,-0.006937,29.295158
674,9,-0.006938,29.294872
675,-2,-0.026121,-106.593279
676,6,0.011986,78.514506
677,5,0.011959,-9.793744
678,-8,-0.121563,-126.960564
679,20,0.116934,273.421479
680,-4,-0.102384,-234.379578
681,12,0.135759,156.026017
682,2,-0.093357,-97.803337
683,6,0.021084,39.060974
684,7,-0.035684,9.765244
685,-7,-0.09239,-136.726761
686,13,0.098343,195.310593
687,4,0.003237,-87.74581
688,3,-0.073928,-9.781673
689,11,0.074057,78.121948
690,-11,-0.175067,-214.862634
691,12,0.043729,224.047069
692,5,0.015336,-68.52936
693,6,0.034493,9.765625
694,8,0.043975,19.531631
695,-8,-0.138021,-156.251526
696,16,0.052704,234.363556
697,7,-0.004518,-87.892342
698,0,-0.023591,-68.36071
699,8,0.014552,78.121185
700,-7,-0.118971,-146.494389
701,12,0.06041,183.686689
702,6,-0.016472,-59.195533
703,2,-0.045082,-39.062119
704,11,0.059819,87.887192
705,-7,-0.140336,-175.784683
706,9,0.050567,156.259156
707,6,-0.03526,-29.295731
708,3,-0.016186,-29.296589
709,2,-0.025681,-9.722803
710,8,0.012144,58.262043
711,3,-0.016953,-49.326204
712,9,-0.074164,58.593178
713,4,0.030749,-48.828602
714,8,0.040284,39.061356
715,-6,-0.140925,-136.728097
716,11,0.074048,161.540143
717,-2,-0.091616,-130.578463
718,9,-0.005525,107.415581
719,6,0.02391,-29.294872
720,-6,-0.07147,-117.20009
721,14,0.033417,195.304871
722,1,-0.05242,-126.958084
723,5,-0.042885,39.061737
724,13,0.052462,78.120423
725,-12,-0.185982,-244.166854
726,13,0.100116,244.138241
727,5,-0.055907,-71.877162
728,3,-0.076626,-21.216332
729,17,0.096037,137.745113
730,-10,-0.113777,-263.682175
731,11,0.072252,205.082131
732,3,-0.031815,-77.029733
733,4,-0.012659,9.906188
734,14,0.101798,97.648621
735,-6,-0.10769,-195.015406
736,7,-0.002648,127.158018
737,3,0.026171,-39.044198
738,4,-0.019697,9.770491
739,3,0.000411,-9.704592
740,0,-0.037678,-29.48287
741,12,0.076764,117.188644
742,2,-0.028165,-97.657204
743,4,-0.009091,19.531631
744,17,0.086261,126.93701
745,-8,-0.114033,-244.164469
746,9,0.048091,166.015625
747,3,0.000408,-58.593178
748,3,-0.037738,0.0
749,4,0.028905,9.649064
750,6,0.000524,19.769879
751,3,0.000523,-29.298306
752,7,0.019596,39.060974
753,2,-0.037624,-48.827171
754,10,0.076816,78.125
755,-1,-0.047162,-107.421875
756,-1,-0.085309,0.0
757,9,0.076819,97.659111
758,3,0.019598,-58.59375
759,10,0.029131,68.356037
760,2,-0.075778,-78.129578
761,7,0.019586,48.826218
762,0,-0.06625,-68.364716
763,8,0.075299,78.124237
764,3,-0.010763,-48.45149
765,2,-0.020374,-9.842326
766,5,-0.010723,29.296017
767,5,0.008607,0.0
768,4,0.008607,-9.765625
769,10,0.065827,58.593178
770,-2,-0.067688,-117.188644
771,7,0.008603,87.888908
772,2,-0.000785,-48.673643
773,5,-0.019767,29.391594
774,12,0.08513,68.351365
775,-4,-0.086554,-156.272892
776,7,-0.010259,107.421875
777,8,0.018351,9.764862
778,0,0.001661,-75.685904
779,11,0.072873,109.883523
780,-2,-0.06227,-128.032146
781,6,0.023674,78.241139
782,9,0.031673,27.722077
783,-2,-0.041578,-113.888141
784,12,0.063356,136.71341
785,-2,-0.079762,-136.728097
786,3,-0.003465,48.829079
787,-12,-0.175126,-146.484375
788,24,0.196238,351.535036
789,7,0.024599,-166.020489
790,-4,-0.070561,-107.430268
791,6,0.024805,97.654343
792,5,-0.041947,-9.765244
793,9,0.043887,39.061356
794,9,0.062959,0.0
795,-21,-0.275039,-287.518809
796,20,0.190314,408.159202
797,5,-0.000422,-146.485806
798,5,0.037726,0.0
799,10,0.056796,48.823834
800,-1,-0.038579,-107.429219
801,3,-0.019502,39.065552
802,7,0.037541,38.880627
803,5,0.037453,-19.621694
804,7,0.008843,19.530678
805,-2,-0.048384,-87.897492
806,6,0.027909,78.123474
807,0,-0.0388,-58.59375
808,11,0.037344,107.417679
809,4,0.018268,-68.364048
810,5,0.027805,9.765339
811,2,-0.000806,-29.297733
812,6,0.008498,38.824774
813,6,0.02757,0.0
814,16,0.132464,97.644807
815,-7,-0.115512,-224.631312
816,2,-0.029747,87.823728
817,3,0.027483,9.77412
818,6,0.027611,29.2943
819,5,0.018074,-9.76553
820,2,-0.020076,-29.299736
821,4,0.008535,19.53125
822,9,0.03714,48.823357
823,-2,-0.020086,-107.42817
824,11,0.017175,126.047161
825,3,-0.002449,-78.689815
826,4,0.007088,9.765816
827,4,0.016625,0.0
828,4,-0.011985,0.0
829,6,0.045282,19.578284
830,3,-0.01194,-29.296589
831,3,-0.021477,0.0
832,10,0.083424,68.356705
833,-2,-0.05963,-117.189789
834,-1,-0.069166,9.765434
835,11,0.102502,117.189789
836,6,-0.002399,-48.830032
837,1,0.007247,-48.718698
838,7,0.026444,58.722205
839,3,0.007369,-39.062119
840,9,-0.011701,58.594322
841,7,0.02645,-19.530678
842,1,0.01691,-58.596611
843,2,-0.021236,9.765816
844,5,-0.002161,29.298592
845,5,0.035986,0.0
846,3,0.045522,-19.532013
847,4,-0.049848,9.765816
848,7,0.055055,29.296303
849,2,-0.021239,-48.828125
850,5,0.026446,29.298878
851,8,0.026444,29.294586
852,0,-0.021243,-78.129578
853,5,0.026042,48.419585
854,4,-0.021723,-9.848336
855,3,0.006963,-9.685699
856,9,-0.011641,59.081286
857,5,0.016167,-39.064407
858,5,0.035474,0.0
859,0,-0.031286,-48.829079
860,7,0.025932,68.356037
861,6,0.006858,-9.766197
862,1,-0.002677,-48.828125
863,5,0.006856,39.060974
864,4,-0.012218,-9.766102
865,3,-0.002682,-9.765434
866,11,0.08295,77.921825
867,-2,-0.060245,-127.292489
868,7,0.044681,87.718443
869,1,-0.02219,-58.710138
870,6,0.006419,48.826218
871,6,0.025494,0.0
872,8,0.006018,19.118631
873,3,-0.02353,-49.787904
874,3,0.043229,0.0
875,4,-0.032752,9.765434
876,5,0.043791,9.765911
877,2,-0.022797,-29.123103
878,10,0.063494,78.596271
879,0,-0.041407,-97.653389
880,4,-0.013433,38.411308
881,7,0.053364,29.706206
882,3,-0.013423,-38.808953
883,-6,-0.109631,-88.752145
884,14,0.119252,195.314407
885,4,0.081097,-97.66388
886,4,-0.014274,0.0
887,7,0.004798,29.295158
888,4,-0.081029,-29.294014
889,3,-0.00473,-9.767056
890,11,0.062019,78.115846
891,-4,0.015691,-145.097167
892,5,-0.040691,88.752145
893,3,-0.021617,-19.530869
894,5,-0.01208,9.765673
895,5,0.035607,0.0
896,6,0.073754,9.765816
897,2,-0.077812,-38.011613
898,6,0.009101,40.171936
899,5,0.009101,-9.766102
900,3,-0.038582,-19.532013
901,3,0.066327,0.0
902,4,-0.057632,9.765434
903,3,-0.021023,-9.763909
904,11,0.00595,78.136446
905,3,-0.010221,-75.15336
906,5,0.085934,20.335123
907,1,-0.114335,-39.063263
908,5,0.0478,39.063263
909,13,0.066875,78.124237
910,1,-0.038029,-117.1875
911,3,0.076415,19.532776
912,6,-0.066637,29.296303
913,5,0.019403,-9.552376
914,-5,-0.106515,-99.643277
915,4,-0.039556,88.097103
916,10,0.170098,58.42771
917,1,-0.097183,-88.143694
918,9,0.055408,78.127289
919,9,0.017262,0.0
920,6,-0.039958,-29.298306
921,1,0.046453,-48.24718
922,5,-0.048449,39.539366
923,4,0.01831,-9.764957
924,10,0.123142,58.597183
925,6,-0.096482,-39.059067
926,2,0.094247,-39.066697
927,7,-0.070268,46.380038
928,7,0.034643,0.0
929,-2,-0.079805,-87.899209
930,5,-0.041656,68.358707
931,-6,-0.042464,-107.420826
932,15,0.081137,205.082131
933,11,0.052658,-38.9556
934,7,0.138391,-39.169988
935,5,-0.147696,-19.531631
936,6,0.090727,9.765148
937,13,0.005117,68.361378
938,4,0.014799,-87.888908
939,-2,-0.080569,-58.596039
940,7,-0.004272,87.8932
941,-4,0.024442,-107.323356
942,11,-0.027478,142.145064
943,3,-0.020557,-80.658984
944,11,0.065294,78.129578
945,1,-0.106356,-97.647668
946,9,0.179542,77.896787
947,5,-0.077515,-39.179196
948,3,-0.029665,-19.530487
949,2,-0.048738,-9.766006
950,7,-0.020127,48.830032
951,2,0.084779,-48.828125
952,11,-0.058266,87.885475
953,2,-0.058268,-87.894058
954,5,0.0371,29.295731
955,1,-0.07734,-39.06517
956,10,0.151549,87.88805
957,6,-0.06598,-39.062881
958,5,-0.017708,-9.765625
959,0,-0.027247,-48.830032
960,-1,-0.122611,-9.764957
961,10,0.153516,106.969553
962,6,-0.037393,-39.231841
963,2,-0.046932,-39.063644
964,12,0.077037,97.647668
965,-1,-0.0373,-126.804526
966,5,-0.036984,58.586312
967,6,0.020736,9.778325
968,5,-0.045714,-9.451528
969,-2,-0.065127,-68.706935
970,7,-0.014947,90.444989
971,5,0.099503,-19.530678
972,1,-0.096132,-38.790512
973,9,0.108222,78.680528
974,8,-0.005979,-9.526713
975,12,0.061261,39.558918
976,-3,0.030937,-148.252108
977,5,-0.083452,78.170803
978,5,0.04053,0.0
979,3,-0.016691,-19.532585
980,5,-0.073908,19.530106
981,12,0.230716,67.767731
982,-1,-0.132771,-128.072509
983,2,-0.034115,29.146588
984,9,0.053707,68.71368
985,3,-0.138032,-58.596039
986,4,0.129006,9.765244
987,7,-0.042659,29.296875
988,1,-0.024284,-58.21343
989,4,-0.005158,29.491275
990,4,-0.100518,0.0
991,5,0.099464,9.765625
992,4,-0.034135,-9.64683
993,4,0.003994,0.0
994,7,0.023062,29.296017
995,1,-0.024686,-58.598328
996,6,0.051581,48.613542
997,8,-0.043705,19.61669
998,0,-0.02463,-78.125
999,-7,-0.110462,-68.360043
1000,19,0.013544,253.918648
1001,4,0.108936,-146.482945
1002,7,-0.02458,29.295731
1003,2,-0.015044,-48.828602
1004,4,0.00403,19.531631
1005,4,-0.005393,0.0
1006,6,-0.005966,19.182996
1007,5,0.012933,-9.945795
1008,0,-0.072898,-48.829556
1009,5,0.02247,48.829556
1010,2,-0.082434,-29.296589
1011,6,0.060555,38.998518
1012,4,0.041451,-19.562198
1013,6,-0.034845,19.532394
1014,1,-0.025308,-48.828125
1015,5,-0.053915,39.0625
1016,10,0.070067,48.828125
1017,6,-0.012829,-36.059101
1018,-1,-0.009863,-65.327759
1019,10,0.02793,116.823671
1020,5,0.028454,-47.914291
1021,2,0.01033,-28.40156
1022,3,-0.007867,10.662459
1023,6,0.021202,29.766039
1024,2,-0.00741,-39.064407
1025,4,-0.045557,19.530869
1026,7,0.097495,29.296589
1027,2,-0.036019,-48.829079
1028,7,0.059198,48.828125
1029,2,-0.017188,-48.827648
1030,5,-0.055508,29.111799
1031,4,0.087504,-9.82801
1032,8,0.020747,39.062119
1033,7,0.001674,-9.765339
1034,0,0.008823,-68.365384
1035,4,-0.06034,39.060211
1036,8,0.10284,39.064407
1037,1,-0.040327,-68.362045
1038,6,-0.019718,48.825741
1039,3,0.062953,-29.232928
1040,2,-0.080114,-9.787417
1041,6,0.091556,39.061737
1042,6,0.043871,0.0
1043,5,0.177385,-9.766102
1044,2,-0.194522,-29.297161
1045,3,-0.022855,9.76572
1046,7,0.120204,39.0625
1047,1,-0.032383,-58.594322
1048,3,-0.003774,19.529915
1049,11,0.034378,78.128815
1050,2,-0.051454,-87.891483
1051,5,0.257287,28.631965
1052,5,-0.141306,0.0
1053,5,0.001747,0.0
1054,3,-0.017048,-19.245574
1055,4,-0.055047,9.912178
1056,6,0.068937,19.531059
1057,6,0.030787,0.0
1058,1,-0.054868,-48.830509
1059,5,0.002441,39.0625
1060,4,-0.026169,-9.765911
1061,4,0.059668,0.0
1062,4,-0.016624,0.0
1063,5,0.050133,9.765244
1064,8,-0.026155,29.298878
1065,5,0.011998,-29.294586
1066,3,-0.016613,-19.532776
1067,5,0.031071,19.531059
1068,2,-0.035455,-29.297733
1069,6,0.002692,39.062119
1070,3,-0.121274,-29.296303
1071,4,0.10763,9.766006
1072,6,0.040938,19.531059
1073,2,-0.006755,-39.062881
1074,5,-0.006754,29.295158
1075,7,0.021829,19.503252
1076,-4,-0.054565,-107.526882
1077,12,0.07903,156.332441
1078,2,-0.064013,-97.652435
1079,3,0.050426,9.756573
1080,9,-0.01539,58.6516
1081,6,0.032845,-29.296589
1082,3,-0.005,-28.987748
1083,3,-0.005,0.0
1084,5,0.014074,19.532013
1085,5,-0.005045,0.0
1086,2,-0.005047,-29.298019
1087,-4,-0.062266,-58.592606
1088,15,0.052179,185.548687
1089,0,0.023564,-146.491528
1090,8,0.090321,78.124237
1091,3,-0.071806,-48.828125
1092,7,0.013995,39.030102
1093,3,0.023393,-39.094952
1094,3,-0.033953,0.0
1095,7,0.042339,39.060593
1096,10,0.013726,29.294872
1097,1,-0.053034,-87.8932
1098,2,0.013727,9.766388
1099,5,0.0328,29.296875
1100,4,-0.005348,-9.76553
1101,4,-0.005348,0.0
1102,7,0.042172,29.129324
1103,1,-0.024917,-58.933886
1104,5,-0.015379,39.063263
1105,6,0.041841,9.76572
1106,5,0.003693,-9.764957
1107,2,-0.053527,-29.298878
1108,4,0.04105,18.717829
1109,5,0.003736,10.20929
1110,4,0.003816,-9.766006
1111,6,0.032347,19.529915
1112,7,-0.015813,9.76572
1113,5,0.003262,-19.532204
1114,4,-0.006,-9.483797
1115,2,0.022142,-20.011607
1116,7,0.003345,49.107713
1117,3,-0.025266,-39.064407
1118,3,0.022417,0.0
1119,4,-0.00619,9.766674
1120,5,0.012883,9.765434
1121,6,0.031956,9.76553
1122,3,-0.07275,-29.297733
1123,3,0.051559,0.0
1124,7,0.004044,39.063263
1125,2,0.013695,-48.827171
1126,-4,-0.090813,-58.190282
1127,12,0.062843,157.344033
1128,8,0.006027,-39.061356
1129,6,0.035574,-19.531822
1130,7,0.044949,9.60043
1131,2,-0.013107,-49.684503
1132,2,-0.022644,0.0
1133,6,0.043913,39.031245
1134,5,-0.042385,-9.773069
1135,4,0.043442,-9.76572
1136,-2,-0.051289,-58.593178
1137,9,0.024606,107.421875
1138,4,0.014975,-48.670327
1139,4,0.101647,0.0
1140,4,-0.089089,0.0
1141,7,0.034895,29.296017
1142,2,-0.012788,-48.827648
1143,7,0.006287,48.828125
1144,6,0.025358,-9.765434
1145,4,0.015822,-19.531441
1146,2,-0.079536,-19.53125
1147,5,0.090579,29.100503
1148,2,-0.024899,-29.496785
1149,6,0.032321,39.061737
1150,5,0.013247,-9.76553
1151,12,0.079407,67.748055
1152,-4,-0.084113,-157.678966
1153,8,0.067448,117.186356
1154,0,-0.047835,-77.877829
1155,5,0.009539,48.98503
1156,6,0.03815,9.76572
1157,3,0.00954,-29.296589
1158,4,0.00954,9.765911
1159,1,-0.009535,-29.296589
1160,9,-0.010141,77.515624
1161,4,0.016503,-47.870252
1162,4,-0.003356,0.0
1163,14,0.127314,94.742726
1164,-7,-0.114252,-208.30027
1165,5,-0.074321,119.013379
1166,4,0.030583,-9.765816
1167,2,-0.007564,-19.530106
1168,8,0.021049,58.596611
1169,3,-0.017304,-48.825741
1170,6,0.108616,29.298019
1171,5,0.01309,-9.720913
1172,2,-0.072711,-29.432252
1173,6,0.051513,39.061356
1174,4,-0.043857,-19.53125
1175,2,-0.062931,-19.532013
1176,3,-0.024783,9.765244
1177,9,0.079553,58.592606
1178,2,-0.025823,-68.365384
1179,6,0.020991,38.172674
1180,5,-0.045996,-9.998
1181,2,-0.035871,-28.691386
1182,8,0.060738,59.861719
1183,5,-0.013164,-29.296017
1184,1,-0.051312,-39.063263
1185,5,0.072674,39.061737
1186,6,0.015454,9.766006
1187,2,0.082212,-39.060593
1188,5,-0.089453,29.296875
1189,4,-0.060947,-9.765625
1190,7,0.005916,29.298306
1191,-7,-0.10852,-136.714745
1192,22,0.158506,283.200359
1193,-1,-0.127604,-224.615956
1194,2,-0.013257,29.203333
1195,5,0.07267,29.392458
1196,4,-0.022503,-9.563795
1197,5,0.092047,9.976157
1198,6,-0.03723,9.765625
1199,4,0.022466,-19.530487
1200,2,-0.072906,-19.531822
1201,0,0.003379,-19.531631
1202,14,0.06082,136.71608
1203,0,-0.034437,-136.72142
1204,5,0.031439,47.926232
1205,3,0.021537,-19.906043
1206,-2,-0.07383,-48.825741
1207,10,0.088302,117.195511
1208,10,0.002477,0.0
1209,6,0.050164,-39.061737
1210,0,-0.035667,-58.595467
1211,4,0.040582,39.013352
1212,9,0.002493,48.884935
1213,1,-0.03566,-78.131104
1214,-7,-0.101684,-77.373929
1215,15,0.157871,216.953966
1216,-3,-0.004247,-175.774384
1217,12,0.034344,146.487236
1218,4,-0.003638,-78.125
1219,6,0.053584,19.53125
1220,8,-0.022701,19.531441
1221,0,0.024841,-78.121185
1222,5,0.015314,48.830986
1223,0,-0.041919,-48.829079
1224,12,0.081524,116.954505
1225,4,0.072177,-78.277886
1226,-5,-0.101979,-87.891483
1227,11,0.069681,156.25
1228,4,0.040801,-68.364048
1229,6,-0.016962,19.531059
1230,2,-0.045807,-39.063644
1231,1,-0.093975,-9.764862
1232,10,0.136639,87.896634
1233,2,-0.015994,-78.125763
1234,4,0.00308,19.53125
1235,10,0.078624,57.825194
1236,-6,-0.095084,-158.346859
1237,11,0.000468,165.612914
1238,5,0.068176,-58.739451
1239,1,0.001566,-39.062119
1240,10,0.020291,87.88805
1241,9,0.068039,-9.702521
1242,2,-0.008694,-68.808918
1243,0,-0.056378,-19.531631
1244,5,0.048155,48.828125
1245,4,0.009818,-9.76572
1246,4,0.009818,0.0
1247,4,0.000281,0.0
1248,5,0.019206,9.731792
1249,5,0.019206,0.0
1250,6,0.000144,9.777274
1251,2,0.019272,-39.01183
1252,4,-0.009103,19.557798
1253,-2,-0.085475,-58.588601
1254,10,0.105264,117.192078
1255,4,0.114802,-58.593178
1256,7,-0.104555,29.297447
1257,7,0.038495,0.0
1258,5,-0.009186,-19.530106
1259,2,0.009887,-29.297733
1260,7,0.038496,48.827648
1261,4,0.009887,-29.296017
1262,4,-0.008847,0.0
1263,2,-0.018269,-19.594588
1264,4,0.0482,19.235023
1265,5,0.009701,9.406364
1266,5,0.038311,0.0
1267,4,-0.00926,-9.713547
1268,5,0.019445,9.831005
1269,3,-0.018705,-19.533158
1270,5,0.048052,19.531631
1271,4,0.00037,-9.764671
1272,10,0.00991,58.597756
1273,7,0.016513,-29.297733
1274,-2,-0.004106,-86.442045
1275,5,-0.050295,69.526524
1276,4,-0.01304,-9.764862
1277,5,0.024233,9.766102
1278,6,0.023357,9.765244
1279,2,-0.043759,-38.961292
1280,5,0.023077,29.37634
1281,4,-0.005531,-9.764195
1282,6,-0.015066,19.532585
1283,2,-0.005529,-39.063263
1284,5,-0.024602,29.297447
1285,5,0.023081,0.0
1286,3,-0.024421,-19.530296
1287,2,-0.024361,-9.766102
1288,11,0.023318,87.884617
1289,4,-0.033908,-68.364048
1290,5,0.042392,9.765625
1291,3,-0.014824,-19.529534
1292,-6,-0.138811,-87.89835
1293,13,0.109152,185.552311
1294,4,-0.024359,-87.889767
1295,5,0.013669,9.70789
1296,5,0.023227,0.0
1297,6,-0.005382,9.766674
1298,-6,-0.119814,-117.178345
1299,14,0.080466,195.32013
1300,4,0.013886,-97.474437
1301,5,0.013904,9.783874
1302,2,-0.052855,-29.298878
1303,4,0.023439,19.530678
1304,8,0.042458,39.005363
1305,-2,-0.129008,-97.452589
1306,13,0.100372,146.993973
1307,0,-0.051579,-126.965524
1308,5,-0.003895,48.828125
1309,7,0.015126,19.477231
1310,1,-0.023461,-58.758434
1311,8,0.033612,68.354702
1312,1,-0.052225,-68.365384
1313,4,-0.023615,29.295731
1314,5,0.033608,9.766006
1315,4,-0.014076,-9.765816
1316,11,0.06221,68.350698
1317,-2,-0.06178,-126.965524
1318,4,-0.004559,58.594322
1319,6,0.004978,19.531631
1320,5,-0.033142,-9.736624
1321,12,0.062416,68.556878
1322,-3,-0.05938,-144.251575
1323,4,-0.014072,65.926407
1324,5,0.024581,10.282459
1325,4,-0.023124,-9.787034
1326,4,0.005486,0.0
1327,7,0.025335,30.09178
1328,2,-0.041434,-48.841003
1329,4,0.015775,19.519241
1330,6,0.00625,19.541937
1331,11,0.034885,48.825741
1332,-4,-0.003174,-146.500112
1333,2,-0.098621,58.595467
1334,6,0.034596,38.761192
1335,4,0.005845,-19.684264
1336,17,0.072537,126.944447
1337,-3,-0.089589,-195.314407
1338,3,-0.004057,58.597756
1339,7,0.034088,39.05983
1340,3,-0.023136,-39.064789
1341,11,0.053148,78.11432
1342,-4,-0.061309,-146.501543
1343,4,0.071742,77.651056
1344,4,-0.109458,0.0
1345,6,0.052673,19.531059
1346,12,0.033596,58.589745
1347,-4,-0.071327,-156.269839
1348,5,-0.02361,87.892342
1349,5,0.014569,0.0
1350,4,0.005053,-9.744024
1351,9,0.014693,48.932297
1352,2,-0.080678,-68.365384
1353,4,0.024229,19.53125
1354,3,0.005154,-9.76572
1355,4,-0.01392,9.765053
1356,13,0.081443,87.886334
1357,-3,-0.071158,-156.263734
1358,2,-0.051921,48.827648
1359,8,0.06285,58.592033
1360,5,-0.003909,-29.297733
1361,1,-0.05132,-38.783742
1362,4,-0.012991,29.484319
1363,4,0.015621,0.0
1364,5,0.00688,9.766293
1365,6,0.006446,9.765148
1366,7,0.02552,9.765625
1367,-3,-0.088925,-97.661019
1368,13,0.054115,156.237794
1369,2,-0.031721,-107.42817
1370,5,0.006151,29.297447
1371,8,0.054302,29.295445
1372,-25,-0.30837,-322.268772
1373,33,0.281369,564.828701
1374,1,-0.024679,-313.393662
1375,3,-0.015143,19.531441
1376,8,0.022999,48.823357
1377,0,-0.06284,-78.134156
1378,6,0.02299,58.592033
1379,2,-0.015156,-39.060974
1380,-5,-0.120065,-68.363381
1381,17,0.137408,214.824869
1382,-2,0.013022,-185.561372
1383,3,-0.09295,48.828125
1384,12,0.031025,87.889767
1385,3,-0.035732,-87.891483
1386,8,0.002572,48.824311
1387,5,0.022482,-29.296589
1388,-2,-0.044282,-68.366719
1389,6,-0.006107,78.121948
1390,3,-0.025175,-29.298019
1391,3,-0.015638,0.0
1392,5,0.060656,19.531631
1393,6,-0.034712,9.765434
1394,4,-0.006255,-19.530869
1395,3,-0.015792,-9.765816
1396,5,0.003282,19.531822
1397,6,-0.015791,9.765434
1398,2,-0.006254,-39.062119
1399,9,0.012815,68.35537
1400,3,-0.034872,-58.597183
1401,4,-0.006279,9.747919
1402,3,0.00324,-9.783874
1403,-3,-0.082319,-58.512039
1404,13,0.099274,156.454736
1405,2,-0.043787,-107.433416
1406,5,-0.005789,29.144889
1407,7,-0.052777,19.632287
1408,3,0.101206,-0.000197
1409,3,-0.013234,0.0
1410,4,0.072023,9.424538
1411,4,0.024186,0.0
1412,2,0.014649,-0.000197
1413,2,0.043259,0.0
1414,8,0.090945,58.596611
1415,2,0.062335,-58.592606
1416,10,0.061309,76.465022
1417,5,0.059317,-49.91066
1418,3,0.040243,-19.531441
1419,-5,-0.128577,-78.128815
1420,11,0.227422,156.242371
1421,6,0.063551,-48.790484
1422,2,0.034911,-39.092659
1423,10,0.130275,78.121948
1424,2,-0.003249,-78.131867
1425,3,0.053969,9.765339
1426,4,0.034868,9.738331
1427,11,0.111303,68.549493
1428,1,0.140045,-0.000493
1429,4,0.130508,29.294872
1430,4,0.149582,0.000197
1431,4,0.168656,0.0
1432,-4,-0.479313,-653.755005
1433,14,-0.341584,199.627362
1434,2,-0.389264,-117.189789
1435,7,-0.378862,48.824787
1436,2,-0.416784,-48.830986
1437,-1,-0.628334,-245.318505
1438,6,-0.610976,77.636307
1439,13,-0.582366,0.000888
1440,-3,-0.696952,-156.399679
1441,5,-0.658803,78.126526
1442,5,-0.66834,0.0
1443,7,-0.611098,19.555695
1444,2,-0.687393,-48.829079
1445,5,-0.649247,29.296017
1446,5,-0.677858,0.0
1447,3,-0.56344,-19.550533
1448,7,-0.801858,39.060593
1449,7,-0.582506,0.0
1450,-1,-0.685979,-76.752598
1451,5,-0.65642,59.660532
1452,4,-0.656618,-9.766006
1453,5,-0.656823,9.765625
1454,3,-0.685434,-19.531441
1455,7,-0.628216,39.060211
1456,1,-0.666368,-58.5989
1457,6,-0.599613,48.825264
1458,6,-0.733125,0.0
1459,7,-0.590071,9.765339
1460,-6,-0.760852,-126.953125
1461,13,-0.560453,185.30258
1462,3,-0.608266,-97.786122
1463,5,-0.703641,19.531059
1464,7,-0.684567,19.532204
1465,6,-0.655957,-9.765244
1466,-1,-0.665492,-68.359375
1467,9,-0.608226,97.653389
1468,4,-0.703649,-48.828125
1469,2,-0.646425,-19.533539
1470,3,-0.561328,9.764957
1471,5,-0.754124,19.531441
1472,3,-0.601543,-19.53125
1473,7,-0.706449,39.062881
1474,1,-0.687377,-58.594894
1475,11,-0.611084,97.655296
1476,2,-0.715987,-87.888908
1477,5,-0.611085,29.298019
1478,7,-0.639822,19.4041
1479,3,-0.630536,-39.319768
1480,-2,-0.792434,-48.829079
1481,13,-0.572949,146.474362
1482,-1,-0.620372,-136.452242
1483,5,-0.715622,58.713585
1484,3,-0.667934,-19.530869
1485,8,-0.639324,48.827648
1486,1,-0.667938,-68.364716
1487,5,-0.620257,39.060593
1488,8,-0.677561,29.217269
1489,1,-0.668208,-68.548821
1490,3,-0.668209,19.531059
1491,9,-0.667459,58.592606
1492,3,-0.567801,-56.297325
1493,4,-0.71959,10.181019
1494,4,-0.662228,0.0
1495,7,-0.595472,29.295445
1496,1,-0.738523,-58.596039
1497,13,-0.614617,117.177201
1498,-2,-0.690483,-146.49582
1499,3,-0.623726,48.827648
1500,4,-0.661873,9.76572
1501,5,-0.642799,9.76572
1502,3,-0.661874,-19.532013
1503,7,-0.623921,38.863628
1504,3,-0.671766,-39.261877
1505,4,-0.662229,9.765816
1506,2,-0.69085,-19.530869
1507,12,-0.557633,97.40323
1508,0,-0.691478,-117.499608
1509,-7,-0.701017,-68.356705
1510,15,-0.605644,214.854241
1511,6,-0.634253,-87.888908
1512,6,-0.662864,0.0
1513,5,-0.672401,-9.765911
1514,3,-0.672338,-19.466425
1515,4,-0.634159,9.797966
1516,5,-0.672305,9.765911
1517,8,-0.615086,29.296017
1518,-1,-0.700916,-87.889767
1519,1,-0.662707,19.531441
1520,7,-0.624271,58.594322
1521,5,-0.652531,-19.532585
1522,6,-0.643322,9.430493
1523,4,-0.653612,-20.250909
1524,7,-0.634688,29.20902
1525,2,-0.663374,-48.90693
1526,3,-0.672897,9.779377
1527,9,-0.606507,58.219078
1528,2,-0.730813,-68.691428
1529,2,-0.702202,0.0
1530,8,-0.560581,58.577161
1531,2,-0.685621,-58.514321
1532,8,-0.618771,58.690038
1533,3,-0.675993,-48.829079
1534,0,-0.714139,-29.296589
1535,6,-0.61887,58.594322
1536,6,-0.647558,0.0
1537,5,-0.647559,-9.76572
1538,3,-0.685708,-19.531822
1539,6,-0.618952,29.294872
1540,8,-0.628489,19.531059
1541,1,-0.695251,-68.363381
1542,7,-0.61896,58.590889
1543,3,-0.647573,-39.065552
1544,3,-0.733398,0.0
1545,6,-0.638026,29.296875
1546,3,-0.676174,-29.297733
1547,6,-0.628493,29.296017
1548,-6,-0.657096,-117.188644
1549,11,-0.676167,166.023732
1550,4,-0.656972,-68.234101
1551,6,-0.647345,19.566408
1552,5,-0.656881,-9.76553
1553,5,-0.666419,0.0
1554,1,-0.590135,-39.063644
1555,13,-0.666441,117.182923
1556,3,-0.666622,-97.659111
1557,2,-0.685713,-9.76572
1558,3,-0.647563,9.766293
1559,5,-0.647564,19.530296
1560,7,-0.666581,19.531822
1561,4,-0.600023,-29.296875
1562,3,-0.753107,-9.764385
1563,6,-0.600505,29.299164
1564,1,-0.693322,-46.216701
1565,5,-0.671908,41.405296
1566,8,-0.585918,29.295158
1567,0,-0.727828,-76.961558
1568,4,-0.622331,39.663652
1569,5,-0.641504,9.662583
1570,3,-0.670289,-19.709482
1571,8,-0.613648,48.234613
1572,5,-0.709412,-29.711796
1573,6,-0.576032,9.615754
1574,1,-0.681637,-49.545666
1575,7,-0.643431,58.65504
1576,5,-0.652914,-19.447686
1577,3,-0.739005,-19.600157
1578,3,-0.598134,0.0
1579,4,-0.652979,9.765816
1580,5,-0.653484,9.765244
1581,3,-0.662999,-19.531059
1582,8,-0.615314,48.829556
1583,0,-0.720996,-78.126526
1584,5,-0.625615,48.829079
1585,6,-0.635141,9.765053
1586,2,-0.692374,-39.06517
1587,-4,-0.797275,-58.592033
1588,14,-0.482545,175.782967
1589,-1,-0.682818,-146.484375
1590,15,-0.568085,156.248474
1591,2,-0.672838,-126.951885
1592,2,-0.796807,0.0
1593,5,-0.57746,29.297733
1594,3,-0.653757,-19.530869
1595,6,-0.663291,29.296589
1596,1,-0.672827,-48.829079
1597,4,-0.720515,29.282005
1598,5,-0.567975,9.699133
1599,3,-0.663022,-19.676905
1600,6,-0.63441,29.298306
1601,7,-0.643948,9.764481
1602,-4,-0.806081,-107.434465
1603,11,-0.510431,146.475792
1604,4,-0.66275,-68.082789
1605,7,-0.63606,27.331365
1606,9,-0.60959,17.361111
1607,3,-0.725154,-69.405886
1608,4,-0.648696,9.928318
1609,-1,-0.71059,-43.84811
1610,4,-0.645451,56.936584
1611,6,-0.635912,19.532204
1612,3,-0.750349,-29.296303
1613,6,-0.56926,29.171245
1614,4,-0.636099,-19.61592
1615,4,-0.693318,0.0
1616,3,-0.674244,-9.765625
1617,6,-0.607758,29.297733
1618,0,-0.69298,-57.783428
1619,10,-0.597256,98.021918
1620,4,-0.664606,-59.200789
1621,7,-0.645676,29.149703
1622,3,-0.692307,-37.98418
1623,3,-0.596935,0.0
1624,9,-0.692292,58.591461
1625,2,-0.654141,-68.361378
1626,-3,-0.730315,-48.704461
1627,10,-0.634631,127.276287
1628,4,-0.377137,-58.594894
1629,5,-0.91919,9.765434
1630,4,-0.622636,-9.72233
1631,6,-0.62255,19.619576
1632,4,-0.689303,-19.53125
1633,3,-0.622537,-9.765625
1634,7,-0.641608,39.062881
1635,4,-0.632074,-29.297447
1636,3,-0.574849,-9.76572
1637,4,-0.775102,9.765816
1638,5,-0.584429,9.68842
1639,4,-0.641545,-9.658663
1640,10,-0.66905,59.724669
1641,-1,-0.688127,-107.42712
1642,4,-0.688394,48.551231
1643,8,-0.621418,39.287328
1644,2,-0.611871,-58.591461
1645,10,-0.612107,77.880862
1646,-3,-0.707867,-127.356088
1647,6,-0.622037,87.889767
1648,3,-0.669721,-29.297447
1649,4,-0.669721,9.76572
1650,5,-0.641111,9.76572
1651,6,-0.622037,9.765911
1652,4,-0.660184,-19.530678
1653,7,-0.641111,29.296589
1654,3,-0.641113,-39.064407
1655,3,-0.707866,0.0
1656,9,-0.593427,58.589173
1657,0,-0.685481,-84.515772
1658,4,-0.636258,40.620684
1659,6,-0.560013,19.562581
1660,5,-0.722338,-9.76572
1661,2,-0.646034,-29.298306
1662,5,-0.646915,28.243003
1663,6,-0.656181,10.14384
1664,5,-0.665717,-9.765434
1665,3,-0.68466,-19.398078
1666,6,-0.665055,29.500846
1667,5,-0.674166,-9.330012
1668,4,-0.68417,-10.244012
1669,4,-0.68417,0.0
1670,6,-0.722319,19.532013
1671,3,-0.69371,-29.297161
1672,8,-0.72078,48.744821
1673,3,-0.719804,-48.911236
1674,3,-0.700731,0.0
1675,-1,-0.662583,-39.065552
1676,8,-0.729583,87.634738
1677,5,-0.710437,-29.184867
1678,5,-0.67226,0.0
1679,6,-0.739015,9.765339
1680,5,-0.672251,-9.76572
1681,2,-0.710397,-29.296303
1682,7,-0.672488,48.557361
1683,10,-0.711366,28.737834
1684,0,-0.809185,-100.166276
1685,4,-0.799644,39.064407
1686,9,-0.753297,47.459493
1687,-1,-0.851495,-100.555064
1688,9,-0.119936,95.361611
1689,0,-0.402828,-90.054032
1690,7,-0.221628,68.358707
1691,1,-0.326485,-58.548581
1692,6,-0.231078,48.866302
1693,7,0.018028,9.765816
1694,0,-0.124548,-68.362045
1695,5,-0.076866,48.827171
1696,5,0.075868,0.0
1697,3,-0.019545,-19.576176
1698,4,-0.010008,9.765816
1699,10,0.028114,58.592606
1700,1,-0.010036,-87.894058
1701,6,0.009037,48.826695
1702,5,-0.000499,-9.765244
1703,5,0.018593,0.0
1704,7,-0.000478,19.531441
1705,-1,-0.076772,-78.125
1706,4,0.045867,48.830032
1707,4,-0.012395,0.0
1708,5,0.006681,9.767724
1709,6,0.006681,9.765434
1710,2,-0.012396,-39.065552
1711,5,-0.021931,29.295731
1712,6,0.044786,9.719212
1713,5,-0.012477,-9.812098
1714,-6,-0.117385,-107.425022
1715,14,0.063825,195.323945
1716,3,0.0829,-107.419777
1717,5,-0.078986,19.531059
1718,5,0.016508,0.0
1719,6,0.006971,9.765053
1720,7,-0.002566,9.766197
1721,2,-0.040713,-48.828125
1722,6,0.064188,39.059448
1723,1,-0.078864,-48.83194
1724,4,-0.00257,29.296875
1725,5,0.026043,9.765911
1726,-4,-0.069325,-87.891483
1727,7,0.016508,107.423973
1728,4,0.007346,-28.912876
1729,6,-0.011471,19.794141
1730,2,0.007962,-38.694824
1731,10,-0.010382,78.870573
1732,7,0.046837,-29.296589
1733,0,-0.048536,-68.364048
1734,8,0.00881,78.126526
1735,-2,-0.048154,-97.650528
1736,14,0.152116,156.246948
1737,4,-0.086291,-97.654343
1738,-1,-0.000726,-48.833371
1739,6,0.008694,68.359375
1740,4,0.008694,-19.53125
1741,5,-0.029454,9.764957
1742,4,0.027771,-9.766388
1743,6,0.00805,18.865433
1744,1,-0.069909,-50.611898
1745,6,0.044719,48.830032
1746,5,0.016109,-9.765244
1747,6,-0.031573,9.766197
1748,3,-0.005206,-29.297447
1749,6,0.013386,29.218692
1750,4,-0.005718,-19.562963
1751,4,-0.034327,0.0
1752,11,0.089647,68.353367
1753,-10,-0.225068,-205.090142
1754,13,0.137346,224.615956
1755,-3,-0.062922,-156.246948
1756,12,0.070602,146.494389
1757,8,0.022925,-39.055635
1758,2,-0.01523,-58.602907
1759,3,-0.043646,9.765339
1760,5,0.013747,19.50934
1761,7,0.023305,19.552827
1762,-1,-0.033919,-78.128815
1763,8,-0.043209,87.890625
1764,6,0.052475,-19.51867
1765,3,0.090679,-29.236347
1766,4,-0.109662,9.704875
1767,5,-0.014236,9.82801
1768,8,0.01445,29.374039
1769,0,-0.052307,-78.125
1770,1,-0.02376,9.765911
1771,9,0.042966,78.125
1772,3,-0.02379,-58.592033
1773,4,-0.042881,9.746969
1774,5,0.052504,9.784449
1775,-2,-0.033327,-68.360043
1776,12,0.042963,136.71608
1777,5,-0.004722,-68.362045
1778,1,-0.052079,-39.063263
1779,8,0.034453,68.35804
1780,0,-0.070366,-78.125763
1781,10,0.07276,97.653389
1782,3,-0.00355,-68.361378
1783,0,-0.089015,-29.297733
1784,12,0.085444,109.954552
1785,-7,-0.108515,-198.613884
1786,11,0.005937,175.7761
1787,7,0.024933,-39.062119
1788,1,-0.089174,-58.155877
1789,5,-0.003051,39.361168
1790,0,-0.022123,-48.826695
1791,10,0.016022,97.655296
1792,3,-0.050733,-68.357372
1793,5,-0.022122,19.531822
1794,5,-0.003048,0.0
1795,6,-0.022236,9.646643
1796,7,-0.031653,9.887774
1797,5,0.016036,-19.530106
1798,1,-0.079332,-39.06517
1799,4,-0.012573,29.295445
1800,7,0.016036,29.295445
1801,3,-0.050725,-39.065934
1802,3,-0.022114,0.0
1803,5,-0.031698,19.481025
1804,3,0.06362,-19.582693
1805,-2,-0.146194,-48.825741
1806,15,0.08233,165.77441
1807,1,-0.070496,-136.92735
1808,4,-0.03235,29.296589
1809,9,0.015332,48.826218
1810,-7,-0.099115,-156.25763
1811,14,-0.013284,205.07412
1812,3,-0.02282,-107.423973
1813,4,-0.003746,9.765625
1814,4,-0.013283,0.0
1815,0,-0.070502,-39.061737
1816,16,0.062998,156.236268
1817,-3,-0.089609,-185.566809
1818,6,0.005668,87.799739
1819,7,-0.013398,9.775649
1820,-5,-0.082704,-117.186356
1821,16,0.077133,205.078125
1822,-2,-0.123142,-175.7864
1823,4,0.008444,57.782871
1824,4,-0.03029,0.0
1825,-2,-0.096944,-58.591461
1826,18,0.113034,195.308685
1827,1,-0.096207,-166.028596
1828,4,-0.038582,29.296017
1829,6,-0.028899,19.531441
1830,-2,-0.056805,-78.121185
1831,9,-0.010657,105.909765
1832,10,0.018009,9.906875
1833,9,0.027631,-9.747824
1834,-4,-0.096585,-127.196587
1835,-2,-0.087049,19.530296
1836,20,0.113206,214.826967
1837,-5,-0.106165,-244.166854
1838,3,-0.077556,78.125
1839,9,0.055328,57.94638
1840,-4,-0.117731,-128.38365
1841,1,-0.0797,48.708732
1842,12,0.063616,107.691103
1843,6,0.063615,-58.593178
1844,5,-0.117585,-9.766006
1845,-1,-0.031755,-58.594894
1846,16,-0.022238,165.994551
1847,-2,-0.068282,-174.101443
1848,9,0.037651,108.475913
1849,1,-0.067258,-78.129578
1850,-3,-0.086331,-39.061737
1851,10,0.00755,125.430565
1852,4,-0.002188,-58.80047
1853,4,-0.030784,0.0
1854,6,-0.021183,19.530678
1855,5,-0.011498,-9.760192
1856,8,-0.011485,29.312046
1857,-2,-0.114894,-96.126117
1858,6,0.06755,79.387919
1859,8,-0.056419,19.531441
1860,-2,-0.085303,-97.660065
1861,15,0.050124,166.00914
1862,-1,-0.119425,-156.25763
1863,4,-0.003964,48.826695
1864,7,0.014952,29.298306
1865,-2,-0.028054,-87.886334
1866,13,0.059392,146.481514
1867,-1,-0.093134,-136.654693
1868,6,0.002269,68.396111
1869,5,-0.035756,-9.765911
1870,-3,-0.092891,-78.122711
1871,15,0.078768,175.779533
1872,-1,-0.064287,-156.254578
1873,3,-0.054751,39.062881
1874,3,0.001678,0.0
1875,6,-0.065436,29.297447
1876,13,0.05913,68.354702
1877,-3,-0.121153,-155.460552
1878,8,0.021386,107.97546
1879,3,-0.026297,-48.827171
1880,-5,-0.159811,-78.126526
1881,18,0.126289,224.604988
1882,-1,-0.007358,-185.55956
1883,4,-0.084766,48.011369
1884,5,-0.017843,9.934137
1885,1,-0.065529,-39.06517
1886,13,0.058397,117.177201
1887,-1,-0.094288,-136.729432
1888,7,0.001076,78.121185
1889,1,-0.04661,-58.596039
1890,2,-0.07522,9.766197
1891,16,0.086888,136.701395
1892,-3,-0.084788,-185.561372
1893,4,-0.027563,68.364048
1894,5,-0.027488,9.765244
1895,6,-0.008519,9.76572
1896,7,-0.057563,9.502813
1897,0,-0.021261,-70.253616
1898,8,0.007668,78.174623
1899,0,-0.106998,-78.131104
1900,2,-0.030707,19.53125
1901,7,-0.059255,48.647123
1902,6,0.055544,-9.802
1903,3,-0.058896,-29.296589
1904,5,-0.011213,19.530487
1905,3,-0.039398,-19.09636
1906,11,0.02914,79.948833
1907,1,-0.075766,-97.658157
1908,5,-0.019117,38.477818
1909,2,-0.076779,-29.748919
1910,5,-0.010019,29.298019
1911,11,0.047195,58.587456
1912,1,-0.10287,-95.077821
1913,0,-0.030139,-10.039153
1914,7,-0.003706,67.687785
1915,2,-0.070973,-49.318419
1916,11,0.024382,87.877752
1917,1,-0.042383,-97.665788
1918,3,-0.050891,19.53125
1919,2,-0.070334,-9.766102
1920,4,-0.041725,19.530296
1921,12,0.053511,78.123474
1922,-7,-0.156502,-185.552311
1923,10,0.013821,165.080598
1924,5,-0.024131,-49.107231
1925,2,-0.052684,-29.237771
1926,13,0.033347,107.627881
1927,-1,-0.071572,-136.734774
1928,5,-0.061957,58.590317
1929,0,-0.06188,-48.831463
1930,4,-0.023732,39.063263
1931,11,0.081171,68.354702
1932,0,-0.109318,-107.426071
1933,3,-0.052208,29.296017
1934,5,-0.033134,19.532204
1935,7,-0.023597,19.530678
1936,6,-0.023597,-9.765434
1937,0,-0.052213,-58.5989
1938,5,-0.051952,48.824311
1939,4,-0.089553,-9.766006
1940,5,0.017692,9.653535
1941,10,0.027787,49.401257
1942,-1,-0.123465,-107.422924
1943,3,0.012831,39.012591
1944,9,-0.023002,58.668231
1945,0,-0.020892,-87.8932
1946,10,0.007715,97.652435
1947,3,-0.00187,-68.364048
1948,0,-0.078201,-29.296303
1949,5,-0.040054,48.828125
1950,4,0.017992,-8.923233
1951,4,-0.029691,0.0
1952,4,-0.029691,0.0
1953,6,0.0085,19.531059
1954,1,-0.048719,-48.826218
1955,5,-0.06833,38.511159
1956,17,0.133597,118.878971
1957,-4,-0.114383,-205.104164
1958,3,-0.038092,68.356705
1959,4,-0.028554,9.766579
1960,-8,-0.162057,-117.176057
1961,26,0.238476,332.021523
1962,-7,-0.123953,-322.297099
1963,3,-0.028583,97.658157
1964,5,-0.019049,19.53125
1965,6,-0.019092,9.721291
1966,10,0.057376,39.237613
1967,-1,-0.075231,-106.494211
1968,4,-0.036615,49.261569
1969,3,-0.03657,-9.76572
1970,6,0.096948,29.298019
1971,8,-0.074819,19.434268
1972,5,0.001331,-29.442073
1973,-7,-0.132182,-117.186356
1974,17,0.096709,234.384156
1975,6,-0.017727,-107.417679
1976,2,-0.065414,-39.064789
1977,7,0.029953,48.827648
1978,-2,-0.094026,-87.894917
1979,6,0.029956,78.125
1980,6,0.001345,0.0
1981,2,-0.046337,-39.060593
1982,5,0.068106,29.297733
1983,7,-0.017728,19.530106
1984,1,-0.046718,-58.598328
1985,5,-0.027901,39.0625
1986,17,0.122941,115.767539
1987,-2,-0.137515,-187.836128
1988,3,-0.061218,48.831463
1989,2,-0.003948,-9.72044
1990,4,-0.061081,19.623234
1991,3,0.024745,-9.765053
1992,6,-0.099229,29.297447
1993,8,0.015209,19.530296
1994,1,-0.003863,-68.362713
1995,3,-0.051546,19.53125
1996,9,0.024748,58.59375
1997,0,-0.070622,-87.8932
1998,7,0.005672,68.35804
1999,1,-0.069975,-58.597183
2000,5,0.017597,39.062119
2001,3,-0.049162,-19.53125
2002,6,-0.011015,29.297161
2003,8,-0.001483,19.527055
2004,3,-0.020567,-48.839095
2005,6,-0.020493,29.2943
2006,6,-0.001388,0.0
2007,-7,-0.125377,-126.964284
2008,13,-0.001394,195.3125
2009,7,0.141674,-58.589173
2010,1,-0.134902,-58.597756
2011,5,0.055829,39.061356
2012,6,-0.077695,9.765816
2013,1,-0.087239,-48.828602
2014,8,0.036747,68.358707
2015,5,-0.001401,-29.297447
2016,1,-0.058601,-39.064407
2017,4,-0.049087,29.296017
2018,2,0.008194,-19.473438
2019,9,-0.010711,68.532044
2020,0,-0.075116,-85.469274
2021,6,0.011661,59.623181
2022,13,0.068638,68.049034
2023,-3,-0.096047,-158.808933
2024,6,-0.039054,87.73469
2025,8,0.056345,19.563537
2026,-1,-0.039035,-87.903501
2027,3,-0.077183,39.061356
2028,7,0.018181,39.060974
2029,2,-0.039024,-48.830509
2030,5,-0.020119,29.142624
2031,4,0.037052,-9.8173
2032,7,-0.06785,29.296875
2033,1,-0.058315,-58.597756
2034,6,0.027516,48.826695
2035,9,-0.01063,29.296875
2036,1,-0.010629,-78.124237
2037,4,-0.077383,29.297161
2038,4,-0.010624,0.0
2039,4,0.017987,0.0
2040,11,-0.022634,68.35804
2041,2,0.085492,-87.892342
2042,1,-0.095701,-9.76572
2043,4,-0.028943,29.298019
2044,6,0.046923,19.530487
2045,4,-0.01059,-19.531631
2046,-5,-0.04874,-87.892342
2047,12,0.018017,166.014004
2048,5,0.018017,-68.356705
2049,3,-0.020132,-19.532776
2050,7,0.018012,39.058686
2051,6,-0.000946,-9.765816
2052,3,-0.039215,-29.299736
2053,7,0.018003,39.060974
2054,6,0.046616,-9.764862
2055,-1,-0.048753,-68.362713
2056,9,0.018006,97.65625
2057,1,-0.020142,-78.128815
2058,4,0.008468,29.296589
2059,3,-0.020093,-9.766006
2060,5,0.018064,19.489758
2061,6,0.075302,9.785981
2062,3,-0.115199,-29.298306
2063,3,0.018519,0.0
2064,10,0.056663,68.356037
2065,-1,-0.095933,-107.432366
2066,8,0.142091,87.47971
2067,4,-0.096503,-39.246468
2068,5,0.01794,9.765148
2069,3,-0.010671,-19.531631
2070,5,0.008379,19.507057
2071,6,0.056074,9.778039
2072,1,-0.144187,-48.830509
2073,10,0.122852,87.881185
2074,2,-0.039186,-78.127289
2075,3,-0.039195,9.765911
2076,4,0.084782,9.765911
2077,4,-0.11549,0.0
2078,4,0.056176,0.0
2079,5,0.009284,9.765434
2080,5,0.009284,0.0
2081,0,0.018818,-48.828602
2082,7,-0.105158,68.356705
2083,9,0.076052,19.530869
2084,3,-0.00978,-58.596611
2085,-6,-0.114685,-87.890625
2086,12,0.133269,175.782967
2087,5,-0.036915,-68.358707
2088,8,-0.017979,29.297447
2089,4,-0.046608,-39.063644
2090,4,0.077607,0.0
2091,-1,0.010847,-48.832417
2092,11,-0.084505,117.186356
2093,5,0.096718,-58.59375
2094,0,-0.027259,-48.828125
2095,5,-0.036165,48.826695
2096,2,0.060598,-29.298306
2097,7,0.060712,48.825741
2098,0,-0.111214,-68.361378
2099,9,0.031835,87.888908
2100,5,0.003224,-39.063263
2101,3,0.041372,-19.531822
2102,4,-0.111195,9.76572
2103,10,0.116044,58.591461
2104,-1,-0.094798,-107.426071
2105,11,0.095937,117.182923
2106,-2,0.010099,-126.959324
2107,4,-0.055171,58.59375
2108,4,0.002251,0.0
2109,5,0.011788,9.765911
2110,5,-0.007285,0.0
2111,3,-0.016828,-19.532204
2112,5,-0.026379,19.531631
2113,6,0.076964,9.696876
2114,0,-0.058192,-59.012137
2115,12,0.03717,117.182923
2116,1,0.027836,-107.218746
2117,4,-0.105616,29.354782
2118,4,0.04698,0.0
2119,5,0.008834,9.765434
2120,6,-0.010241,9.765911
2121,5,0.066049,-9.76553
2122,3,-0.096072,-19.530869
2123,6,0.06599,29.297161
2124,1,-0.048489,-48.830032
2125,5,-0.000805,39.0625
2126,4,0.066159,-9.551555
2127,5,-0.095745,9.98981
2128,3,0.037774,-19.531441
2129,7,0.037773,39.062119
2130,0,-0.028985,-68.36071
2131,9,0.028236,87.891483
2132,8,-0.048054,-9.76553
2133,5,0.075154,-29.296303
2134,-7,-0.144729,-117.184067
2135,15,0.112762,214.84375
2136,2,0.06507,-126.963044
2137,10,-0.077984,78.117371
2138,0,0.007856,-97.659111
2139,6,0.018193,58.596039
2140,1,-0.039192,-48.827648
2141,6,-0.001042,0.000392
2142,4,-0.13453,-19.515241
2143,3,-0.01055,-9.773642
2144,5,-0.067767,19.530869
2145,1,-0.048692,-39.063263
2146,6,-0.010545,48.828602
2147,7,-0.134506,9.766102
2148,6,0.03717,-9.765339
2149,4,-0.048666,-19.531822
2150,6,-0.039129,19.530869
2151,4,-0.06774,-19.531631
2152,1,-0.10563,-29.297447
2153,10,0.048803,87.886334
2154,-1,-0.13245,-107.42817
2155,5,0.001066,58.589173
2156,5,-0.018007,0.0
2157,4,-0.075051,-9.76572
2158,5,-0.055942,9.766102
2159,4,-0.036868,-9.765244
2160,1,-0.084552,-29.298019
2161,9,0.010388,78.121948
2162,1,-0.143983,-78.127289
2163,9,0.027678,78.122711
2164,3,-0.067121,-58.596039
2165,6,-0.00946,29.295731
2166,2,-0.076221,-39.06517
2167,6,-0.095288,39.062881
2168,5,-0.011975,-9.765434
2169,6,0.007275,9.672864
2170,5,-0.068455,-9.859697
2171,1,-0.058443,-39.065552
2172,-5,-0.201482,-58.594322
2173,14,0.075095,185.548687
2174,6,-0.020271,-78.123474
2175,5,-0.02027,-9.764862
2176,1,-0.077491,-39.063644
2177,5,-0.115635,39.063644
2178,2,0.036958,-29.296875
2179,12,-0.028891,97.651482
2180,1,-0.085844,-107.42712
2181,2,-0.047754,9.766006
2182,4,-0.133786,19.531059
2183,4,-0.000256,0.0
2184,7,-0.028865,29.295158
2185,2,-0.028865,-48.83194
2186,5,-0.038404,29.295158
2187,4,-0.114694,-9.76572
2188,4,-0.009785,0.0
2189,7,-0.009787,29.2943
2190,4,-0.056734,-28.541528
2191,7,-0.047162,29.332108
2192,7,-0.037626,0.0
2193,2,-0.004099,-24.267486
2194,-3,-0.105949,-55.469885
2195,1,-0.059019,38.289603
2196,12,0.038618,109.633823
2197,4,-0.085919,-78.124237
2198,5,0.028522,9.764957
2199,7,0.008994,19.015745
2200,-1,-0.126723,-80.305966
2201,10,0.064007,107.414532
2202,-1,-0.133584,-104.681151
2203,7,0.01153,80.232675
2204,1,-0.017084,-58.597183
2205,6,-0.017085,48.827171
2206,4,-0.027268,-19.350407
2207,4,-0.027268,0.0
2208,4,-0.027268,0.0
2209,9,0.001341,48.826695
2210,-4,-0.074967,-126.965524
2211,12,0.040002,156.23932
2212,3,-0.161928,-87.897492
2213,5,0.057442,19.531059
2214,8,0.019296,29.295445
2215,4,-0.028389,-39.062881
2216,0,0.047892,-39.064407
2217,14,-0.142843,136.70807
2218,-4,0.000225,-175.794984
2219,4,-0.018854,78.121185
2220,3,-0.047465,-9.765911
2221,7,-0.018811,39.062881
2222,2,-0.104812,-48.828125
2223,6,0.037334,39.064026
2224,4,-0.029845,-19.530487
2225,4,-0.020309,0.0
2226,1,-0.077531,-29.297447
2227,12,0.008389,107.415581
2228,3,-0.048692,-87.892342
2229,4,0.075285,9.766006
2230,2,-0.17268,-19.531822
2231,6,-0.029633,39.062119
2232,4,-0.010557,-19.530869
2233,8,-0.020093,39.0625
2234,1,-0.001017,-68.36071
2235,4,-0.048702,29.295731
2236,4,-0.048702,0.0
2237,7,0.018053,29.296303
2238,2,-0.058242,-48.828602
2239,6,-0.039168,39.0625
2240,-1,-0.048701,-68.36071
2241,8,-0.002323,86.553442
2242,3,-0.16381,-49.595302
2243,8,0.067307,48.827648
2244,5,-0.008992,-29.298592
2245,4,-0.009036,-9.765244
2246,3,-0.037736,-9.76572
2247,8,0.019483,48.827171
2248,4,-0.047275,-39.0625
2249,-6,-0.161717,-97.658157
2250,11,0.067173,166.020489
2251,7,0.009954,-39.061356
2252,2,-0.094953,-48.830509
2253,5,0.01949,29.296589
2254,5,-0.047266,0.0
2255,4,0.000578,-9.605594
2256,7,-0.00812,30.155906
2257,5,-0.008121,-19.532585
2258,-2,-0.103492,-68.362713
2259,9,-0.017661,107.417679
2260,4,-0.017651,-48.828602
2261,5,-0.036722,9.76572
2262,2,-0.065332,-29.296303
2263,8,0.115879,58.595467
2264,3,-0.12254,-48.828125
2265,6,-0.036715,29.295445
2266,4,0.001436,-19.53125
2267,-1,-0.08382,-48.241128
2268,6,-0.025776,69.203468
2269,7,0.031446,9.766102
2270,2,-0.082995,-48.829079
2271,6,-0.016241,39.059448
2272,4,0.002834,-19.532013
2273,6,-0.006703,19.530106
2274,0,-0.044913,-58.600045
2275,11,-0.006939,107.41663
2276,3,0.000232,-78.125763
2277,7,-0.019846,39.062881
2278,1,-0.143522,-58.594894
2279,5,0.049712,39.063263
2280,5,-0.035966,0.0
2281,6,-0.045534,9.765911
2282,0,-0.016913,-58.595467
2283,8,0.021233,78.122711
2284,1,-0.083673,-68.362713
2285,6,0.011694,48.825264
2286,5,-0.026302,-9.765816
2287,6,-0.007178,9.765816
2288,0,-0.093007,-58.591461
2289,-2,-0.054241,-18.901448
2290,12,0.036202,141.439858
2291,7,-0.039143,-47.856507
2292,4,0.007946,-29.904604
2293,8,0.017479,39.059067
2294,0,-0.058821,-78.131867
2295,6,-0.001601,58.59375
2296,5,-0.077894,-9.76553
2297,10,0.055619,48.824311
2298,-13,-0.154213,-224.633506
2299,17,0.103264,292.954446
2300,-5,-0.125625,-214.852143
2301,12,0.055576,166.018868
2302,6,0.085374,-57.379479
2303,3,-0.105978,-29.930262
2304,2,-0.04876,-9.765434
2305,9,0.036129,67.39323
2306,0,-0.089092,-89.167179
2307,7,-0.012797,68.359375
2308,3,-0.022332,-39.062881
2309,6,-0.031866,29.297733
2310,-3,-0.108165,-87.894917
2311,13,0.111176,156.242371
2312,3,-0.079561,-97.658157
2313,6,0.025346,29.296017
2314,2,-0.041412,-39.063263
2315,1,-0.041411,-9.765434
2316,13,0.053996,117.186356
2317,5,-0.031855,-78.125763
2318,1,-0.041393,-39.064789
2319,6,0.00629,48.827648
2320,-3,-0.146297,-87.8932
2321,12,0.101666,146.481514
2322,1,-0.088665,-107.418728
2323,8,0.016422,68.362045
2324,3,-0.0408,-48.830032
2325,2,-0.031262,-9.764862
2326,9,0.016444,68.35804
2327,8,-0.002642,-9.765434
2328,-1,-0.04079,-87.894917
2329,8,-0.043971,84.623847
2330,-7,-0.116475,-152.370891
2331,13,0.064727,195.316315
2332,2,-0.049716,-107.422924
2333,9,0.017038,68.35537
2334,0,-0.068797,-87.894917
2335,0,-0.078334,0.0
2336,13,0.045648,126.956844
2337,-9,-0.116477,-214.84375
2338,12,0.017038,205.076122
2339,9,-0.030645,-29.296589
2340,-3,-0.087862,-117.1875
2341,13,0.150562,156.256104
2342,3,-0.116469,-97.657204
2343,4,-0.040176,9.76553
2344,6,-0.049713,19.53125
2345,3,-0.040175,-29.296303
2346,2,-0.049712,-9.765625
2347,-2,-0.04017,-39.062119
2348,5,-0.089626,66.543719
2349,13,0.046029,80.317253
2350,-4,-0.068415,-166.018868
2351,16,0.074636,195.310593
2352,9,0.036489,-68.36071
2353,5,-0.049341,-39.064407
2354,1,-0.020729,-39.062119
2355,7,-0.049341,58.590317
2356,7,-0.011193,0.0
2357,4,-0.020778,-29.346742
2358,3,-0.039852,-9.765911
2359,6,-0.06846,29.296589
2360,-4,-0.058919,-97.65625
2361,17,0.026916,205.078125
2362,-2,-0.030305,-185.554123
2363,7,-0.001698,87.88805
2364,3,-0.039847,-39.064789
2365,0,-0.077992,-29.2943
2366,7,-0.01123,68.364048
2367,6,-0.001692,-9.765434
2368,4,-0.039702,-19.391119
2369,5,-0.039565,9.837291
2370,7,0.036633,19.015022
2371,4,-0.107211,-30.113226
2372,0,-0.040654,-39.064789
2373,6,-0.012105,58.589173
2374,11,0.035578,48.827648
2375,-2,-0.097936,-126.953125
2376,0,-0.088398,19.533158
2377,16,0.073716,156.23932
2378,0,-0.059801,-156.253052
2379,6,-0.031192,58.593178
2380,0,-0.040728,-58.595467
2381,11,0.026025,107.417679
2382,1,-0.060024,-97.665788
2383,12,0.035118,107.415581
2384,4,-0.022103,-78.125763
2385,-4,-0.136544,-78.125
2386,9,0.054148,126.90727
2387,9,-0.031684,0.0
2388,2,-0.088908,-68.363381
2389,7,-0.012615,48.828125
2390,-2,0.01599,-87.8932
2391,16,-0.022166,175.772667
2392,4,-0.012614,-117.181778
2393,4,-0.0889,0.0
2394,5,0.016007,9.76553
2395,-3,-0.117512,-78.127289
2396,8,0.035078,107.425022
2397,7,0.025541,-9.765244
2398,1,-0.012625,-58.597183
2399,6,0.044602,48.826695
2400,-3,-0.060302,-87.891483
2401,14,0.139975,166.020489
2402,3,-0.012611,-107.419777
2403,8,0.025534,48.826695
2404,2,-0.022153,-58.596039
2405,-2,-0.041226,-39.062881
2406,9,0.04461,107.42712
2407,7,0.044632,-19.50953
2408,3,0.03513,-39.027056
2409,6,-0.022029,29.354782
2410,-2,0.006587,-78.125
2411,9,0.054275,107.421875
2412,7,0.035201,-19.531631
2413,5,0.025666,-19.530106
2414,1,-0.02202,-39.064407
2415,-2,-0.041094,-29.296875
2416,8,0.082888,97.660065
2417,12,0.044744,39.061737
2418,-6,-0.050625,-175.784683
2419,10,0.025668,156.246948
2420,-1,-0.022012,-107.420826
2421,8,0.035211,87.892342
2422,8,0.073361,0.0
2423,3,-0.012471,-48.828602
2424,5,0.016139,19.531441
2425,0,-0.040991,-48.828125
2426,9,0.054468,87.889767
2427,6,0.064007,-29.297733
2428,1,0.073543,-48.829079
2429,2,-0.09812,9.765244
2430,2,-0.021828,0.0
2431,7,0.035391,48.827648
2432,11,0.111686,39.061737
2433,1,-0.021834,-97.661019
2434,1,0.006776,0.0
2435,6,-0.040905,48.826695
2436,6,0.064005,0.0
2437,8,0.073541,19.531631
2438,0,-0.021081,-77.362705
2439,2,-0.001817,19.726784
2440,8,0.026792,58.590889
2441,3,0.026793,-48.831463
2442,12,0.084005,87.880327
2443,-4,-0.059058,-156.262208
2444,4,0.017234,78.123474
2445,3,-0.020911,-9.766197
2446,8,0.054643,48.825264
2447,8,0.025998,0.0
2448,-1,-0.059836,-87.894058
2449,4,0.011547,48.828602
2450,2,0.046643,-19.531441
2451,6,0.047399,39.063644
2452,17,0.045224,107.40719
2453,-5,-0.087318,-213.847604
2454,3,-0.020892,77.784692
2455,3,-0.039462,0.0
2456,15,0.152941,116.715622
2457,2,-0.076427,-127.458478
2458,-1,-0.002756,-29.242616
2459,3,-0.042888,39.138177
2460,4,0.023873,9.765625
2461,5,-0.014273,9.76572
2462,12,0.071378,68.356037
2463,-3,-0.071682,-146.492959
2464,-10,-0.137582,-67.482238
2465,16,0.065966,257.260179
2466,2,0.056447,-136.71341
2467,14,0.018305,117.182923
2468,2,-0.010306,-117.195511
2469,-1,-0.057989,-29.296303
2470,8,-0.000766,87.891483
2471,5,0.00877,-29.297733
2472,14,0.132742,87.882901
2473,-6,-0.191517,-195.333483
2474,6,0.094592,117.180634
2475,2,-0.019848,-39.06517
2476,6,0.027644,38.865516
2477,2,-0.048221,-38.622341
2478,7,0.047942,49.643066
2479,4,-0.018817,-29.297161
2480,4,0.000256,0.0
2481,3,-0.009281,-9.766293
2482,14,0.124216,107.404044
2483,-4,-0.152363,-175.801852
2484,6,0.028841,97.661019
2485,4,0.000436,-19.320871
2486,5,0.029152,9.87313
2487,8,0.019612,29.293728
2488,3,-0.009001,-48.830986
2489,3,-0.047148,0.0
2490,3,0.019611,0.0
2491,6,0.019612,29.297161
2492,9,0.048221,29.296017
2493,-1,-0.075761,-97.661972
2494,3,0.010069,39.062119
2495,3,-0.028078,0.0
2496,6,0.067293,29.298878
2497,9,0.011375,29.293156
2498,0,-0.026026,-87.894058
2499,4,-0.035558,39.067078
2500,7,0.021178,28.798802
2501,4,0.001603,-29.809813
2502,12,0.087429,78.11966
2503,-10,-0.170085,-214.866831
2504,12,0.077864,214.837456
2505,3,0.087401,-87.892342
2506,4,-0.065191,9.765816
2507,10,0.030171,58.590317
2508,1,-0.007977,-87.894917
2509,0,-0.046125,-9.766102
2510,10,0.04924,97.653389
2511,3,-0.008137,-68.360043
2512,8,0.010095,48.825741
2513,-4,-0.08528,-117.196656
2514,3,0.048238,68.359375
2515,7,-0.018516,39.0625
2516,5,0.010095,-19.53125
2517,9,0.038705,39.062119
2518,1,-0.008981,-78.126526
2519,1,-0.066203,0.0
2520,8,0.048237,68.35804
2521,7,0.010091,-9.76572
2522,6,0.019628,-9.765625
2523,-3,-0.019099,-87.897492
2524,7,0.008681,97.650528
2525,6,-0.010393,-9.76553
2526,-1,-0.02947,-68.364048
2527,13,0.065891,136.709405
2528,-2,-0.058098,-146.497251
2529,2,-0.043923,34.044871
2530,4,0.035662,22.89587
2531,12,0.007087,78.15553
2532,6,0.026164,-58.590889
2533,-1,-0.078748,-68.367387
2534,2,0.00703,29.242331
2535,6,0.007099,39.133582
2536,3,-0.021513,-29.298306
2537,16,0.092913,126.938249
2538,-8,-0.078778,-234.407048
2539,6,-0.021602,136.670702
2540,5,0.035618,-9.769155
2541,6,-0.00255,9.740702
2542,2,-0.031253,-39.158101
2543,5,-0.012179,29.298306
2544,3,0.027149,-18.319548
2545,8,0.096667,52.284301
2546,-4,-0.155908,-117.196656
2547,10,0.020957,133.253381
2548,4,-0.008591,-60.161835
2549,7,-0.018126,29.295158
2550,4,0.029565,-29.296303
2551,2,-0.04673,-19.532204
2552,5,-0.008583,29.297447
2553,4,-0.065622,-9.583685
2554,5,0.163469,9.955003
2555,3,-0.141692,-19.530106
2556,5,0.087195,19.528389
2557,6,-0.066898,8.227202
2558,3,-0.044538,-34.482362
2559,4,-0.005408,10.139006
2560,9,0.051811,48.826695
2561,-1,-0.109368,-97.654343
2562,7,0.050946,74.994141
2563,5,-0.03564,-20.304981
2564,4,-0.007065,-9.802
2565,4,-0.035676,0.0
2566,5,0.059708,9.778612
2567,13,-0.035609,58.638129
2568,2,-0.093651,-157.093485
2569,2,-0.12226,0.0
2570,3,-0.0746,9.741272
2571,5,-0.044644,20.90891
2572,4,-0.168621,-9.765434
2573,1,-0.105379,-13.365887
2574,4,-0.03191,36.167237
2575,6,-0.060482,19.569855
2576,3,-0.001978,-27.984814
2577,4,-0.136365,8.868393
2578,9,0.019332,52.015605
2579,4,-0.097303,-51.072001
2580,2,-0.069545,-20.406289
2581,4,-0.043616,16.786551
2582,4,-0.110372,0.0
2583,4,-0.100835,0.0
2584,16,0.084119,101.498799
2585,-5,-0.20263,-209.007216
2586,3,0.027971,83.764371
2587,4,-0.152758,10.249997
2588,6,-0.031663,16.578249
2589,4,-0.11889,-20.96524
2590,3,-0.044028,-11.236586
2591,4,-0.034492,9.765244
2592,4,-0.158473,0.0
2593,-2,-0.018621,-71.634948
2594,15,-0.05468,168.152009
2595,2,-0.120698,-96.899947
2596,4,0.015778,22.563941
2597,10,-0.067392,71.09089
2598,1,-0.057276,-87.29897
2599,2,-0.058687,8.320506
2600,7,-0.0243,54.743527
2601,4,-0.026219,-31.261397
2602,3,-0.026312,-9.860377
2603,4,0.020229,8.596161
2604,2,-0.066359,-22.12316
2605,6,-0.105913,39.814465
2606,4,0.040475,-16.117334
2607,7,-0.114701,36.409976
2608,4,-0.077031,-29.786727
2609,3,-0.048419,-9.76572
2610,7,0.02499,36.108578
2611,-1,-0.111023,-80.686643
2612,8,-0.020669,92.522154
2613,4,-0.030157,-39.062119
2614,10,0.029773,51.60225
2615,-4,-0.153227,-158.095625
2616,9,0.066155,126.99157
2617,7,-0.152327,-18.647671
2618,2,-0.021177,-51.256817
2619,2,-0.107005,0.0
2620,4,-0.055134,14.051753
2621,5,-0.011115,15.781085
2622,5,-0.077876,0.0
2623,3,-0.088377,-20.517661
2624,6,-0.046164,23.834304
2625,3,-0.09179,-36.88313
2626,5,-0.090946,19.879332
2627,7,-0.042359,19.639613
2628,5,-0.02032,-16.497158
2629,8,-0.045475,32.831019
2630,4,-0.134377,-42.207895
2631,4,-0.010399,0.0
2632,6,-0.012319,17.566665
2633,5,-0.17583,-11.195952
2634,4,-0.03254,-9.523537
2635,2,-0.109661,-20.378427
2636,4,-0.034987,17.869747
2637,8,-0.099713,41.139143
2638,1,-0.074209,-71.549768
2639,5,-0.141243,38.77284
2640,4,-0.074094,-9.365927
2641,4,0.0022,0.0
2642,1,-0.150591,-29.549954
2643,7,-0.103162,48.566479
2644,7,-0.036401,0.0
2645,2,-0.131722,-48.780488
2646,4,-0.029956,16.315609
2647,9,-0.142158,60.877612
2648,8,-0.03675,-9.243853
2649,-1,-0.12817,-93.614454
2650,2,-0.110991,27.357536
2651,4,-0.015348,19.811199
2652,4,-0.120255,0.0
2653,6,-0.0961,14.968827
2654,3,-0.079718,-41.821173
2655,4,-0.117813,9.8173
2656,6,-0.012907,19.531441
2657,4,-0.186753,-11.996953
2658,9,0.022796,107.158165
2659,1,-0.106604,-83.679382
2660,2,-0.040002,9.604948
2661,6,0.037638,40.439987
2662,4,-0.085935,-19.111141
2663,7,-0.037678,29.905797
2664,3,-0.030905,-32.091654
2665,5,-0.035556,24.592381
2666,5,0.040738,0.0
2667,3,-0.083239,-19.530487
2668,3,-0.064165,0.0
2669,4,-0.033438,11.934029
2670,4,0.004711,0.0
2671,5,0.043582,10.507292
2672,4,-0.05973,-8.131536
2673,7,-0.065311,33.347043
2674,2,0.06037,-47.08763
2675,9,-0.016658,77.370294
2676,5,0.050099,-39.062119
2677,1,-0.073881,-39.0625
2678,4,-0.045271,29.296303
2679,4,0.002413,0.0
2680,8,0.020059,37.601406
2681,3,0.018133,-50.801134
2682,3,-0.067697,0.0
2683,6,-0.013408,26.2948
2684,2,-0.003009,-38.181055
2685,4,0.00883,21.888783
2686,9,0.05317,45.403363
2687,0,-0.083451,-91.071916
2688,5,-0.070856,51.958849
2689,2,-0.004425,-29.635484
2690,9,0.058691,64.630498
2691,4,-0.036762,-48.9165
2692,6,-0.017554,19.668584
2693,2,-0.069126,-33.27787
2694,5,0.041558,35.977262
2695,6,0.032198,10.142091
2696,7,-0.015636,9.609471
2697,2,-0.008984,-42.020338
2698,2,-0.094805,0.0
2699,5,0.088284,31.22138
2700,1,-0.026439,-39.353423
2701,7,0.033616,51.729935
2702,7,-0.014065,0.0
2703,2,-0.060134,-47.174707
2704,3,0.035584,10.120945
2705,7,0.026025,39.040768
2706,3,0.006974,-39.040006
2707,5,-0.012078,19.554165
2708,7,-0.099485,17.902699
2709,2,0.067126,-43.237634
2710,5,0.026343,36.022622
2711,3,0.011427,-15.273472
2712,7,-0.059455,44.132087
2713,5,0.04125,-24.336229
2714,5,0.069808,0.0
2715,5,0.031587,0.0
2716,1,-0.01305,-35.942456
2717,3,-0.001698,21.390603
2718,7,-0.030415,38.949152
2719,3,0.074387,-39.175742
2720,2,0.13075,-9.765816
2721,11,-0.034655,87.885475
2722,-2,-0.025127,-126.956844
2723,8,-0.044301,97.548604
2724,6,0.051053,-19.552827
2725,5,0.070146,-9.745354
2726,1,-0.053914,-39.146221
2727,5,0.012844,39.0625
2728,7,-0.054685,18.733608
2729,5,0.119185,-17.290717
2730,1,-0.034812,-40.512483
2731,6,0.058549,56.536783
2732,7,0.030091,9.724221
2733,1,0.010445,-58.740026
2734,6,0.009734,48.915064
2735,4,0.019272,-19.530296
2736,3,0.009964,-9.53098
2737,4,0.029275,10.007606
2738,2,-0.094696,-19.541746
2739,7,0.124666,48.824787
2740,4,0.000683,-29.297447
2741,6,0.038624,19.530678
2742,2,-0.008825,-38.715048
2743,5,-0.014097,23.895434
2744,10,0.095923,63.829244
2745,1,0.010085,-87.897492
2746,1,0.010085,0.0
2747,5,0.019623,39.063263
2748,4,-0.018169,-9.402031
2749,4,0.077204,0.0
2750,4,0.039058,0.0
2751,7,0.067609,29.236062
2752,5,0.019894,-19.561241
2753,0,-0.056489,-48.922722
2754,5,0.077027,48.826218
2755,4,0.029367,-9.737098
2756,-2,-0.056152,-58.772248
2757,12,0.106472,136.717415
2758,4,-0.046105,-78.11966
2759,10,0.220947,58.594894
2760,3,-0.055611,-68.35804
2761,3,0.030222,0.0
2762,2,0.011148,-9.765816
2763,11,0.039632,87.758644
2764,0,0.020402,-107.586827
2765,2,0.048705,19.216172
2766,3,-0.036964,9.928219
2767,5,0.048869,19.532776
2768,4,-0.008349,-9.764862
2769,5,0.115638,9.766102
2770,3,0.029808,-19.53125
2771,7,0.029808,39.0625
2772,5,0.029852,-19.485771
2773,7,0.010824,19.577134
2774,7,0.087119,0.0
2775,2,0.037692,-50.613435
2776,7,0.01816,48.356835
2777,6,0.018049,-9.87908
2778,-3,-0.052856,-82.372323
2779,10,0.159572,129.62926
2780,-4,-0.075601,-143.166851
2781,6,0.02956,97.919217
2782,2,0.058172,-39.065934
2783,18,0.076801,155.785989
2784,-5,-0.00011,-225.2539
2785,0,0.014331,48.832417
2786,8,0.068264,78.123474
2787,7,-0.017539,-9.707607
2788,3,0.0013,-39.29968
2789,4,0.077601,9.765244
2790,5,0.058581,9.765816
2791,6,0.029901,9.76572
2792,2,0.020384,-39.043817
2793,10,-0.027251,78.159347
2794,1,0.11583,-87.891483
2795,-7,-0.093936,-78.129578
2796,13,0.10633,195.302964
2797,4,0.010985,-87.8932
2798,6,0.068234,19.465289
2799,4,0.020484,-19.59766
2800,6,0.057447,19.530296
2801,2,-0.031761,-39.064026
2802,6,0.120836,39.062119
2803,9,0.019316,29.296589
2804,0,-0.007767,-87.894058
2805,4,0.001771,39.062119
2806,5,0.039918,9.76553
2807,3,0.039961,-19.488049
2808,8,0.058413,48.192307
2809,-3,-0.037883,-108.191046
2810,11,0.087032,137.868552
2811,3,0.029812,-78.123474
2812,6,0.039352,29.296875
2813,6,0.031317,0.0
2814,0,0.007763,-58.601762
2815,4,0.036009,39.0625
2816,4,-0.011674,0.0
2817,6,0.102766,19.532013
2818,2,-0.008274,-38.711301
2819,9,0.078924,68.985907
2820,3,0.031277,-58.592033
2821,4,0.040683,9.631313
2822,6,0.050476,19.807079
2823,4,-0.025829,-19.498118
2824,5,0.137135,9.781673
2825,4,0.127627,-9.73653
2826,2,0.108562,-9.781051
2827,3,0.09768,9.765053
2828,7,0.145365,39.064026
2829,3,0.12029,-39.042293
2830,4,0.094512,9.770968
2831,6,0.094453,19.508959
2832,5,0.112234,-9.776796
2833,-7,-0.010867,-117.1875
2834,11,0.109991,175.774384
2835,8,0.131299,-29.252026
2836,10,0.170198,19.425774
2837,4,0.096182,-59.006333
2838,1,0.068009,-28.84865
2839,3,0.087383,19.838908
2840,8,0.035949,48.830509
2841,4,0.201913,-39.060211
2842,0,0.081962,-39.065552
2843,-4,0.033807,-39.060593
2844,13,0.179751,166.025353
2845,4,0.114396,-87.888908
2846,6,0.144443,19.530869
2847,5,0.12537,-9.765339
2848,2,0.096758,-29.298306
2849,4,0.185395,19.129054
2850,5,0.030925,9.974963
2851,9,0.163692,39.052966
2852,1,0.065339,-78.149422
2853,5,0.034061,39.062881
2854,4,0.109791,-9.752197
2855,6,0.120735,19.527627
2856,4,0.048171,-19.562389
2857,7,0.107308,29.294872
2858,0,0.050175,-68.364716
2859,5,0.089461,48.825741
2860,-1,0.053845,-58.59375
2861,11,0.129411,117.193222
2862,2,0.05932,-87.889767
2863,5,0.052374,29.296589
2864,6,0.090978,9.744214
2865,2,0.062772,-38.64921
2866,2,0.027509,0.0
2867,9,0.173057,68.354702
2868,2,0.015944,-68.362045
2869,5,0.082701,29.296875
2870,0,-0.015373,-48.825264
2871,11,0.243926,107.426071
2872,3,0.046105,-75.576507
2873,5,0.084055,20.212637
2874,8,0.162567,29.13951
2875,-9,-0.000449,-166.928515
2876,13,0.195641,214.847946
2877,5,0.103942,-78.118897
2878,2,0.075328,-29.299736
2879,8,0.152582,58.589745
2880,-2,0.033936,-97.659111
2881,7,0.155789,87.894917
2882,4,0.107895,-29.164439
2883,6,0.107876,19.619769
2884,5,0.11445,-9.765244
2885,4,0.072857,-9.760002
2886,7,0.142704,29.315483
2887,2,0.095093,-48.753376
2888,8,0.135245,58.681428
2889,5,0.117568,-29.296589
2890,-4,0.041037,-87.891483
2891,9,0.183568,125.573533
2892,3,0.108261,-59.245216
2893,5,0.08716,19.532585
2894,4,0.147497,-9.764957
2895,-3,0.042873,-68.362713
2896,14,0.214139,166.010761
2897,2,0.09969,-117.195511
2898,3,0.138084,9.765625
2899,10,0.156986,67.921599
2900,4,0.099843,-58.514321
2901,3,0.137868,-9.842423
2902,3,0.121935,0.0
2903,6,0.091093,29.295731
2904,5,0.090602,-9.747159
2905,-3,0.105582,-78.274823
2906,11,0.21238,136.71875
2907,3,0.116739,-78.125763
2908,4,0.126275,9.765434
2909,8,0.149802,39.060593
2910,-3,0.085732,-107.429219
2911,7,0.076145,0.000389
2912,4,0.028028,-29.740072
2913,5,0.049156,9.638183
2914,4,-0.065212,-9.955003
2915,9,0.064326,48.96728
2916,6,0.026337,-29.296017
2917,2,-0.050804,-38.551987
2918,3,-0.022475,9.897364
2919,-2,-0.099364,-48.827648
2920,5,-0.001264,68.362045
2921,11,0.031939,58.592606
2922,2,-0.053895,-87.894058
2923,6,0.003079,38.810459
2924,-2,-0.073715,-78.636444
2925,11,0.038599,126.943208
2926,4,-0.028163,-68.364716
2927,7,-0.009815,29.295731
2928,4,-0.030399,-29.208735
2929,-6,-0.15862,-97.951827
2930,11,0.04899,165.504887
2931,6,-0.074402,-48.983111
2932,6,-0.036256,0.0
2933,3,-0.026721,-29.298592
2934,-3,-0.11255,-58.592606
2935,13,0.040037,156.248474
2936,3,-0.092054,-97.659111
2937,8,0.005239,48.826695
2938,9,0.014723,9.711095
2939,-11,-0.202773,-196.421206
2940,12,0.053862,224.613762
2941,5,-0.034271,-68.359375
2942,2,-0.107221,-29.297447
2943,5,0.010326,29.296303
2944,6,-0.030921,9.72148
2945,2,-0.040302,-39.241463
2946,4,-0.084344,19.53125
2947,12,0.039713,78.118134
2948,2,-0.074676,-97.465887
2949,3,-0.032624,9.783491
2950,4,-0.059537,8.418004
2951,4,-0.069442,0.0
2952,7,-0.049906,29.613836
2953,5,-0.027943,-19.529724
2954,3,-0.046977,-19.490708
2955,8,-0.029682,48.93134
2956,4,-0.029398,-39.063263
2957,5,-0.070395,9.74982
2958,5,-0.070395,0.0
2959,-11,-0.176919,-156.256104
2960,17,0.080234,273.445511
2961,4,-0.081801,-126.882497
2962,3,-0.053217,-9.770491
2963,8,-0.024628,48.829556
2964,1,-0.108866,-68.357372
2965,7,-0.009417,58.5989
2966,7,-0.044595,0.0
2967,6,-0.039216,-9.76553
2968,-1,-0.149078,-68.366051
2969,9,-0.030215,97.379517
2970,0,-0.115844,-87.684259
2971,6,-0.058327,58.89744
2972,5,-0.032763,-9.765434
2973,2,-0.082263,-29.297447
2974,1,-0.129837,-9.765911
2975,7,-0.034359,58.593178
2976,5,-0.043895,-19.530869
2977,10,-0.08204,48.825264
2978,-3,-0.082047,-126.964284
2979,3,-0.120088,58.594894
2980,10,-0.034238,68.35804
2981,3,-0.091481,-68.362045
2982,9,0.003966,58.590889
2983,0,-0.120016,-87.894917
2984,2,-0.119238,19.530487
2985,8,-0.047032,56.64813
2986,7,-0.017259,-10.024761
2987,3,-0.110755,-39.203387
2988,1,-0.13942,-19.628626
2989,0,-0.091593,-9.765816
2990,9,-0.053532,87.889767
2991,5,-0.072604,-39.060211
2992,5,-0.063297,0.0
2993,5,-0.07307,0.0
2994,3,-0.073211,-19.686396
2995,7,-0.082746,39.061356
2996,4,-0.082746,-29.297447
2997,10,-0.044599,58.593178
2998,-10,-0.195786,-193.530283
2999,13,0.002274,226.708197
3000,1,-0.174423,-117.108589
3001,8,-0.021786,68.403463
3002,10,-0.002713,19.530869
3003,-1,-0.145766,-107.423973
3004,-1,-0.136585,0.0
3005,10,-0.031919,107.178003
3006,6,-0.070152,-39.150819
3007,6,-0.098703,0.0
3008,-2,-0.155898,-78.128815
3009,5,-0.041366,68.357372
3010,5,-0.089048,0.0
3011,6,-0.070002,9.766579
3012,9,0.016,29.293156
3013,2,-0.182086,-66.122572
3014,3,-0.095926,10.108157
3015,8,-0.105466,48.826218
3016,0,-0.114933,-78.052588
3017,14,0.018708,136.848382
3018,-6,-0.162503,-195.325852
3019,6,-0.133768,117.184067
3020,3,-0.057312,-29.296589
3021,4,-0.066564,9.74279
3022,10,-0.018905,58.730252
3023,1,-0.123816,-87.895775
3024,2,-0.104743,9.76572
3025,8,-0.057059,58.594894
3026,3,-0.085669,-48.827648
3027,12,-0.037989,87.886334
3028,-2,-0.152213,-136.450912
3029,4,-0.113993,58.714734
3030,4,-0.113993,0.0
3031,6,-0.045492,19.531059
3032,5,-0.102238,-9.751436
3033,4,-0.102141,-9.779377
3034,3,-0.031236,-9.76572
3035,8,-0.110143,48.829079
3036,0,-0.046627,-78.126526
3037,4,-0.104105,39.061737
3038,5,-0.056417,9.766388
3039,4,-0.217248,-8.904878
3040,4,0.002727,0.0
3041,4,-0.044961,0.0
3042,11,-0.0545,68.35537
3043,-1,-0.156814,-114.476508
3044,6,-0.050053,70.023108
3045,6,-0.05959,0.0
3046,2,-0.107206,-38.993956
3047,11,-0.030761,88.046254
3048,-1,-0.107075,-117.189789
3049,5,-0.126183,58.592606
3050,2,-0.068964,-29.299164
3051,5,0.035944,29.296303
3052,11,-0.097564,58.590889
3053,-3,-0.145256,-136.729432
3054,7,-0.068899,97.654343
3055,4,-0.07837,-29.295445
3056,2,-0.115972,-18.974072
3057,10,0.000777,80.486136
3058,-1,-0.142286,-107.434465
3059,5,-0.113678,58.592033
3060,5,-0.027844,0.0
3061,5,-0.06599,0.0
3062,12,-0.008777,68.352032
3063,-4,-0.142351,-156.268313
3064,10,-0.05591,136.70807
3065,1,-0.036087,-87.892342
3066,2,-0.161187,9.766197
3067,10,-0.008606,78.11966
3068,-2,-0.151664,-117.194367
3069,6,-0.075368,78.126526
3070,5,-0.027677,-9.765816
3071,6,-0.056287,9.76553
3072,9,-0.02768,29.294014
3073,-1,-0.142127,-97.661972
3074,7,-0.028031,78.123474
3075,3,-0.133548,-39.064026
3076,5,-0.057319,19.466236
3077,10,-0.018884,48.98935
3078,-2,-0.151854,-116.35461
3079,4,-0.075257,58.937359
3080,7,-0.056158,29.338706
3081,6,-0.056186,-9.764957
3082,7,-0.037097,9.766006
3083,-2,-0.12944,-84.794468
3084,6,-0.088399,81.09067
3085,4,-0.069345,-19.531441
3086,-6,-0.174252,-97.653389
3087,13,-0.012557,185.084165
3088,5,-0.078452,-77.252887
3089,4,0.026319,-9.902363
3090,5,-0.135799,9.76553
3091,8,-0.078623,29.296017
3092,8,-0.097594,0.0
3093,3,-0.087656,-48.830032
3094,2,-0.069021,-9.766197
3095,2,-0.088395,0.0
3096,7,-0.088397,48.828125
3097,11,-0.012111,39.05716
3098,-5,-0.126575,-156.277471
3099,4,-0.002601,87.888908
3100,5,-0.155199,9.765625
3101,6,-0.059833,9.765339
3102,8,-0.059833,19.530678
3103,2,-0.107519,-58.594894
3104,3,-0.069644,9.485686
3105,2,-0.098151,-10.062893
3106,4,-0.088818,19.532204
3107,7,-0.098476,29.163588
3108,5,-0.041318,-19.620154
3109,5,-0.079466,0.0
3110,5,-0.069942,0.0
3111,2,-0.117624,-29.298592
3112,14,0.015908,117.173769
3113,1,-0.136678,-126.953125
3114,2,-0.060379,9.766197
3115,1,-0.117597,-9.766388
3116,4,-0.032096,28.960045
3117,10,-0.088651,59.280922
3118,-8,-0.173941,-175.226821
3119,10,-0.030333,176.351292
3120,5,-0.087529,-48.825264
3121,4,-0.059323,-9.765816
3122,11,0.007432,68.356705
3123,0,-0.164233,-107.430268
3124,4,-0.059327,39.0625
3125,-2,-0.145154,-58.590317
3126,12,0.036041,136.71875
3127,-8,-0.258013,-193.685842
3128,17,0.045381,235.0994
3129,5,-0.094423,-122.947041
3130,-1,-0.180104,-58.597183
3131,4,0.030582,48.813348
3132,10,-0.122211,58.38791
3133,1,-0.132082,-88.226644
3134,2,-0.093962,9.735487
3135,6,-0.112911,39.185337
3136,4,-0.036614,-19.530296
3137,6,-0.103374,19.532204
3138,2,-0.113042,-39.064407
3139,10,-0.05591,78.122711
3140,2,-0.122668,-78.125
3141,4,-0.094062,19.532013
3142,14,-0.027339,97.64004
3143,-4,-0.15141,-175.801852
3144,7,-0.103817,107.41663
3145,1,-0.132429,-58.595467
3146,4,-0.017987,29.297447
3147,-3,-0.206904,-67.877471
3148,13,0.004025,156.745954
3149,4,-0.101218,-88.236159
3150,3,-0.101091,-9.635582
3151,5,-0.014995,19.80002
3152,5,-0.177115,0.0
3153,8,-0.035613,27.702366
3154,3,-0.09418,-50.207356
3155,6,-0.131011,30.207222
3156,1,-0.121552,-48.828125
3157,8,-0.045413,68.123869
3158,5,-0.074123,-29.399659
3159,5,-0.102732,0.0
3160,9,-0.055069,39.060211
3161,-2,-0.083547,-107.436564
3162,7,-0.131232,87.889767
3163,4,-0.083342,-29.086114
3164,-4,-0.16973,-78.696781
3165,11,-0.065281,146.016665
3166,5,-0.017772,-58.779733
3167,3,-0.036847,-19.532394
3168,4,0.001732,9.765053
3169,6,0.011393,19.530869
3170,2,-0.017034,-39.064407
3171,9,0.001902,68.35804
3172,6,0.001903,-29.295731
3173,1,-0.008136,-48.83194
3174,4,0.010809,29.297161
3175,5,0.068028,9.765244
3176,10,0.048952,48.827648
3177,-2,-0.122717,-117.196656
3178,6,0.039405,78.118897
3179,11,0.049075,48.713002
3180,-4,-0.017533,-146.842878
3181,6,-0.046136,97.653389
3182,7,0.030163,9.765339
3183,0,-0.065205,-68.36071
3184,4,0.001469,39.06517
3185,4,0.097125,0.0
3186,4,-0.064501,0.0
3187,9,0.031015,48.825264
3188,3,-0.02621,-58.598328
3189,6,0.03101,29.294872
3190,2,0.050083,-39.0625
3191,5,-0.073893,29.297161
3192,13,0.097767,78.121185
3193,-4,-0.112049,-166.025353
3194,4,-0.045236,78.128052
3195,1,0.117972,-29.296875
3196,9,-0.025081,78.128052
3197,3,-0.015543,-58.592606
3198,6,0.041676,29.294872
3199,3,-0.015545,-29.298019
3200,0,-0.053651,-29.298878
3201,10,0.078467,96.04764
3202,5,0.010899,-49.658351
3203,4,-0.074925,-9.765625
3204,4,0.020257,0.0
3205,5,0.020084,9.606332
3206,4,0.002166,-9.930487
3207,4,0.002166,0.0
3208,12,0.049532,78.117371
3209,-3,-0.074461,-146.498682
3210,4,0.011328,68.356705
3211,7,-0.007845,29.298019
3212,4,0.001837,-29.148853
3213,-5,-0.093954,-88.34009
3214,12,0.068158,166.002656
3215,3,0.134916,-87.895775
3216,4,-0.122584,9.765434
3217,9,0.049008,48.827648
3218,-1,-0.036822,-97.660065
3219,7,-0.008213,78.125763
3220,8,0.068079,9.765339
3221,3,-0.036832,-48.830509
3222,2,-0.046359,-9.755336
3223,5,-0.008182,29.327807
3224,11,0.115801,58.592033
3225,-2,-0.103279,-126.958084
3226,5,0.049109,68.36071
3227,5,-0.008408,0.0
3228,3,-0.017946,-19.531441
3229,5,0.029738,19.530869
3230,4,0.029738,-9.76572
3231,6,-0.008552,19.383414
3232,3,-0.018311,-29.524072
3233,3,-0.065992,0.0
3234,3,0.057996,0.0
3235,8,0.048458,48.827648
3236,4,-0.055778,-38.379981
3237,6,0.0304,19.884669
3238,2,-0.064966,-39.063644
3239,5,0.049479,29.296303
3240,11,0.087622,58.589173
3241,0,-0.072613,-107.432366
3242,1,-0.053286,9.765911
3243,5,0.023146,39.0625
3244,5,0.042314,0.0
3245,3,0.032777,-19.531631
3246,5,-0.033979,19.530869
3247,6,0.013664,9.726964
3248,2,-0.024633,-39.216455
3249,5,0.003979,29.298306
3250,5,0.023204,0.0
3251,5,-0.014942,0.0
3252,-2,-0.053087,-68.357372
3253,10,0.004133,117.186356
3254,5,0.145443,-48.829079
3255,2,-0.104561,-29.296303
3256,14,0.123494,116.420082
3257,-3,-0.106512,-167.122156
3258,5,-0.049715,77.691023
3259,8,0.083962,29.461155
3260,1,0.017202,-68.362713
3261,3,-0.068392,19.530106
3262,4,-0.020622,9.765816
3263,4,-0.020622,0.0
3264,4,0.055676,0.0
3265,5,-0.001542,9.76572
3266,7,0.017531,19.531631
3267,4,-0.020616,-29.296303
3268,4,-0.049222,0.0
3269,7,0.043959,29.295731
3270,4,0.005479,-29.296017
3271,3,-0.05174,-9.766102
3272,10,0.091234,68.353367
3273,-3,-0.166303,-126.870114
3274,5,0.100795,78.182262
3275,3,-0.032717,-19.532204
3276,12,0.081718,87.885475
3277,-2,-0.05957,-134.935857
3278,4,-0.059976,58.314138
3279,10,0.084131,59.670025
3280,0,-0.020777,-97.660065
3281,3,-0.049389,29.295445
3282,5,0.017368,19.531631
3283,13,0.007319,77.596074
3284,-3,-0.013065,-157.32392
3285,4,-0.003648,68.35804
3286,10,0.053571,58.592033
3287,-1,-0.069385,-106.375777
3288,11,0.055715,118.351365
3289,1,-0.030107,-97.661019
3290,3,-0.001496,19.531059
3291,-4,-0.115937,-68.35804
3292,10,0.093886,136.732103
3293,-3,-0.064426,-123.050129
3294,12,0.073772,151.281353
3295,10,0.063395,-19.530869
3296,1,-0.022438,-87.8932
3297,2,-0.012902,9.765816
3298,6,-0.041508,39.062119
3299,9,0.098894,29.294872
3300,1,-0.045786,-78.128815
3301,1,-0.045786,0.0
3302,9,0.068773,78.314668
3303,3,-0.074431,-58.594894
3304,11,0.116303,78.121948
3305,-3,-0.07444,-136.728097
3306,7,0.049535,97.651482
3307,10,0.049509,29.26972
3308,-3,-0.131814,-127.084677
3309,7,0.090131,90.542804
3310,2,-0.05686,-52.864181
3311,8,0.029093,58.720481
3312,0,-0.028675,-78.128815
3313,5,-0.059593,48.825741
3314,1,0.007173,-39.065934
3315,8,0.01671,68.35804
3316,7,0.007174,-9.764957
3317,2,-0.040514,-48.832894
3318,6,-0.069119,39.060593
3319,5,0.073949,-9.765911
3320,7,-0.041047,18.951777
3321,-1,-0.033912,-80.586671
3322,5,0.013771,58.594322
3323,3,-0.081453,-19.389803
3324,5,0.052208,19.674389
3325,6,-0.014551,9.76572
3326,2,-0.043161,-39.063263
3327,4,-0.033624,19.531441
3328,8,-0.024084,39.063263
3329,4,0.033142,-39.0625
3330,-6,-0.138522,-97.660065
3331,17,0.116241,221.812886
3332,0,-0.0597,-160.697237
3333,6,-0.047583,61.397405
3334,5,0.056508,-9.765911
3335,7,0.018025,19.530487
3336,8,-0.00109,9.765244
3337,2,-0.048779,-58.598328
3338,4,-0.039243,19.530487
3339,0,0.005664,-38.80933
3340,5,-0.025526,49.152126
3341,7,0.012621,19.531059
3342,1,0.050767,-58.591461
3343,9,-0.053683,78.126526
3344,4,-0.024874,-47.751843
3345,1,-0.044473,-29.971826
3346,-1,-0.073016,-19.462637
3347,10,0.003658,107.810371
3348,6,-0.034487,-39.060593
3349,2,-0.024949,-39.063263
3350,2,-0.015412,0.0
3351,8,0.041805,58.590317
3352,6,-0.024952,-19.531059
3353,0,-0.120316,-58.596039
3354,4,0.070446,39.063263
3355,7,0.013226,29.294872
3356,4,-0.024921,-29.296589
3357,3,-0.043995,-9.765911
3358,10,0.000813,65.413836
3359,6,0.020562,-38.372249
3360,1,-0.039071,-51.578828
3361,1,-0.029244,0.0
3362,9,0.023549,73.592317
3363,10,0.005055,10.226099
3364,-5,-0.127304,-155.155828
3365,6,-0.022403,107.418728
3366,2,-0.059915,-38.412046
3367,4,-0.0119,19.868865
3368,13,-0.040551,87.83487
3369,-3,-0.069257,-156.347717
3370,8,0.026112,107.423973
3371,3,-0.011873,-48.663695
3372,4,-0.030585,9.798734
3373,4,-0.088477,0.0
3374,6,0.101716,19.53125
3375,3,-0.099112,-29.297161
3376,5,-0.032359,19.530106
3377,6,-0.013285,9.766197
3378,2,-0.118097,-38.970782
3379,7,0.034008,48.325054
3380,4,-0.033119,-29.675645
3381,5,0.033635,9.765244
3382,5,-0.09988,0.0
3383,3,0.070193,-19.53125
3384,9,-0.102178,58.591461
3385,2,-0.048872,-68.362045
3386,6,0.046498,39.061737
3387,3,-0.029783,-29.298306
3388,3,-0.086803,0.0
3389,3,-0.000644,0.0
3390,4,0.000518,10.92526
3391,5,-0.028212,9.765339
3392,4,-0.018647,-9.735487
3393,8,0.000543,39.18265
3394,1,-0.028072,-68.366051
3395,7,-0.048631,57.070568
3396,7,0.027663,0.0
3397,4,-0.019983,-29.257446
3398,2,-0.13454,-19.666844
3399,4,0.056214,19.530487
3400,10,0.008534,58.592033
3401,-1,-0.039161,-107.434465
3402,4,-0.020091,48.825264
3403,6,0.065269,19.530869
3404,2,-0.125951,-39.062881
3405,5,-0.011172,29.297447
3406,3,-0.020835,-19.530678
3407,8,0.007517,48.83194
3408,2,-0.049702,-58.591461
3409,4,-0.05768,19.532585
3410,3,-0.018185,-9.765053
3411,8,-0.00041,48.40974
3412,5,0.018414,-29.552574
3413,6,-0.038576,9.765911
3414,2,-0.048012,-39.061737
3415,6,-0.009864,39.062881
3416,6,-0.048009,0.0
3417,3,0.027985,-29.619098
3418,-3,-0.115064,-58.592033
3419,10,0.037325,126.960564
3420,4,0.057542,-57.995109
3421,-3,-0.152503,-69.069632
3422,14,0.067027,166.018868
3423,2,-0.02834,-117.1875
3424,4,-0.018802,19.531631
3425,10,0.019344,58.592033
3426,-3,-0.066483,-126.950645
3427,9,-0.018792,117.193222
3428,4,-0.037866,-48.827648
3429,4,0.009821,0.0
3430,6,0.000284,19.530869
3431,-4,-0.10462,-97.65625
3432,16,0.03843,195.310593
3433,-1,-0.009255,-166.025353
3434,5,-0.028323,58.592606
3435,6,-0.066358,9.76553
3436,-9,-0.066008,-146.484375
3437,16,0.075455,242.511253
3438,4,-0.049293,-117.9767
3439,4,0.017465,0.0
3440,5,-0.011148,9.765434
3441,-2,-0.077904,-68.358707
3442,18,0.112557,195.032522
3443,4,-0.067849,-135.910454
3444,-1,-0.058665,-49.194199
3445,7,-0.010986,78.118134
3446,-2,-0.058671,-87.891483
3447,8,0.007085,96.630495
3448,7,-0.078845,-9.870596
3449,3,0.045143,-39.062119
3450,4,-0.02174,9.640413
3451,-1,-0.041443,-49.472622
3452,11,-0.004934,115.513457
3453,3,-0.025018,-79.159328
3454,4,-0.044076,9.779664
3455,6,0.003609,19.531822
3456,-2,-0.044067,-78.11966
3457,3,-0.090176,48.83194
3458,9,0.015535,58.590317
3459,7,0.007863,-17.622077
3460,5,-0.013529,-21.905085
3461,0,-0.070592,-48.826695
3462,10,0.034475,97.658157
3463,2,-0.041823,-78.128815
3464,11,-0.032281,87.88805
3465,2,0.024957,-87.887192
3466,0,-0.060846,-19.505725
3467,5,-0.041707,48.897364
3468,4,-0.022777,-9.764862
3469,5,0.07303,9.766197
3470,4,-0.098619,-9.765625
3471,-1,-0.060464,-48.825264
3472,9,0.025371,97.660065
3473,5,-0.06046,-39.063263
3474,5,0.034911,0.0
3475,8,-0.012923,29.143756
3476,-3,-0.127924,-107.995602
3477,10,0.023931,106.669292
3478,4,-0.034734,-69.828339
3479,-1,-0.108098,-45.796772
3480,13,-0.01771,151.14873
3481,3,0.011289,-97.263019
3482,2,-0.065045,-9.805171
3483,4,-0.045972,19.531059
3484,8,0.011249,39.062881
3485,3,-0.055292,-48.607398
3486,-5,-0.122402,-78.486005
3487,12,0.020796,166.017246
3488,4,-0.026666,-78.124237
3489,4,-0.026666,0.0
3490,4,-0.026666,0.0
3491,3,-0.083947,-9.828396
3492,9,0.010754,58.59375
3493,3,-0.065888,-58.596611
3494,6,0.000871,29.297161
3495,5,-0.037271,-9.760764
3496,-6,-0.199439,-107.471203
3497,12,0.077145,175.789833
3498,-1,-0.056143,-126.720474
3499,10,0.010809,107.620511
3500,5,-0.036876,-48.829079
3501,-1,-0.075022,-58.593178
3502,9,0.001272,97.65625
3503,7,-0.0273,-19.531059
3504,5,-0.008076,-19.53125
3505,1,-0.074834,-39.061356
3506,0,-0.084371,-9.766293
3507,11,0.020533,107.421875
3508,8,0.058716,-29.258017
3509,0,-0.132115,-78.225073
3510,5,-0.036745,48.830509
3511,1,-0.046279,-39.05983
3512,9,-0.083672,78.130341
3513,4,0.031852,-48.826218
3514,5,-0.034481,9.766102
3515,2,-0.091861,-29.296017
3516,-1,-0.053711,-29.296875
3517,10,0.032124,107.425022
3518,4,-0.034634,-58.594322
3519,4,-0.034634,0.0
3520,7,-0.006024,29.297161
3521,-4,-0.120465,-107.421875
3522,8,-0.025094,117.190933
3523,10,0.022587,19.529534
3524,4,-0.034636,-58.596611
3525,3,-0.072782,-9.766102
3526,0,-0.072782,-29.295731
3527,8,0.013047,78.122711
3528,9,-0.044168,9.765434
3529,0,-0.006104,-87.892342
3530,7,-0.015693,68.362713
3531,-2,-0.082446,-87.887192
3532,8,-0.072898,97.662926
3533,7,0.04934,-9.764862
3534,3,-0.045758,-39.065552
3535,3,-0.104029,0.0
3536,4,0.000853,9.739185
3537,5,-0.018194,9.791826
3538,5,-0.037268,0.0
3539,6,-0.103402,9.874105
3540,7,0.059771,9.76553
3541,-3,-0.102354,-97.658157
3542,9,-0.045131,117.188644
3543,7,0.039679,-19.530487
3544,8,-0.066362,9.765339
3545,-8,-0.12359,-156.262208
3546,6,-0.009146,136.72142
3547,8,0.076683,19.530487
3548,5,-0.085457,-29.298592
3549,5,0.034709,0.0
3550,7,-0.093954,19.530106
3551,1,-0.1321,-58.592606
3552,6,0.001416,48.827648
3553,6,-0.008121,0.0
3554,0,-0.103489,-58.594894
3555,8,-0.055805,78.123474
3556,4,-0.017653,-39.061737
3557,4,-0.017653,0.0
3558,5,-0.084742,9.615385
3559,4,-0.037211,-9.922899
3560,9,-0.065824,48.822404
3561,-1,-0.027674,-97.662926
3562,8,-0.037204,87.8932
3563,3,-0.113471,-48.827171
3564,3,0.010636,0.0
3565,8,-0.030102,48.827171
3566,-2,-0.073849,-97.661019
3567,6,-0.054899,78.125763
3568,5,0.011862,-9.765434
3569,6,-0.026282,9.76572
3570,0,-0.04535,-58.590889
3571,7,-0.045343,68.364716
3572,8,-0.026367,9.666786
3573,4,-0.017216,-39.46252
3574,3,-0.064898,-9.765816
3575,9,0.001861,58.594894
3576,3,-0.073869,-58.594894
3577,1,-0.014245,-19.532013
3578,4,-0.042921,29.22951
3579,6,-0.00487,19.574643
3580,7,-0.014547,9.765816
3581,0,-0.090843,-68.362045
3582,6,0.004525,58.59375
3583,5,-0.024085,-9.765244
3584,-4,-0.148072,-87.899209
3585,14,0.061726,175.770951
3586,2,0.048818,-110.878062
3587,4,-0.147571,20.710794
3588,7,0.037969,29.295731
3589,2,-0.069675,-48.830986
3590,9,0.006614,68.354702
3591,4,-0.060143,-48.829079
3592,6,-0.050606,19.530869
3593,-2,-0.069681,-78.130341
3594,5,-0.021997,68.35804
3595,10,0.063585,48.827171
3596,-2,-0.098855,-117.186356
3597,5,-0.05117,68.36071
3598,4,-0.003489,-9.766197
3599,7,-0.051176,29.295158
3600,6,-0.014079,-9.765244
3601,0,-0.042035,-58.5989
3602,6,0.034188,58.589745
3603,4,-0.09017,-19.532013
3604,6,-0.032951,19.531441
3605,-4,-0.087162,-94.575168
3606,11,0.060712,151.42338
3607,8,-0.025113,-29.294872
3608,5,-0.034651,-29.297161
3609,0,-0.025116,-48.832417
3610,11,0.041629,107.410337
3611,0,-0.091891,-107.430268
3612,4,-0.025133,39.063644
3613,2,-0.034669,-19.530296
3614,4,-0.079476,19.53125
3615,12,0.034291,78.125
3616,-1,-0.039316,-126.951885
3617,3,-0.001166,39.06517
3618,5,-0.053961,19.530106
3619,7,-0.044872,19.532967
3620,9,0.125718,19.52858
3621,0,-0.065018,-87.894917
3622,5,0.020179,48.829556
3623,-3,-0.075521,-78.127289
3624,14,-0.000106,165.059761
3625,1,0.030076,-125.441457
3626,3,-0.05541,19.886053
3627,6,0.020723,29.296017
3628,5,0.001616,-9.766006
3629,2,-0.026994,-29.297447
3630,13,0.05883,107.415581
3631,-1,-0.046075,-136.720085
3632,-3,-0.08403,-19.335441
3633,8,0.012416,108.526214
3634,7,0.041091,-9.607163
3635,10,0.022988,29.78791
3636,-2,-0.062475,-117.189789
3637,4,-0.01479,58.594322
3638,7,0.013821,29.297447
3639,2,-0.01479,-48.828125
3640,23,0.128221,205.034075
3641,-12,-0.138867,-341.860306
3642,1,-0.053031,126.958084
3643,6,0.023264,48.827648
3644,4,0.004191,-19.531059
3645,14,0.099548,97.645761
3646,-4,-0.082801,-175.800135
3647,4,-0.016043,78.125763
3648,3,-0.016073,-9.765816
3649,6,-0.025726,29.297733
3650,9,0.069644,29.293156
3651,2,-0.05285,-68.363381
3652,3,-0.043312,9.766388
3653,4,-0.005204,9.765625
3654,3,0.004466,-9.765339
3655,11,0.061686,78.124237
3656,2,-0.081362,-87.889767
3657,2,0.023554,0.0
3658,-7,-0.109126,-87.038935
3659,14,0.074052,207.104677
3660,6,0.036502,-77.514122
3661,5,-0.001721,-9.842617
3662,-6,-0.087555,-107.425022
3663,12,0.03643,175.793267
3664,4,0.017355,-78.124237
3665,11,0.065031,68.3527
3666,-2,-0.049415,-126.958084
3667,9,0.008213,107.420826
3668,2,-0.029686,-68.361378
3669,4,-0.020149,19.531822
3670,16,0.132427,117.176057
3671,-7,-0.125091,-224.635699
3672,8,0.017955,146.480084
3673,0,-0.029414,-78.125763
3674,4,0.065952,39.063263
3675,10,-0.000814,58.592033
3676,1,-0.030014,-87.895775
3677,4,0.066047,29.296589
3678,3,-0.105618,-9.765911
3679,7,0.046966,39.058686
3680,12,0.075572,48.824311
3681,-7,-0.162866,-185.568621
3682,4,0.066021,107.429219
3683,7,-0.019817,29.295158
3684,5,0.008792,-19.531441
3685,12,0.075545,68.354702
3686,-4,-0.096132,-156.266786
3687,6,0.0946,97.653389
3688,8,-0.07706,19.530678
3689,-1,-0.000759,-87.892342
3690,15,0.0946,156.23932
3691,-5,-0.105683,-195.323945
3692,3,0.113669,78.13263
3693,5,-0.104085,19.530678
3694,4,0.00159,-9.765816
3695,8,0.039735,39.060974
3696,2,-0.027023,-58.594894
3697,2,0.039734,0.0
3698,4,-0.131654,19.531441
3699,10,0.058291,58.59375
3700,11,0.115868,9.764481
3701,-4,-0.103491,-146.505836
3702,4,0.058628,78.118897
3703,5,-0.0262,9.766197
3704,8,0.012048,29.295731
3705,-1,-0.035643,-87.897492
3706,10,0.059835,107.409288
3707,-1,0.003234,-107.432366
3708,4,-0.061887,48.829556
3709,9,0.063096,48.823834
3710,7,0.034473,-19.530869
3711,-12,-0.165812,-185.55956
3712,13,0.148888,244.133473
3713,-7,-0.085807,-191.495677
3714,26,0.178073,328.803157
3715,-2,-0.071783,-273.474889
3716,7,0.035433,87.883759
3717,2,0.036143,-48.099123
3718,8,-0.001123,59.497838
3719,5,0.046566,-29.295158
3720,-2,-0.106015,-68.354702
3721,6,0.056121,78.139499
3722,2,0.037022,-39.0625
3723,9,0.056026,68.356705
3724,5,0.027414,-39.062881
3725,10,0.065556,48.823357
3726,0,-0.020286,-97.667695
3727,4,0.065542,39.0625
3728,3,-0.039366,-9.765816
3729,8,0.046461,48.823834
3730,1,-0.020298,-68.362045
3731,6,-0.001075,48.828125
3732,4,0.085342,-19.504013
3733,6,0.000274,19.559137
3734,2,0.030316,-39.064789
3735,7,0.122721,48.825741
3736,6,-0.034422,-9.765434
3737,0,0.00334,-58.594894
3738,6,0.070137,58.594894
3739,16,0.146415,97.64004
3740,-7,-0.111109,-224.642282
3741,5,0.050558,116.939688
3742,2,0.098532,-29.36024
3743,4,-0.044845,19.198833
3744,4,0.031448,0.0
3745,7,0.060093,29.332968
3746,2,0.012412,-48.825741
3747,5,0.050622,29.298306
3748,9,0.031549,39.063263
3749,5,0.050627,-39.060593
3750,1,-0.015899,-38.825905
3751,6,0.04161,49.128944
3752,8,0.163219,17.056115
3753,0,-0.097697,-91.387839
3754,12,0.139986,116.666829
3755,-1,-0.089641,-127.517239
3756,1,-0.022881,19.532585
3757,7,0.091556,58.590889
3758,7,-0.003811,0.0
3759,0,-0.051498,-68.362713
3760,-1,-0.041962,-9.76572
3761,16,0.158077,165.777643
3762,1,0.024356,-146.696397
3763,10,0.005279,87.887192
3764,3,-0.032909,-68.362713
3765,7,0.078191,35.541971
3766,1,-0.033005,-65.034306
3767,11,0.099981,97.117551
3768,5,-0.033852,-58.91479
3769,-2,-0.052937,-68.368722
3770,4,-0.005257,58.590317
3771,4,0.023353,0.0
3772,6,0.071036,19.531059
3773,3,-0.062482,-29.297447
3774,6,0.02335,29.297161
3775,6,0.02335,0.0
3776,5,-0.014798,-9.76553
3777,6,0.099643,9.765434
3778,3,-0.043413,-29.298592
3779,6,-0.033936,29.234067
3780,4,0.004174,-19.572536
3781,5,0.023248,9.76572
3782,8,0.080429,29.258017
3783,4,-0.03406,-39.114449
3784,8,-0.005716,38.78976
3785,1,0.012883,-68.846816
3786,4,-0.025269,29.295731
3787,8,0.098705,39.061737
3788,2,-0.053891,-58.595467
3789,-4,-0.101579,-58.597756
3790,11,0.079615,146.477223
3791,4,0.012855,-68.362045
3792,5,0.012881,9.765625
3793,4,-0.006218,-9.765339
3794,7,0.022392,29.296589
3795,6,0.003212,-9.766197
3796,6,-0.006325,0.0
3797,6,0.089045,0.0
3798,6,-0.025398,0.0
3799,3,-0.034935,-29.297161
3800,9,0.012747,58.592033
3801,0,0.079516,-87.890625
3802,6,0.003221,58.594894
3803,5,-0.025389,-9.76553
3804,3,-0.015851,-19.532394
3805,4,-0.006315,9.765148
3806,8,0.012758,39.061356
3807,-1,-0.015854,-87.891483
3808,10,0.041374,107.429219
3809,4,-0.015844,-58.592033
3810,2,0.022303,-19.531441
3811,10,0.022307,78.127289
3812,1,-0.025373,-87.886334
3813,8,0.041386,68.361378
3814,2,-0.025225,-58.594322
3815,5,0.013077,29.298306
3816,8,-0.005994,29.294014
3817,2,0.032214,-58.537728
3818,2,-0.053619,0.0
3819,5,0.022673,29.295731
3820,4,0.013136,-9.765816
3821,5,-0.02501,9.765911
3822,0,0.022679,-48.828125
3823,10,0.040347,96.217683
3824,2,-0.027565,-79.306858
3825,5,-0.008492,29.296589
3826,4,0.039189,-9.765911
3827,8,0.010545,39.03353
3828,3,-0.046615,-48.865347
3829,5,0.010995,19.530487
3830,3,0.001457,-19.532967
3831,5,-0.036693,19.529724
3832,7,0.039603,19.531441
3833,3,0.020528,-39.064789
3834,3,-0.008017,0.0
3835,4,-0.017595,9.766293
3836,6,-0.00806,19.530106
3837,4,0.039626,-19.532013
3838,-5,-0.103428,-87.8932
3839,12,0.068227,166.00914
3840,4,0.079216,-76.645972
3841,5,-0.08271,9.957977
3842,-1,-0.031387,-58.323208
3843,13,0.082525,137.357247
3844,2,-0.050986,-107.419777
3845,8,0.053922,58.594322
3846,5,-0.04144,-29.296017
3847,0,-0.041443,-48.83194
3848,8,0.015775,78.122711
3849,1,0.025318,-68.358707
3850,5,-0.003291,39.062119
3851,3,-0.070048,-19.532013
3852,4,0.053929,9.766006
3853,7,0.015387,28.894497
3854,4,-0.004089,-29.709736
3855,3,-0.042234,-9.765911
3856,8,0.014983,48.825741
3857,0,-0.004086,-78.125763
3858,5,-0.013619,48.827648
3859,8,0.034065,29.296589
3860,3,-0.032697,-48.832417
3861,4,0.069198,9.765244
3862,7,-0.050066,29.296303
3863,2,-0.069143,-48.829556
3864,9,0.026219,68.354035
3865,4,0.02622,-48.831463
3866,2,-0.097746,-19.531059
3867,2,0.007166,0.0
3868,4,-0.011907,19.532394
3869,6,0.026238,19.529915
3870,3,-0.021405,-29.255164
3871,6,-0.069048,29.338706
3872,5,0.045392,-9.76553
3873,1,-0.030909,-39.066315
3874,9,0.026307,78.118897
3875,5,-0.030917,-39.064407
3876,4,-0.059525,-9.765625
3877,-7,-0.078592,-107.419777
3878,13,0.064473,195.32776
3879,5,0.065396,-77.182082
3880,8,-0.067385,29.092038
3881,1,-0.01295,-69.699595
3882,6,0.015254,48.76669
3883,2,-0.051551,-39.112537
3884,8,0.015203,58.590317
3885,4,0.005666,-39.062881
3886,1,-0.127843,-29.298306
3887,4,0.034282,29.295731
3888,5,0.062701,9.766102
3889,5,-0.043282,0.0
3890,1,-0.071701,-38.708304
3891,8,-0.033415,68.992026
3892,13,0.128578,48.691655
3893,-4,-0.090905,-166.156793
3894,4,-0.043072,78.278652
3895,9,0.052295,48.827648
3896,4,-0.195616,-48.826218
3897,0,0.100082,-39.066315
3898,5,0.02378,48.824787
3899,4,-0.033441,-9.766006
3900,4,-0.014367,0.0
3901,7,-0.081113,29.298019
3902,1,0.033349,-58.590889
3903,9,0.033348,78.125
3904,4,-0.004801,-48.830509
3905,3,-0.042943,-9.760192
3906,0,-0.100176,-29.313192
3907,9,0.052413,87.88805
3908,3,-0.014346,-58.594894
3909,5,-0.004809,19.531059
3910,4,-0.00481,-9.765911
3911,6,-0.06203,19.530678
3912,6,0.0238,0.0
3913,1,-0.023887,-48.831463
3914,6,0.108795,48.828125
3915,4,-0.111645,-18.626136
3916,-5,-0.126162,-92.379701
3917,12,0.04557,166.010761
3918,4,0.074728,-77.566732
3919,5,-0.087339,9.83642
3920,11,0.046171,58.589745
3921,-1,-0.135029,-117.195511
3922,1,0.008028,19.531822
3923,12,0.008025,107.417679
3924,5,0.008026,-68.360043
3925,-1,-0.068271,-58.596039
3926,4,-0.135016,48.828602
3927,5,0.093891,9.76572
3928,11,0.006471,56.961665
3929,-3,-0.054686,-140.750199
3930,11,0.040001,136.022696
3931,-2,-0.141265,-127.025073
3932,4,0.002055,58.864504
3933,6,-0.007482,19.530869
3934,5,-0.007481,-9.76572
3935,2,-0.074235,-29.297447
3936,5,-0.093306,29.296017
3937,5,0.087913,0.0
3938,2,-0.045609,-29.297161
3939,11,0.011613,87.889767
3940,4,-0.036071,-68.359375
3941,2,-0.121898,-19.532776
3942,5,0.059315,29.295731
3943,7,-0.016976,19.53125
3944,7,-0.036049,0.0
3945,6,0.040809,-9.189318
3946,2,-0.15142,-40.603366
3947,6,0.078173,39.779225
3948,3,-0.025798,-28.334231
3949,-1,-0.083849,-39.91299
3950,6,-0.004061,71.937271
3951,7,-0.032669,9.765911
3952,1,-0.03267,-58.596039
3953,-2,-0.061279,-29.295731
3954,13,0.062698,146.484375
3955,-6,-0.174912,-184.718887
3956,15,0.016466,205.735111
3957,4,0.054611,-107.444959
3958,0,-0.059864,-39.103742
3959,9,0.016432,87.894058
3960,6,-0.040787,-29.297161
3961,5,0.035514,-9.765244
3962,4,-0.078915,-9.765625
3963,1,-0.002611,-29.297447
3964,6,-0.002612,48.828602
3965,6,-0.050292,0.0
3966,5,-0.040755,-9.76572
3967,4,0.131242,-9.434763
3968,-2,-0.166469,-60.722599
3969,12,0.154051,136.717415
3970,4,-0.243339,-78.124237
3971,6,0.042746,19.475903
3972,5,-0.052643,-9.794127
3973,8,0.022939,29.296875
3974,0,-0.111395,-78.060204
3975,5,-0.035061,48.870123
3976,7,0.050764,19.530678
3977,3,-0.063692,-39.063644
3978,-5,-0.101837,-78.122711
3979,12,-0.00646,166.02211
3980,6,-0.0248,-57.842476
3981,3,-0.101465,-29.681811
3982,5,0.012987,19.530869
3983,7,-0.006125,19.491848
3984,0,-0.063481,-68.497842
3985,5,-0.063475,48.829556
3986,2,-0.025326,-29.297733
3987,8,-0.015792,58.590889
3988,-1,-0.082578,-87.892342
3989,11,0.012768,117.193222
3990,2,-0.034909,-87.886334
3991,7,-0.034907,48.828602
3992,5,-0.044444,-19.531441
3993,0,-0.034904,-48.825741
3994,6,-0.035016,58.480102
3995,4,-0.149478,-19.569855
3996,4,0.069899,0.0
3997,6,-0.025228,19.530106
3998,-4,-0.091924,-97.657204
3999,14,0.060994,175.7864
4000,3,-0.043915,-107.426071
4001,3,-0.07256,0.0
4002,7,0.013266,39.05983
4003,-2,-0.101175,-87.888908
4004,1,-0.110712,29.297161
4005,13,0.041883,117.196656
4006,4,-0.005045,-86.880134
4007,4,-0.053023,0.0
4008,2,-0.088752,-19.530678
4009,10,0.076785,78.121948
4010,2,-0.113447,-78.130341
4011,10,0.087369,78.118134
4012,0,-0.027075,-97.658157
4013,-4,-0.122441,-39.063644
4014,11,0.020612,146.485806
4015,5,0.030251,-58.492074
4016,4,0.030234,-9.782917
4017,4,-0.131658,0.0
4018,8,0.049315,38.620477
4019,4,-0.073996,-38.383664
4020,4,-0.007235,0.0
4021,7,-0.013334,29.297161
4022,3,0.012029,-39.062881
4023,-4,-0.149573,-68.362713
4024,13,0.070075,166.004277
4025,5,0.060549,-78.122711
4026,1,-0.034819,-39.066315
4027,6,0.012862,48.824787
4028,-1,-0.072971,-68.362045
4029,8,0.041469,87.889767
4030,6,-0.006215,-19.532013
4031,5,-0.015752,-9.765434
4032,4,-0.015727,-9.740038
4033,-3,-0.092192,-68.534728
4034,10,0.060408,126.964284
4035,6,-0.006288,-39.063263
4036,6,0.012826,0.0
4037,3,-0.025322,-29.297161
4038,-1,-0.092039,-39.060593
4039,9,0.041529,97.659111
4040,7,-0.015426,-19.532013
4041,6,0.04227,-9.76553
4042,2,-0.024486,-39.063263
4043,-15,-0.224759,-166.017246
4044,28,0.240345,417.670371
4045,-3,0.005692,-298.881604
4046,5,-0.059639,79.578235
4047,4,-0.002415,-9.765434
4048,1,-0.040562,-29.296303
4049,8,0.035738,68.366051
4050,7,-0.002408,-9.765148
4051,8,0.016666,9.76572
4052,0,-0.057618,-76.06732
4053,-1,-0.06742,-10.037238
4054,11,0.047023,117.189789
4055,3,-0.000663,-78.127289
4056,8,-0.010201,48.825264
4057,2,0.018407,-58.596039
4058,-1,-0.067425,-29.297161
4059,8,0.026373,86.283759
4060,8,0.045448,0.0
4061,9,0.045448,9.765339
4062,-4,-0.116689,-126.966764
4063,-2,-0.011783,19.531441
4064,11,0.007283,126.953125
4065,4,-0.002255,-68.358707
4066,1,-0.011792,-29.297447
4067,10,-0.002261,87.887192
4068,-4,-0.049947,-136.717415
4069,11,0.025734,145.859061
4070,5,0.025489,-58.844875
4071,5,-0.003122,0.0
4072,5,-0.03173,0.0
4073,-2,-0.041323,-68.361378
4074,7,0.044511,87.894058
4075,6,0.006365,-9.765339
4076,4,-0.003172,-19.532394
4077,6,0.006363,19.530106
4078,2,0.017475,-37.449326
4079,4,-0.056555,20.411287
4080,7,0.049503,29.296017
4081,4,-0.007717,-29.296303
4082,-8,-0.112625,-117.192078
4083,13,0.049522,205.072117
4084,9,0.059094,-39.063263
4085,5,0.001872,-39.064789
4086,5,0.020947,0.0
4087,5,0.001875,0.0
4088,-1,-0.074421,-58.596611
4089,13,0.097233,136.709405
4090,3,0.001868,-97.653389
4091,0,-0.036281,-29.298306
4092,4,-0.017206,39.062881
4093,2,-0.017205,-19.53125
4094,7,0.116314,48.830032
4095,4,-0.074416,-29.297733
4096,5,0.00997,9.765244
4097,6,0.009782,9.765148
4098,4,0.047664,-19.532013
4099,7,-0.057863,29.297447
4100,7,0.047039,0.0
4101,0,-0.076941,-68.361378
4102,5,-0.000651,48.825264
4103,-1,-0.010189,-58.5989
4104,8,-0.00065,87.890625
4105,7,0.05657,-9.765434
4106,4,-0.010184,-29.294586
4107,2,-0.010186,-19.533348
4108,4,-0.00065,19.530106
4109,7,-0.000256,29.298592
4110,4,0.000267,-29.174649
4111,3,0.000227,-9.806133
4112,4,-0.037917,9.765816
4113,5,0.047875,9.725167
4114,3,-0.018961,-19.61265
4115,7,-0.009422,39.06517
4116,7,0.038266,0.0
4117,2,-0.018954,-48.828125
4118,4,-0.028491,19.530678
4119,6,0.038269,19.531822
4120,4,-0.047557,-19.531059
4121,4,0.00013,0.0
4122,3,0.009477,-9.959961
4123,3,0.009477,0.0
4124,6,0.019013,29.297733
4125,4,-0.019133,-19.531822
4126,6,0.028509,19.530296
4127,5,-0.009664,-9.751151
4128,3,-0.01923,-19.560667
4129,5,0.037993,19.530106
4130,3,-0.05737,-19.532585
4131,6,0.009389,29.296017
4132,4,-0.000148,-19.531059
4133,4,0.104754,0.0
4134,5,-0.076214,10.015925
4135,5,-0.000841,0.0
4136,5,-0.029252,0.0
4137,5,0.038814,0.0
4138,6,0.000727,9.764862
4139,2,0.000946,-38.888187
4140,2,-0.056271,0.0
4141,5,0.010485,29.295158
4142,4,0.029559,-9.765816
4143,7,0.02956,29.296875
4144,4,-0.008587,-29.296589
4145,4,-0.008587,0.0
4146,0,-0.008933,-39.062881
4147,10,0.019058,97.654343
4148,7,-0.057102,-29.295445
4149,2,0.057475,-48.830509
4150,3,-0.009432,9.766102
4151,4,-0.04763,9.712793
4152,6,0.019228,19.636913
4153,9,0.08599,29.297447
4154,-3,-0.076139,-117.195511
4155,7,0.028759,97.649575
4156,2,-0.018925,-48.827648
4157,4,-0.028473,19.520575
4158,12,0.105081,78.168512
4159,-1,-0.095195,-126.958084
4160,2,-0.018899,29.297161
4161,5,0.019242,29.296017
4162,3,0.028795,-19.531059
4163,9,0.000187,58.593178
4164,3,0.000184,-58.597756
4165,6,0.00972,29.296303
4166,2,-0.018891,-39.064026
4167,7,0.004391,43.371153
4168,11,0.048025,44.681754
4169,-3,-0.037804,-136.720085
4170,-4,-0.095012,-9.753053
4171,12,0.075966,156.454736
4172,3,0.08099,-87.234661
4173,9,-0.023477,59.035943
4174,3,-0.004951,-58.596039
4175,1,-0.033631,-19.53125
4176,4,-0.062237,29.297161
4177,8,0.09036,39.063263
4178,4,0.034062,-38.117019
4179,3,-0.080618,-10.01422
4180,4,-0.004323,9.766006
4181,5,0.062436,9.765339
4182,4,0.005215,-9.765911
4183,11,0.062428,68.351365
4184,0,-0.098108,-107.42712
4185,4,0.077492,39.064789
4186,3,-0.064878,-9.765053
4187,5,0.078244,19.531822
4188,11,0.077978,58.592033
4189,-6,-0.101556,-164.311535
4190,7,0.033263,128.28863
4191,3,0.023794,-38.993576
4192,5,0.014292,19.566217
4193,4,0.004786,-9.733971
4194,8,0.071234,38.745799
4195,4,-0.053183,-39.513978
4196,5,0.02311,9.765434
4197,6,0.051722,9.76572
4198,11,0.070794,48.824787
4199,-1,-0.061318,-115.750789
4200,0,-0.051687,9.861447
4201,10,0.052914,97.923052
4202,-1,-0.012345,-107.429219
4203,4,-0.004507,47.80526
4204,5,0.032909,9.979642
4205,6,0.081423,9.765244
4206,2,-0.026555,-38.631666
4207,6,0.002488,39.505392
4208,14,0.135997,78.117371
4209,-7,-0.035678,-205.090142
4210,4,-0.073827,107.419777
4211,6,0.125638,19.532585
4212,6,-0.075275,0.0
4213,12,0.086972,58.696354
4214,-2,-0.008358,-136.72142
4215,3,-0.046507,48.829556
4216,9,0.03932,58.589173
4217,4,0.002327,-47.64582
4218,-1,-0.036974,-50.009502
4219,6,0.058479,68.44627
4220,3,-0.017817,-29.298592
4221,4,-0.00828,9.765434
4222,6,0.02033,19.53125
4223,12,0.086758,58.587456
4224,-4,-0.006538,-156.25763
4225,5,-0.054218,87.8932
4226,4,0.012539,-9.765625
4227,7,0.022129,29.296589
4228,11,0.069838,39.060211
4229,-4,-0.10184,-146.501543
4230,7,0.076087,104.137082
4231,2,-0.020875,-50.418982
4232,6,-0.001802,39.060974
4233,6,0.036346,0.0
4234,0,0.05538,-58.632113
4235,5,-0.058997,48.900234
4236,6,0.007026,9.765244
4237,5,0.026488,-9.752577
4238,8,0.036063,29.335263
4239,-2,-0.078346,-97.662926
4240,5,0.055304,68.360043
4241,4,-0.001918,-9.766102
4242,3,0.017156,-9.76553
4243,16,0.083907,126.943208
4244,-4,-0.021005,-195.322037
4245,4,-0.059156,78.127289
4246,8,0.064817,39.061737
4247,3,-0.030552,-48.829556
4248,-7,-0.105394,-96.169566
4249,15,0.152667,215.428605
4250,1,-0.039678,-138.480865
4251,12,0.083505,106.569527
4252,1,-0.022244,-108.286901
4253,3,-0.022254,19.520194
4254,3,0.073115,0.0
4255,6,-0.069053,30.206917
4256,4,0.016438,-19.883483
4257,4,0.016438,0.0
4258,3,-0.031214,-9.73615
4259,6,0.083313,29.3867
4260,4,0.035679,-19.479887
4261,6,-0.059647,19.582885
4262,3,-0.003413,-29.296303
4263,13,0.091948,97.649575
4264,-2,-0.032037,-146.491528
4265,4,-0.051105,58.596611
4266,6,0.044266,19.529724
4267,2,-0.070171,-39.065934
4268,9,0.091948,68.352032
4269,-2,0.02518,-107.434465
4270,5,-0.051117,68.35804
4271,4,-0.003533,-9.766102
4272,4,0.006021,0.0
4273,13,0.092443,88.496445
4274,-6,-0.126493,-185.570434
4275,10,0.063565,156.236268
4276,5,0.015879,-48.830509
4277,1,-0.050878,-39.0625
4278,10,0.0731,87.890625
4279,1,0.054028,-87.892342
4280,5,-0.069941,39.060593
4281,4,-0.003186,-9.765911
4282,4,0.034965,0.0
4283,8,0.026032,39.677816
4284,4,0.054879,-38.82289
4285,2,-0.050129,-19.637878
4286,3,-0.02151,9.77326
4287,-10,-0.135949,-126.950645
4288,23,0.188254,322.243597
4289,-4,-0.002342,-263.705353
4290,6,-0.031274,97.337811
4291,8,0.02601,19.59574
4292,6,0.006937,-19.530296
4293,9,0.064156,29.294872
4294,-3,-0.01215,-117.197801
4295,7,-0.012155,97.654343
4296,7,0.00692,0.0
4297,0,-0.050301,-68.359375
4298,12,0.102282,117.181778
4299,-4,0.123852,-143.930194
4300,11,-0.127583,160.20164
4301,-1,0.051119,-115.890522
4302,2,0.002342,29.62963
4303,3,0.021416,9.766579
4304,5,0.069098,19.530106
4305,7,0.021408,19.531822
4306,0,-0.035813,-68.360043
4307,7,0.021408,68.360043
4308,2,0.048008,-48.828125
4309,7,0.105494,48.827648
4310,6,-0.018486,-9.765625
4311,5,0.048273,-9.765625
4312,6,0.010129,9.76553
4313,9,0.09596,29.294586
4314,-3,0.010117,-117.20009
4315,7,0.021219,97.652435
4316,2,-0.026469,-48.832417
4317,5,-0.007396,29.295445
4318,5,0.116594,0.0
4319,3,0.078448,-19.531059
4320,4,-0.035993,9.76553
4321,7,0.05937,29.293156
4322,2,0.040289,-48.835756
4323,7,0.002144,48.826218
4324,8,0.145194,9.76572
4325,7,-0.006783,-9.765339
4326,3,0.012536,-39.061737
4327,3,0.012536,0.0
4328,2,0.002999,-9.766483
4329,5,0.098366,29.295158
4330,2,-0.01608,-29.299164
4331,7,0.041136,48.823834
4332,1,0.002984,-58.600045
4333,5,0.022056,39.05983
4334,7,0.077701,19.53125
4335,4,0.029157,-29.297447
4336,-3,-0.066209,-68.359375
4337,10,0.086384,126.959324
4338,6,0.181757,-19.530582
4339,5,-0.028046,-9.765911
4340,2,-0.018511,-29.298878
4341,7,0.067318,48.823834
4342,8,0.076855,9.766006
4343,1,0.010142,-68.314677
4344,5,0.105427,38.975338
4345,3,-0.047208,-19.588255
4346,3,0.048157,0.0
4347,4,0.086306,9.766674
4348,3,0.038623,-9.765244
4349,8,0.105379,48.827648
4350,2,0.000469,-58.597756
4351,4,0.048154,19.531059
4352,6,0.05769,19.530487
4353,4,0.02908,-19.531441
4354,3,0.038617,-9.766102
4355,7,0.048153,39.0625
4356,5,0.02908,-19.531059
4357,4,0.086303,-9.765244
4358,-3,-0.027188,-67.389337
4359,13,0.184863,158.541419
4360,5,0.022826,-78.035838
4361,4,0.022815,-9.776509
4362,6,0.070496,19.53125
4363,2,0.051425,-39.062119
4364,3,0.04189,9.766006
4365,4,0.022815,9.76572
4366,4,0.051306,0.0
4367,4,0.060882,0.0
4368,5,0.06084,9.722897
4369,6,0.060922,9.808826
4370,1,0.03244,-48.778108
4371,8,0.061117,68.430211
4372,7,0.05158,-9.765244
4373,2,0.051579,-48.829556
4374,-2,-0.005642,-39.063263
4375,10,0.089727,117.189789
4376,6,0.070655,-39.061737
4377,6,0.070655,0.0
4378,2,0.042262,-39.03353
4379,6,0.079567,38.19965
4380,3,0.021661,-29.9982
4381,6,0.069345,29.296589
4382,5,0.040735,-9.765625
4383,-2,-0.016505,-68.365384
4384,7,0.088427,87.889767
4385,4,0.040773,-29.267722
4386,6,0.078219,18.812729
4387,5,0.039685,-10.163428
4388,4,0.049221,-9.765911
4389,6,0.068294,19.530487
4390,3,0.030548,-28.635244
4391,4,0.040312,9.997401
4392,10,0.097529,58.590889
4393,1,0.011734,-87.854591
4394,2,0.011739,9.769918
4395,6,0.087839,39.038101
4396,3,0.05921,-29.315197
4397,6,0.058912,28.989989
4398,4,0.049172,-19.740219
4399,3,0.011024,-9.766102
4400,4,0.049171,9.76572
4401,7,0.077781,29.296303
4402,5,0.097308,-19.067049
4403,3,-0.017608,-20.019419
4404,4,0.020385,9.609009
4405,4,0.068071,0.0
4406,5,0.068071,9.765816
4407,5,0.058585,0.0
4408,5,0.039409,0.0
4409,4,0.001261,-9.765816
4410,4,0.11571,0.0
4411,-2,-0.03618,-57.885445
4412,11,0.137018,128.52708
4413,-3,-0.015563,-136.722756
4414,10,0.032084,126.959324
4415,4,0.098924,-58.514321
4416,6,0.089412,19.556842
4417,3,0.032242,-29.246037
4418,5,0.070422,19.566026
4419,8,0.041813,29.296875
4420,6,0.079963,-19.531441
4421,5,0.041829,-9.753338
4422,2,0.051331,-29.333542
4423,3,0.018514,9.766006
4424,6,0.003488,29.295158
4425,4,0.118364,-19.08743
4426,2,0.108572,-19.779459
4427,8,0.013626,59.23001
4428,1,0.032057,-68.361378
4429,4,0.003015,29.296875
4430,6,0.07931,19.530487
4431,5,0.088847,-9.76572
4432,3,0.041186,-19.508198
4433,4,0.012571,9.762288
4434,5,0.059346,9.780716
4435,5,0.069126,0.0
4436,5,0.059589,0.0
4437,6,0.059589,9.765148
4438,2,0.030976,-39.06517
4439,4,-0.0167,19.530869
4440,8,0.126353,39.059067
4441,11,0.116814,29.297447
4442,-6,-0.035788,-166.030217
4443,5,0.050037,107.41663
4444,1,-0.045301,-39.033911
4445,8,0.181768,68.206842
4446,7,0.04692,-9.794895
4447,3,0.046861,-39.054872
4448,2,0.018214,-9.767819
4449,8,0.084939,58.592033
4450,1,-0.019657,-68.360043
4451,8,0.085691,68.362045
4452,3,0.028472,-48.826218
4453,4,0.028473,9.766197
4454,3,-0.028744,-9.765625
4455,5,0.103366,19.530487
4456,7,0.11281,19.531631
4457,6,0.007671,-9.7389
4458,0,0.055203,-58.756133
4459,4,0.046666,39.063263
4460,7,0.065479,29.243756
4461,8,0.065496,9.782343
4462,-7,-0.039843,-146.498682
4463,9,0.074164,156.248474
4464,6,-0.030557,-29.11632
4465,3,0.140937,-29.480263
4466,7,0.074179,39.059448
4467,6,0.045567,-9.766197
4468,2,0.007421,-39.061737
4469,7,-0.002213,48.830986
4470,6,0.122113,-9.41141
4471,0,0.014968,-60.886508
4472,6,0.014972,58.593178
4473,6,0.061501,0.0
4474,1,0.062561,-48.924636
4475,4,0.023238,28.180127
4476,4,0.05185,0.0
4477,6,0.061388,19.531631
4478,3,0.013706,-29.294872
4479,6,-0.014897,29.297733
4480,7,0.147235,9.765816
4481,0,-0.005357,-68.36071
4482,5,0.051759,48.721072
4483,7,0.042095,19.4009
4484,4,-0.024917,-29.560145
4485,5,0.127688,9.76553
4486,6,0.035528,9.765625
4487,2,0.046617,-39.063644
4488,7,0.056155,48.827171
4489,5,0.037081,-19.53125
4490,3,0.075265,-19.531441
4491,4,0.037048,9.766006
4492,2,0.008439,-19.530678
4493,4,0.036857,19.347037
4494,9,0.05635,49.296052
4495,1,0.075425,-78.129578
4496,5,0.045761,37.983458
4497,3,0.035666,-20.102523
4498,3,0.045203,0.0
4499,11,-0.002475,78.120423
4500,3,0.111975,-78.125
4501,-1,-0.002471,-39.065552
4502,8,0.045211,87.88805
4503,5,0.064286,-29.296303
4504,5,0.158202,0.0
4505,5,-0.052178,0.0
4506,4,0.073521,-9.765434
4507,3,-0.040088,-9.766197
4508,8,0.113343,48.826695
4509,4,0.057378,-37.78754
4510,0,0.017899,-40.427317
4511,6,0.045621,58.594322
4512,4,0.045965,-19.530487
4513,3,0.036428,-9.766006
4514,8,0.0936,48.80763
4515,4,0.026737,-39.081201
4516,9,0.09344,48.824787
4517,0,-0.011518,-87.894917
4518,4,0.055239,39.063263
4519,2,-0.059193,-19.529343
4520,8,0.14109,58.598328
4521,5,0.055258,-29.294872
4522,1,-0.001964,-39.06517
4523,4,0.064797,29.296589
4524,0,-0.040101,-39.063644
4525,11,0.169719,107.421875
4526,2,0.017131,-87.892342
4527,4,0.045741,19.530869
4528,6,0.064815,19.53125
4529,4,-0.040579,-19.427095
4530,18,0.269137,131.578947
4531,-3,-0.085968,-207.391021
4532,6,0.049096,89.474783
4533,-5,-0.011101,-100.704013
4534,14,0.091974,193.439352
4535,7,0.11395,-65.388783
4536,-2,-0.018199,-96.259773
4537,4,0.048559,58.59375
4538,4,0.048559,0.0
4539,-3,-0.056944,-68.357372
4540,-8,-0.066718,-48.831463
4541,21,0.228995,283.172706
4542,0,0.020491,-203.735144
4543,5,0.192469,49.154542
4544,5,-0.122222,0.0
4545,5,0.135302,0.0
4546,5,0.040246,0.0
4547,8,0.049719,29.296589
4548,6,0.049718,-19.53125
4549,-6,-0.093334,-117.190933
4550,14,0.211846,195.306778
4551,11,0.08787,-29.296875
4552,-6,-0.064175,-155.694765
4553,10,0.166005,167.344762
4554,-5,-0.091482,-146.484375
4555,8,0.172427,126.312926
4556,8,0.01598,0.0
4557,3,0.082528,-47.745459
4558,9,0.11569,63.586939
4559,0,0.022765,-85.388184
4560,5,0.052286,49.759166
4561,4,0.02366,-9.780716
4562,7,0.118964,29.230934
4563,4,0.032253,-20.432348
4564,7,0.107846,28.579866
4565,2,-0.031275,-93.632959
4566,-2,-0.060006,-39.186105
4567,12,0.073894,127.347978
4568,7,0.013191,-52.393876
4569,2,-0.06244,-48.151929
4570,4,0.071048,19.491658
4571,2,-0.033416,-9.318101
4572,3,0.025228,11.218182
4573,8,0.043032,47.527162
4574,0,-0.035411,-80.326124
4575,5,0.031343,48.825264
4576,1,-0.016037,-38.751054
4577,9,0.032269,78.757987
4578,-14,-0.139396,-224.620343
4579,23,0.164874,360.398971
4580,6,-0.007209,-166.448
4581,3,-0.026283,-29.296875
4582,4,0.0214,9.76553
4583,0,-0.016745,-39.060593
4584,11,0.097627,107.350588
4585,6,0.021302,-48.862004
4586,5,0.040377,-9.765625
4587,-1,-0.064523,-58.594322
4588,6,0.059029,67.917645
4589,6,0.020885,0.0
4590,9,0.030273,29.145172
4591,-2,-0.046566,-107.98076
4592,6,0.096485,78.124237
4593,-2,-0.103791,-78.122711
4594,8,0.010658,97.664834
4595,1,-0.042186,-63.877938
4596,16,0.12845,145.431981
4597,0,-0.084609,-169.34801
4598,4,-0.05929,35.692297
4599,4,0.007423,0.0
4600,7,-0.005102,26.149032
4601,3,-0.015172,-29.900059
4602,7,0.053273,70.088136
4603,-6,-0.080247,-126.958084
4604,11,0.060852,134.720692
4605,7,-0.036522,-50.883464
4606,4,-0.007907,-29.296017
4607,2,-0.046054,-19.53125
4608,4,-0.046799,18.767184
4609,4,-0.027725,0.0
4610,8,0.018806,37.882016
4611,4,-0.059048,-40.65991
4612,6,-0.020996,19.434457
4613,-4,-0.10731,-98.150838
4614,11,0.101544,146.477223
4615,7,-0.091429,-39.063644
4616,6,-0.024759,-9.765434
4617,2,-0.053358,-39.061737
4618,-4,-0.129656,-58.598328
4619,11,0.051442,146.382879
4620,4,-0.024896,-68.4048
4621,5,-0.024896,9.765911
4622,7,-0.005824,19.529915
4623,-6,-0.129809,-126.960564
4624,11,0.022824,166.018868
4625,10,0.003715,-9.758954
4626,-3,-0.072706,-127.03252
4627,2,-0.091845,48.830986
4628,6,-0.044164,39.060974
4629,9,0.032133,29.298592
4630,4,0.024782,-46.591375
4631,5,-0.079804,10.094281
4632,6,-0.031971,9.918667
4633,-1,-0.098726,-68.356705
4634,10,0.044298,107.422924
4635,4,-0.050227,-58.59375
4636,1,-0.049544,-29.299164
4637,2,-0.068716,9.665011
4638,0,-0.078452,-19.735544
4639,6,0.045536,58.597756
4640,8,-0.021221,19.530869
4641,5,-0.021248,-29.295445
4642,0,-0.087307,-48.831463
4643,6,-0.020165,58.589745
4644,9,0.017439,28.740587
4645,4,-0.050262,-49.794845
4646,4,-0.022298,0.0
4647,6,-0.012987,19.531441
4648,2,-0.108351,-39.061737
4649,9,0.044198,68.356037
4650,2,-0.032102,-68.361378
4651,6,-0.032076,39.064789
4652,2,-0.041593,-39.060593
4653,5,-0.041351,29.237771
4654,6,-0.012517,9.785502
4655,5,-0.012516,-9.765339
4656,2,-0.050665,-29.298878
4657,4,-0.060201,19.531441
4658,3,-0.051092,-9.739754
4659,7,0.006706,39.165769
4660,5,-0.021752,-19.531441
4661,7,-0.002679,19.530487
4662,1,-0.069438,-58.595467
4663,3,-0.050364,19.532204
4664,11,0.025926,78.120423
4665,4,-0.031295,-68.359375
4666,-12,-0.18389,-156.25763
4667,16,0.139678,273.448182
4668,4,-0.099936,-116.837217
4669,4,0.033583,0.0
4670,8,-0.052256,39.060211
4671,1,-0.061873,-68.362045
4672,4,-0.052383,29.27429
4673,9,0.023897,48.864869
4674,2,-0.061971,-68.362713
4675,5,-0.061971,29.297161
4676,4,-0.052434,-9.76572
4677,5,-0.033373,9.765434
4678,4,-0.014244,-9.745259
4679,6,-0.004667,19.571961
4680,6,-0.033276,0.0
4681,4,-0.033709,-19.531059
4682,2,-0.033468,-19.532204
4683,8,-0.034104,58.578305
4684,2,-0.024579,-58.607486
4685,4,-0.034245,19.398266
4686,3,-0.062921,-9.833422
4687,3,-0.053384,0.0
4688,5,-0.01526,19.531059
4689,5,-0.024794,0.0
4690,6,-0.024809,9.764862
4691,4,-0.043883,-19.531441
4692,5,-0.034345,9.766293
4693,6,-0.034345,9.765434
4694,4,-0.015268,-19.530296
4695,2,-0.053415,-19.532013
4696,6,-0.053411,39.063263
4697,6,-0.082022,0.0
4698,2,0.041968,-39.064407
4699,3,-0.053394,9.76553
4700,7,0.022872,39.063263
4701,2,-0.09142,-48.828125
4702,4,-0.062781,19.53125
4703,8,0.013484,39.040387
4704,3,-0.024689,-48.857229
4705,-9,-0.196351,-117.189789
4706,14,0.089743,224.600602
4707,6,-0.053309,-78.123474
4708,7,0.003888,9.74374
4709,7,-0.005649,0.0
4710,3,-0.034258,-39.060974
4711,2,-0.062857,-9.75467
4712,7,-0.034191,48.884935
4713,6,-0.034217,-9.76572
4714,0,-0.034061,-58.596039
4715,5,-0.024526,48.826695
4716,4,-0.062622,-9.766006
4717,4,-0.072175,0.0
4718,5,0.080527,9.868259
4719,5,-0.072059,0.0
4720,3,-0.062701,-19.532967
4721,4,-0.024375,9.765244
4722,5,-0.052982,9.765339
4723,8,-0.014834,29.297447
4724,3,-0.024374,-48.830509
4725,3,-0.072061,0.0
4726,5,-0.043795,19.532204
4727,5,0.015664,0.0
4728,5,-0.041556,0.0
4729,9,-0.003411,39.060593
4730,-2,-0.060542,-107.42712
4731,4,-0.030842,58.593178
4732,6,-0.011768,19.531822
4733,5,-0.040245,-9.628902
4734,5,-0.011637,0.0
4735,1,-0.078066,-38.726292
4736,10,-0.087602,0.000764
4737,5,-0.068703,-49.007596
4738,-5,-0.211654,-97.661019
4739,11,-0.154308,78.123474
4740,1,-0.220808,-97.65625
4741,-4,-0.27803,-48.829556
4742,13,-0.128865,162.509918
4743,0,-0.217432,-129.756059
4744,8,-0.188823,78.122711
4745,5,-0.19836,-29.296589
4746,9,-0.14114,39.061356
4747,-3,-0.265129,-117.198945
4748,4,-0.179303,68.356037
4749,9,-0.150604,48.734843
4750,0,-0.284745,-88.065207
4751,12,-0.094014,117.17949
4752,-1,-0.255092,-126.960564
4753,2,-0.206852,29.295445
4754,8,-0.149628,58.597183
4755,7,-0.235454,-9.764957
4756,9,-0.140087,19.530487
4757,-3,-0.216394,-117.203524
4758,6,-0.216398,87.883759
4759,4,-0.206323,-18.979474
4760,5,-0.1965,10.058642
4761,4,-0.205949,-9.676046
4762,2,-0.215607,-19.65544
4763,4,-0.187153,19.370648
4764,5,-0.225191,9.876446
4765,6,-0.178752,9.765434
4766,8,-0.1202,19.530678
4767,1,-0.210764,-34.143843
4768,4,-0.163018,29.361677
4769,5,-0.143944,9.765148
4770,8,-0.162999,29.295731
4771,2,-0.181624,-58.153059
4772,3,-0.224518,4.90148
4773,0,-0.167295,-29.298306
4774,2,-0.186382,19.518098
4775,5,-0.13868,29.316629
4776,9,-0.157761,39.05983
4777,4,-0.176837,-48.829079
4778,-1,-0.186299,-48.754327
4779,10,-0.110654,106.757767
4780,5,-0.120466,-49.111572
4781,3,-0.244483,-19.571195
4782,6,-0.130041,29.296589
4783,3,-0.177723,-29.296017
4784,16,-0.072829,126.943208
4785,-4,-0.244608,-195.329668
4786,3,-0.306342,68.364048
4787,6,-0.075203,29.294872
4788,-6,-0.277027,-117.193222
4789,20,0.069255,253.888894
4790,-5,-0.358088,-244.1597
4791,8,-0.170575,126.624199
4792,2,-0.133942,-58.746928
4793,9,-0.124411,68.353367
4794,6,-0.153021,-29.296303
4795,4,-0.10534,-19.532967
4796,3,-0.06719,-9.765339
4797,1,-0.362684,-19.413518
4798,3,-0.144533,19.651578
4799,12,-0.106713,87.882901
4800,1,-0.21017,-105.940365
4801,4,-0.18115,29.71621
4802,4,-0.18115,0.0
4803,6,-0.190686,19.531631
4804,9,-0.143005,29.294586
4805,-3,-0.143007,-117.193222
4806,9,-0.219294,117.188644
4807,0,-0.275216,-86.560934
4808,5,-0.074743,49.5894
4809,16,-0.133268,107.415581
4810,-8,-0.219119,-234.395601
4811,4,-0.228862,116.335434
4812,4,-0.228862,0.0
4813,8,-0.144505,38.636144
4814,7,-0.216245,-9.874105
4815,-2,-0.218691,-87.8932
4816,11,-0.14331,126.949406
4817,0,-0.238675,-107.434465
4818,5,-0.219538,48.827648
4819,10,-0.151906,48.822404
4820,-2,-0.294267,-117.197801
4821,6,-0.127356,77.284232
4822,3,-0.118013,-29.619391
4823,6,-0.213768,29.295445
4824,9,-0.133992,29.296017
4825,1,-0.163267,-78.129578
4826,3,-0.163227,19.532585
4827,-8,-0.259026,-107.415581
4828,14,-0.060156,214.860536
4829,3,-0.211189,-107.129988
4830,6,-0.104057,29.376628
4831,4,-0.170811,-19.530487
4832,9,-0.085302,48.809535
4833,2,-0.228996,-68.384084
4834,14,0.104797,117.182923
4835,-2,-0.399758,-156.26526
4836,1,-0.208601,29.297447
4837,-6,-0.246744,-68.356037
4838,15,-0.055998,205.090142
4839,3,-0.129244,-114.065188
4840,7,-0.194861,40.159433
4841,5,-0.166218,-19.532204
4842,0,-0.204219,-48.678382
4843,6,-0.089943,58.424297
4844,5,-0.165843,-9.803922
4845,2,-0.194483,-29.326947
4846,6,-0.184757,39.103742
4847,4,-0.098382,-19.532204
4848,8,-0.13653,39.060593
4849,3,-0.107569,-48.466989
4850,4,-0.193337,9.838743
4851,6,-0.111882,19.532013
4852,2,-0.292054,-39.064407
4853,5,-0.098066,29.296303
4854,8,-0.104492,29.111799
4855,2,-0.162077,-58.967479
4856,5,-0.159004,29.296589
4857,0,-0.177358,-48.695449
4858,6,-0.188423,58.757859
4859,4,-0.083488,-19.504584
4860,5,-0.205518,9.762384
4861,6,-0.146274,9.781673
4862,2,-0.155629,-38.875337
4863,5,-0.107807,29.438895
4864,10,-0.078451,48.827648
4865,4,-0.135674,-58.596611
4866,-9,-0.296645,-126.951885
4867,16,-0.01851,244.150162
4868,1,-0.180536,-146.480084
4869,6,-0.038213,47.587323
4870,5,-0.191049,-10.026872
4871,7,-0.133828,19.531441
4872,-2,-0.209884,-87.64754
4873,12,-0.037855,137.0963
4874,8,-0.018776,-39.061737
4875,-2,-0.257098,-97.658157
4876,-8,-0.247337,-58.409509
4877,15,-0.036826,225.328931
4878,-8,-0.273042,-222.355421
4879,29,0.207388,364.999507
4880,-7,-0.297507,-350.993507
4881,6,-0.163781,127.176678
4882,8,-0.020991,19.184468
4883,3,-0.117237,-49.724526
4884,5,-0.136309,19.530487
4885,0,-0.212609,-48.83194
4886,2,-0.148036,19.531059
4887,2,-0.157894,0.0
4888,11,-0.081756,87.883759
4889,5,-0.072104,-58.473263
4890,4,-0.186566,-9.786172
4891,2,-0.148133,-19.237798
4892,5,-0.090467,29.750689
4893,8,-0.071297,29.295158
4894,-4,-0.16591,-116.619209
4895,7,-0.117712,107.952148
4896,9,-0.117711,19.531822
4897,3,-0.146323,-58.594322
4898,4,-0.089099,9.766006
4899,5,-0.136779,9.765148
4900,6,-0.15531,9.76553
4901,2,-0.14483,-39.063263
4902,4,-0.125756,19.53125
4903,9,-0.097145,48.829079
4904,16,0.007749,68.35003
4905,-10,-0.306972,-253.918648
4906,3,-0.116385,126.799579
4907,4,-0.14508,9.681104
4908,4,-0.106935,0.0
4909,1,-0.164096,-29.294872
4910,10,-0.087823,87.888908
4911,1,-0.164123,-87.896634
4912,9,-0.059218,78.124237
4913,8,-0.087828,-9.765625
4914,0,-0.154614,-78.128815
4915,-6,-0.250026,-58.536014
4916,15,-0.030485,205.278592
4917,4,-0.15423,-107.184269
4918,4,-0.097008,0.0
4919,4,-0.116083,0.0
4920,7,-0.163761,29.297161
4921,4,-0.125614,-29.296303
4922,6,0.046056,19.532013
4923,3,-0.249594,-29.297447
4924,-2,-0.183181,-48.829556
4925,9,-0.078281,107.417679
4926,4,-0.162169,-46.841479
4927,0,-0.133211,-38.709053
4928,11,-0.051187,113.266609
4929,4,-0.165661,-68.356705
4930,5,-0.089364,9.766197
4931,4,-0.127511,-9.765244
4932,8,-0.079829,39.060593
4933,2,-0.146586,-58.594322
4934,3,-0.127532,9.76572
4935,5,-0.127572,19.531631
4936,6,-0.118035,9.765339
4937,4,-0.118037,-19.532776
4938,3,-0.108492,-9.758192
4939,6,-0.137067,29.317202
4940,2,-0.117983,-39.065552
4941,5,-0.108318,29.295445
4942,5,-0.098715,0.0
4943,6,-0.090075,8.847678
4944,3,-0.140602,-32.208194
4945,5,-0.121269,19.796492
4946,4,-0.140342,-9.76553
4947,4,-0.121268,0.0
4948,4,-0.130805,0.0
4949,7,-0.111763,29.264867
4950,-4,-0.197649,-107.477503
4951,10,-0.044987,136.793559
4952,10,-0.083135,0.0
4953,1,-0.169285,-88.217132
4954,-5,-0.188361,-58.5989
4955,12,-0.035783,166.005898
4956,4,-0.150229,-78.129578
4957,4,-0.102545,0.0
4958,7,-0.093008,29.297447
4959,0,-0.19771,-68.174956
4960,8,-0.073495,78.339209
4961,9,0.050478,9.758382
4962,2,-0.235666,-68.410148
4963,2,-0.159373,0.0
4964,-6,-0.245172,-78.11432
4965,10,-0.093185,155.634454
4966,9,-0.064566,-9.75448
4967,4,-0.102974,-49.085055
4968,6,-0.13164,19.531059
4969,5,-0.13164,-9.765339
4970,2,-0.103029,-29.298306
4971,7,-0.103028,48.827171
4972,4,-0.1221,-29.295731
4973,1,-0.150713,-29.299164
4974,5,-0.122206,39.059067
4975,3,-0.141281,-19.533158
4976,8,-0.074524,48.826218
4977,6,-0.103134,-19.530678
4978,5,-0.122207,-9.766102
4979,1,-0.188964,-39.060974
4980,6,-0.093591,48.830986
4981,5,-0.103128,-9.76553
4982,5,-0.122202,0.0
4983,2,-0.150815,-29.299164
4984,6,-0.112668,39.061737
4985,5,-0.16035,-9.76553
4986,3,-0.074507,-19.523624
4987,3,-0.131727,0.0
4988,6,-0.12219,29.297161
4989,2,-0.150932,-39.060593
4990,5,-0.122348,29.270292
4991,6,-0.074984,9.774789
4992,8,-0.05591,19.531822
4993,-4,-0.122488,-117.182923
4994,10,0.106405,136.725426
4995,5,-0.017569,-48.826695
4996,3,0.059167,-19.078508
4997,7,0.145925,40.011203
4998,3,-0.050924,-39.063263
4999,3,0.075791,0.0
5000,8,0.047184,48.828602
5001,5,0.047185,-29.295731
5002,0,-0.037595,-47.753211
5003,5,0.125643,49.957037
5004,5,0.058889,0.0
5005,3,-0.007718,-19.470595
5006,4,0.087416,9.351825
5007,9,0.021347,49.525055
5008,2,0.076277,-70.712071
5009,5,0.076278,29.296303
5010,6,0.028552,9.726018
5011,4,0.018936,-19.612266
5012,2,-0.019209,-19.530296
5013,5,0.123857,29.296589
5014,4,0.029231,-9.013475
5015,4,0.047766,0.0
5016,7,0.066022,28.753534
5017,6,0.065396,-10.317043
5018,0,0.029421,-56.494515
5019,4,0.050124,40.571243
5020,5,0.050016,9.765244
5021,6,0.050016,9.765911
5022,2,-0.007203,-39.062119
5023,6,0.064288,39.062881
5024,5,0.026077,-9.765911
5025,6,0.026078,9.765625
5026,3,-0.031142,-29.297161
5027,6,0.054258,29.296589
5028,2,0.011323,-39.064407
5029,4,0.059007,19.530678
5030,7,0.068556,29.296589
5031,4,0.011316,-29.297161
5032,-3,-0.093585,-68.359375
5033,11,0.086754,135.837926
5034,4,0.067171,-68.807565
5035,3,-0.046621,-9.765148
5036,4,0.010876,9.765816
5037,7,0.058599,29.297161
5038,2,-0.017696,-48.829079
5039,4,0.029987,19.531059
5040,11,-0.027228,68.354702
5041,0,0.058608,-107.433416
5042,5,0.03953,48.828602
5043,9,0.049065,39.058304
5044,-1,0.06814,-97.660065
5045,4,-0.132111,48.830986
5046,6,0.125399,19.531059
5047,4,-0.017331,-19.531441
5048,5,0.049575,9.765244
5049,6,-0.007639,9.766006
5050,5,0.011434,-9.76553
5051,0,-0.017176,-48.829556
5052,4,0.030508,39.0625
5053,4,0.049466,0.0
5054,5,0.039812,9.765434
5055,3,-0.065085,-19.531441
5056,7,0.075346,37.86122
5057,7,0.046326,0.0
5058,3,0.008636,-38.594765
5059,4,-0.000975,9.689922
5060,8,0.007161,37.626165
5061,0,0.046188,-77.229768
5062,4,-0.027385,41.849322
5063,3,0.04814,-9.22254
5064,8,0.050547,52.054053
5065,4,-0.089808,-36.307854
5066,4,0.139094,0.0
5067,2,0.00567,-20.29159
5068,5,0.033041,28.028477
5069,7,0.015289,20.458056
5070,-2,-0.060897,-87.888908
5071,8,0.120309,97.661972
5072,7,-0.013068,-9.628253
5073,5,0.072873,-19.431625
5074,4,0.015464,-9.958275
5075,-1,-0.079899,-48.829556
5076,13,0.168068,136.720085
5077,0,-0.031379,-126.949406
5078,5,0.04523,48.828125
5079,8,0.045232,29.297733
5080,-1,-0.069205,-87.887192
5081,8,0.092926,87.892342
5082,3,0.026165,-48.830986
5083,4,0.140599,9.765244
5084,4,-0.069225,0.0
5085,-2,-0.021827,-58.594322
5086,12,0.083002,136.72142
5087,1,-0.002833,-107.425022
5088,9,0.025795,78.124237
5089,7,0.073503,-19.53125
5090,-6,-0.164915,-126.956844
5091,11,0.149814,166.017246
5092,4,0.054448,-68.356705
5093,4,0.121202,0.0
5094,5,-0.069522,9.787896
5095,4,0.032333,-9.765625
5096,7,0.021725,29.296875
5097,5,0.021726,-19.530487
5098,4,0.059727,-9.766006
5099,6,0.021745,19.53125
5100,-5,-0.073585,-107.421875
5101,8,0.079037,126.958084
5102,4,0.002702,-39.063644
5103,5,0.031313,9.765244
5104,5,-0.006832,0.0
5105,7,0.059485,19.442203
5106,2,0.001973,-49.053753
5107,4,0.001973,19.531822
5108,9,0.087801,48.823357
5109,2,-0.007573,-68.366051
5110,2,-0.036002,0.0
5111,10,0.09681,77.031959
5112,11,0.077348,9.368296
5113,-11,-0.098182,-228.438519
5114,11,0.050548,211.057494
5115,-1,-0.039145,-111.350308
5116,7,0.034091,84.755639
5117,5,0.005465,-19.531441
5118,7,0.062502,19.530678
5119,0,-0.033006,-68.36071
5120,-9,-0.166519,-87.889767
5121,21,0.176798,292.960167
5122,-2,0.083937,-222.042014
5123,12,-0.026062,131.510967
5124,5,0.048981,-69.635805
5125,-2,-0.066516,-70.682082
5126,9,0.048185,107.42712
5127,6,0.000501,-29.297161
5128,4,0.067021,-19.531059
5129,7,-0.038253,29.295731
5130,-5,-0.114553,-117.192078
5131,11,0.133408,156.253052
5132,4,0.12519,-66.823862
5133,5,-0.085097,9.994903
5134,6,0.141584,9.765911
5135,-6,-0.329306,-117.192078
5136,14,0.204183,195.299149
5137,7,0.013227,-68.362045
5138,2,-0.05319,-48.827171
5139,7,0.043051,48.826218
5140,-5,-0.090467,-117.190933
5141,11,0.10981,156.251526
5142,5,0.033517,-58.593178
5143,3,0.014443,-19.532013
5144,7,-0.033235,39.061356
5145,-3,-0.071503,-97.659111
5146,10,0.062033,126.954365
5147,6,0.042672,-39.063644
5148,2,-0.024528,-39.062119
5149,6,-0.01499,39.061737
5150,-4,0.00353,-97.654343
5151,11,0.041163,146.488667
5152,7,-0.016059,-39.063263
5153,4,0.012553,-29.296017
5154,6,0.02209,19.531631
5155,-4,-0.082818,-97.660065
5156,11,0.0507,146.487236
5157,7,0.051781,-37.956426
5158,2,-0.016406,-50.292198
5159,-4,-0.12131,-58.592033
5160,8,-0.073614,117.190933
5161,9,0.183891,9.765816
5162,4,0.012381,-48.826218
5163,10,0.060145,58.590889
5164,0,-0.035233,-97.666742
5165,-3,-0.035235,-29.297161
5166,14,0.041046,166.001035
5167,-1,-0.016173,-146.488667
5168,10,0.01244,107.423973
5169,2,-0.054317,-78.125
5170,-2,-0.016167,-39.063644
5171,9,0.145903,107.423973
5172,7,-0.073638,-19.53125
5173,6,0.021498,-9.765053
5174,1,-0.026189,-48.83194
5175,0,-0.035726,-9.765339
5176,12,0.050106,117.188644
5177,3,-0.007116,-87.891483
5178,7,0.011956,39.062119
5179,0,-0.026193,-68.362713
5180,-2,0.002418,-19.53125
5181,11,0.021497,126.954365
5182,4,0.000489,-68.354035
5183,5,0.047827,9.765625
5184,5,-0.062785,0.0
5185,4,-0.005567,-9.765816
5186,11,0.051655,68.362045
5187,3,-0.015099,-78.121948
5188,6,-0.024634,29.296589
5189,2,-0.005561,-39.063644
5190,1,-0.024635,-9.765434
5191,12,0.061202,107.42817
5192,7,0.003984,-48.825741
5193,6,0.013522,-9.765911
5194,1,-0.024634,-48.829556
5195,-1,-0.072337,-19.53125
5196,13,0.099322,136.71341
5197,0,-0.053268,-126.956844
5198,1,-0.043732,9.765244
5199,11,0.043002,97.662926
5200,0,-0.03045,-107.422924
5201,12,0.064659,117.188644
5202,10,0.055124,-19.529534
5203,11,0.064661,9.76553
5204,2,-0.021176,-87.896634
5205,3,-0.040218,9.765434
5206,7,0.102886,39.061356
5207,4,-0.059312,-29.297161
5208,9,-0.011628,48.828602
5209,4,0.026837,-48.829556
5210,3,0.074525,-9.765625
5211,5,-0.068516,19.53125
5212,3,-0.011292,-19.532013
5213,6,0.017318,29.296589
5214,4,-0.030366,-19.530487
5215,3,0.026675,-9.76572
5216,10,0.016932,68.362713
5217,5,-0.04028,-48.826695
5218,2,-0.002079,-29.292584
5219,7,0.045614,48.838141
5220,4,0.094125,-28.439523
5221,5,-0.048029,10.068871
5222,4,-0.04804,-9.765816
5223,7,0.028505,29.296875
5224,3,-0.028716,-39.063263
5225,6,0.009428,29.294014
5226,3,0.009427,-29.298878
5227,-3,-0.094829,-57.930715
5228,10,0.059192,128.421697
5229,5,0.040121,-48.828602
5230,3,-0.017096,-19.531059
5231,1,-0.017095,-19.531441
5232,10,0.021052,87.888908
5233,2,-0.036172,-78.128815
5234,4,-0.007561,19.531441
5235,8,0.06873,39.060974
5236,1,-0.045718,-68.363381
5237,7,0.021037,58.592033
5238,1,-0.036187,-58.597756
5239,3,0.011499,19.53125
5240,9,0.030571,58.591461
5241,5,0.001962,-39.060974
5242,2,-0.007583,-29.297733
5243,3,0.001895,9.705911
5244,4,-0.017119,9.826272
5245,7,0.049637,29.297733
5246,2,-0.026629,-48.825741
5247,-4,-0.093394,-58.592606
5248,15,0.067684,184.474975
5249,4,0.0766,-108.052887
5250,5,-0.047384,9.766197
5251,3,-0.018775,-19.531441
5252,7,0.038001,39.05983
5253,3,-0.03922,-39.0625
5254,5,0.018002,19.532394
5255,5,0.018002,0.0
5256,9,0.008463,39.05983
5257,0,-0.048657,-87.786036
5258,1,0.007526,9.778325
5259,5,-0.003386,38.78299
5260,5,-0.003386,0.0
5261,3,-0.003445,-19.531441
5262,6,0.016031,29.295445
5263,3,-0.060944,-29.297447
5264,7,0.046259,39.064407
5265,6,0.008113,-9.76553
5266,5,-0.010921,-9.765148
5267,2,-0.02038,-29.298019
5268,6,0.03684,39.063263
5269,3,-0.020381,-29.297733
5270,4,-0.002042,9.765339
5271,6,0.01703,19.530106
5272,5,-0.020587,-9.766293
5273,4,-0.020048,-9.765244
5274,5,0.044659,9.76553
5275,2,-0.023573,-29.298592
5276,6,0.005036,39.061356
5277,4,-0.023574,-19.531059
5278,4,0.014573,0.0
5279,2,-0.042648,-19.531631
5280,9,0.033646,68.359375
5281,6,-0.0045,-29.295731
5282,2,-0.01404,-39.065934
5283,5,-0.014042,29.294586
5284,6,0.033644,9.766102
5285,1,-0.033115,-48.830509
5286,-2,-0.090334,-29.295445
5287,11,0.062251,126.949406
5288,5,0.071789,-58.592606
5289,6,-0.051328,9.766483
5290,3,-0.012742,-29.296017
5291,5,0.015867,19.530487
5292,3,-0.012744,-19.531822
5293,8,0.006329,48.828602
5294,2,-0.003207,-58.594322
5295,3,-0.012744,9.765339
5296,6,-0.050885,29.298019
5297,4,0.034957,-19.53125
5298,6,0.006252,19.435213
5299,2,-0.070228,-39.257253
5300,5,0.053754,29.296875
5301,6,0.015604,9.765339
5302,3,-0.03208,-29.296875
5303,4,-0.003469,9.766197
5304,6,0.006068,19.531059
5305,7,0.006067,9.764862
5306,0,-0.051161,-68.367387
5307,6,0.053739,58.588601
5308,3,-0.013021,-29.299736
5309,4,-0.003484,9.765339
5310,7,0.01559,29.297447
5311,0,-0.03209,-68.35537
5312,13,0.054919,126.958084
5313,2,-0.04998,-107.41663
5314,1,-0.021827,-9.766197
5315,7,0.025928,58.591461
5316,0,-0.077579,-68.364716
5317,8,0.074131,78.121185
5318,2,-0.023962,-58.597756
5319,6,0.02319,39.060211
5320,5,-0.037181,-9.765434
5321,5,-0.001724,0.0
5322,8,0.026885,29.296017
5323,0,-0.029596,-78.128815
5324,2,-0.037895,19.530296
5325,-1,-0.086484,-29.296875
5326,10,0.104257,107.430268
5327,6,-0.029259,-39.059067
5328,4,-0.038931,-19.532204
5329,7,0.008654,29.295731
5330,4,-0.010233,-29.298306
5331,2,0.018378,-19.532204
5332,14,-0.000716,117.168048
5333,-5,-0.056217,-183.782634
5334,7,0.011665,118.339694
5335,2,-0.064628,-48.826695
5336,5,0.049811,29.298592
5337,11,0.021193,58.586884
5338,-4,-0.074185,-146.497251
5339,7,0.021186,107.425022
5340,2,-0.026496,-48.826695
5341,5,0.059336,29.297447
5342,10,-0.0265,48.825741
5343,-4,-0.055116,-136.728097
5344,10,0.002102,136.71608
5345,2,-0.055122,-78.128815
5346,6,0.107004,39.060211
5347,3,-0.083619,-29.180892
5348,5,0.001398,18.700327
5349,5,0.001398,0.0
5350,3,-0.027235,-19.531822
5351,4,-0.008162,9.764957
5352,14,0.058592,97.653389
5353,-1,-0.065397,-146.49582
5354,2,-0.027251,29.295158
5355,2,-0.046325,0.0
5356,4,0.077653,19.531441
5357,11,0.020428,68.359375
5358,-1,-0.055866,-117.188644
5359,4,-0.01772,48.827171
5360,6,0.001354,19.532013
5361,4,-0.036525,-19.346663
5362,13,0.09803,88.731145
5363,-4,-0.083176,-166.023732
5364,-1,-0.102246,29.296303
5365,10,0.069429,107.429219
5366,3,0.002671,-68.360043
5367,11,0.003735,78.121185
5368,1,-0.100783,-97.658157
5369,6,0.169987,48.829556
5370,0,-0.093346,-58.595467
5371,5,0.063077,48.827648
5372,11,0.037525,58.590317
5373,0,-0.048309,-107.426071
5374,2,-0.048308,19.532204
5375,2,0.018451,0.0
5376,7,0.151961,48.824787
5377,14,-0.067378,68.356705
5378,-4,-0.022213,-175.793267
5379,5,-0.064812,87.889767
5380,3,-0.015884,-19.532967
5381,4,0.062678,9.765053
5382,13,0.043595,87.886334
5383,-2,-0.070852,-146.491528
5384,4,0.005444,58.596039
5385,6,-0.004093,19.530296
5386,1,0.064598,-46.852891
5387,10,0.001616,91.759956
5388,-2,-0.047569,-117.189789
5389,6,0.018965,78.126526
5390,3,-0.019182,-29.297447
5391,4,0.104727,9.690862
5392,16,0.029322,118.084667
5393,-3,-0.085134,-185.564997
5394,2,0.010235,48.830986
5395,5,-0.008838,29.294872
5396,1,0.067456,-39.065934
5397,15,0.048364,136.701395
5398,-2,-0.056546,-166.020489
5399,2,0.000678,39.064789
5400,7,0.010216,48.828602
5401,6,0.09605,-9.765434
5402,7,-0.018393,9.764957
5403,0,-0.047006,-68.363381
5404,1,0.000677,9.765911
5405,5,0.000678,39.062881
5406,3,0.076971,-19.531059
5407,10,0.00067,68.356705
5408,4,-0.018403,-58.594322
5409,3,0.000669,-9.766197
5410,3,-0.018405,0.0
5411,4,0.086503,9.765625
5412,12,0.01974,78.121948
5413,-9,-0.143481,-205.094148
5414,11,0.096368,195.3125
5415,3,0.077292,-78.125763
5416,8,0.010429,48.722971
5417,12,0.039118,39.143922
5418,-4,-0.065788,-156.25
5419,2,-0.065779,58.600045
5420,7,0.07728,48.825741
5421,-1,0.02998,-77.732542
5422,15,0.021218,157.029011
5423,-3,-0.007401,-175.794984
5424,4,-0.045548,68.362045
5425,6,0.049714,19.423133
5426,5,0.078272,-9.820096
5427,10,0.021048,48.825741
5428,0,-0.055249,-97.659111
5429,2,-0.026638,19.532394
5430,5,0.049658,29.296017
5431,6,0.068731,9.765434
5432,13,0.021043,68.356037
5433,-3,-0.045729,-156.266786
5434,1,-0.045729,39.0625
5435,4,0.049642,29.296875
5436,4,0.068715,0.0
5437,14,0.040092,97.643854
5438,-5,-0.074378,-185.570434
5439,5,0.011455,97.658157
5440,8,0.040065,29.296303
5441,3,0.001919,-48.827171
5442,12,0.020981,87.882043
5443,-4,-0.055332,-156.266786
5444,5,0.001886,87.88805
5445,5,0.040034,0.0
5446,3,0.030497,-19.531631
5447,12,0.011412,87.884617
5448,0,-0.05535,-117.189789
5449,4,-0.007666,39.062881
5450,4,0.040019,0.0
5451,2,0.040019,-19.531822
5452,4,-0.074418,19.530106
5453,4,0.049563,0.0
5454,6,0.0591,19.531059
5455,-1,-0.10303,-68.358707
5456,8,0.087709,87.894058
5457,12,0.01141,39.058686
5458,-3,-0.112586,-146.501543
5459,7,-0.02676,97.651482
5460,4,0.030465,-29.298019
5461,4,0.020929,0.0
5462,8,0.020929,39.061737
5463,0,-0.026757,-78.128052
5464,3,-0.045831,29.297161
5465,7,0.04,39.061737
5466,0,-0.017225,-68.364716
5467,7,0.030456,68.357372
5468,2,0.001848,-48.826695
5469,4,-0.007687,19.532394
5470,8,0.049532,39.061356
5471,-1,-0.026762,-87.890625
5472,10,0.01138,107.420826
5473,3,-0.007696,-68.36071
5474,6,0.049521,29.297447
5475,8,0.0209,19.529724
5476,0,-0.027628,-78.131867
5477,5,0.010223,48.828125
5478,6,0.029296,9.764957
5479,3,-0.027926,-29.297733
5480,8,0.057907,48.829556
5481,2,-0.027918,-58.590889
5482,2,0.000694,0.0
5483,5,0.085878,29.296875
5484,5,-0.039534,0.0
5485,3,-0.010925,-19.532204
5486,7,0.046295,39.061356
5487,2,0.017685,-48.828125
5488,6,-0.029996,39.063644
5489,6,0.046301,0.0
5490,5,0.017691,-9.765339
5491,3,-0.039528,-19.531059
5492,5,0.046307,19.531631
5493,2,-0.039522,-29.297447
5494,5,0.046314,29.298592
5495,4,0.01772,-9.749344
5496,6,-0.020394,19.562963
5497,5,0.008215,-9.765434
5498,5,0.036826,0.0
5499,6,0.036884,9.765434
5500,0,-0.029935,-58.596039
5501,4,-0.020398,39.063263
5502,5,0.03682,9.76553
5503,2,0.065429,-29.297161
5504,7,-0.067038,48.828602
5505,7,0.038482,0.0
5506,4,0.000334,-29.297733
5507,3,0.009871,-9.765053
5508,5,-0.009199,19.531441
5509,7,0.048021,19.530869
5510,0,-0.037814,-68.362045
5511,5,0.00987,48.828602
5512,6,-0.018737,9.765434
5513,5,0.057454,-9.766102
5514,3,0.028832,-19.530869
5515,3,-0.009042,0.0
5516,7,0.029104,39.062119
5517,3,0.010031,-39.062119
5518,3,-0.018577,0.0
5519,7,0.048179,39.060974
5520,5,-0.009043,-19.53125
5521,3,-0.018581,-19.531631
5522,5,0.01003,19.532394
5523,4,0.029105,-9.765244
5524,3,-0.01858,-9.766102
5525,8,0.057713,48.826218
5526,2,-0.009045,-58.595467
5527,3,-0.018581,9.766102
5528,9,0.048172,58.588601
5529,5,0.019561,-39.062881
5530,-6,-0.094888,-107.430268
5531,10,0.086303,156.240845
5532,5,0.000473,-48.828602
5533,3,0.000472,-19.532204
5534,4,0.010008,9.765148
5535,8,0.067229,39.062119
5536,5,-0.028141,-29.298878
5537,4,-0.009055,-9.751626
5538,6,0.048195,19.557989
5539,5,0.01005,-9.766293
5540,-5,-0.094851,-97.652435
5541,13,0.124501,175.7864
5542,2,0.048205,-107.422924
5543,5,-0.047158,29.297447
5544,7,0.029134,19.530678
5545,3,-0.018549,-39.060974
5546,2,0.000523,-9.766006
5547,7,0.028286,47.959791
5548,4,0.018223,-29.836199
5549,2,-0.048536,-19.532585
5550,5,0.037296,29.297161
5551,2,-0.000851,-29.296875
5552,8,0.027469,58.297141
5553,5,0.017787,-29.444962
5554,6,0.008345,9.766006
5555,2,0.008533,-39.064789
5556,6,0.018068,39.060593
5557,5,-0.001005,-9.76553
5558,4,0.018068,-9.76553
5559,4,0.008531,0.0
5560,5,-0.001006,9.765625
5561,4,-0.020079,-9.765911
5562,2,0.027614,-19.530296
5563,4,-0.010528,19.532013
5564,7,0.046695,29.296589
5565,2,-0.010525,-48.828125
5566,4,-0.020121,19.471163
5567,0,0.008375,-39.175742
5568,13,0.007289,125.845829
5569,2,0.006329,-108.400016
5570,4,0.03494,19.531822
5571,6,-0.003262,19.47268
5572,3,0.034805,-29.384109
5573,4,-0.031949,9.765625
5574,7,0.053887,29.297733
5575,1,-0.041481,-58.596039
5576,8,0.034811,68.357372
5577,7,0.025275,-9.765244
5578,1,-0.060509,-58.546295
5579,-4,-0.031937,-48.871556
5580,10,0.0825,136.71341
5581,5,0.063427,-48.827171
5582,4,-0.050973,-9.715624
5583,7,0.015929,29.448431
5584,7,0.035003,0.0
5585,2,-0.04129,-48.828602
5586,8,0.044541,58.592606
5587,5,0.035005,-29.296875
5588,0,-0.127101,-48.828602
5589,4,0.090521,39.062119
5590,4,-0.025046,0.0
5591,4,0.022637,0.0
5592,7,0.022676,29.338419
5593,5,-0.053612,-19.53125
5594,4,0.079915,-9.765816
5595,2,-0.044066,-19.531822
5596,4,0.02269,19.532013
5597,8,0.032226,39.062119
5598,1,-0.082212,-68.358707
5599,3,0.070386,19.532013
5600,7,-0.024978,39.063263
5601,5,0.032729,-19.036741
5602,4,-0.015206,-10.025867
5603,6,0.032363,19.530296
5604,2,-0.024049,-39.065552
5605,4,-0.004976,19.530678
5606,9,0.061781,48.827171
5607,3,-0.004977,-58.594894
5608,4,-0.090805,9.765244
5609,5,0.061794,9.766197
5610,3,0.014112,-19.531631
5611,6,0.042721,29.295731
5612,2,-0.014502,-39.064789
5613,6,-0.043115,39.059067
5614,3,0.042714,-29.299736
5615,3,-0.004969,0.0
5616,13,0.07132,97.652435
5617,1,-0.024237,-117.197801
5618,-4,-0.158571,-48.826218
5619,10,0.137078,136.720085
5620,5,0.060784,-48.828602
5621,8,-0.015519,29.295731
5622,-3,-0.053667,-107.423973
5623,9,-0.015514,117.189789
5624,4,0.032171,-48.828602
5625,8,0.02263,39.05983
5626,3,0.032166,-48.830986
5627,0,-0.044129,-29.298878
5628,5,-0.053666,48.824787
5629,4,0.041705,-9.765911
5630,4,0.022631,0.0
5631,5,0.032167,9.764957
5632,2,-0.044125,-29.298019
5633,10,-0.034583,78.127289
5634,4,0.079873,-58.589745
5635,3,-0.015494,-9.766293
5636,8,0.051262,48.824787
5637,-4,-0.072719,-117.190933
5638,8,-0.044099,117.193222
5639,5,0.070349,-29.296875
5640,6,0.022572,9.671835
5641,5,-0.006131,-9.861252
5642,-4,-0.046207,-87.890625
5643,12,0.016764,156.242371
5644,3,0.045372,-87.894917
5645,6,-0.002313,29.297161
5646,5,0.016762,-9.765434
5647,-7,-0.107148,-117.192078
5648,15,-0.012662,214.837456
5649,4,0.063645,-107.426071
5650,5,0.025496,9.76572
5651,4,-0.012649,-9.765053
5652,0,-0.012646,-39.062881
5653,9,-0.060308,87.895775
5654,3,0.044601,-58.59375
5655,7,0.044599,39.0625
5656,6,-0.012621,-9.764671
5657,-14,-0.193825,-195.318222
5658,19,0.111367,322.281361
5659,1,0.006493,-175.753788
5660,8,0.063723,68.36939
5661,5,-0.003034,-29.296303
5662,-2,-0.050719,-68.36071
5663,9,-0.012564,107.42712
5664,12,0.073265,29.2943
5665,4,0.006502,-78.131104
5666,0,-0.031646,-39.064026
5667,-1,-0.05072,-9.76553
5668,10,-0.022108,107.420826
5669,4,0.120959,-58.594322
5670,5,-0.060239,9.76572
5671,5,0.016055,0.0
5672,0,-0.079209,-48.828125
5673,9,-0.032331,87.147657
5674,2,0.052924,-68.949214
5675,10,0.071986,78.11966
5676,2,-0.051993,-78.128815
5677,1,0.014606,-9.534979
5678,5,-0.099648,40.032827
5679,6,0.081339,9.535343
5680,9,0.043894,30.018612
5681,0,-0.060908,-87.894058
5682,-1,-0.060855,-9.765625
5683,9,-0.013163,97.661972
5684,4,0.034523,-48.828125
5685,9,0.06313,48.825264
5686,1,-0.041775,-78.126526
5687,-3,-0.08946,-39.064026
5688,15,0.015439,175.772667
5689,-2,0.005904,-166.030217
5690,4,0.024975,58.590889
5691,7,0.024975,29.297447
5692,-3,-0.070393,-97.657204
5693,10,-0.041773,126.950645
5694,11,0.148984,9.764767
5695,-3,-0.079909,-136.728097
5696,8,-0.013807,96.984659
5697,15,0.108444,76.357528
5698,-3,-0.143969,-170.588626
5699,8,0.113141,107.014301
5700,-9,-0.131707,-162.836809
5701,14,0.100803,238.090309
5702,-6,-0.070871,-195.325852
5703,11,0.005426,166.012383
5704,10,0.110332,-9.76553
5705,-2,-0.042265,-117.196656
5706,-8,-0.099483,-58.591461
5707,7,0.062649,146.491528
5708,15,0.119868,78.122711
5709,4,0.015889,-106.474625
5710,6,0.01606,19.706375
5711,4,0.063743,-19.531631
5712,1,-0.0507,-29.295445
5713,9,-0.012548,78.125763
5714,8,0.120982,-9.766006
5715,2,-0.031599,-58.592033
5716,3,0.006549,9.766197
5717,-2,-0.041135,-48.829079
5718,9,0.025624,107.422924
5719,6,0.07331,-29.296875
5720,8,0.063772,19.529534
5721,0,-0.050677,-78.133393
5722,-1,0.00655,-9.764862
5723,14,0.082842,146.480084
5724,2,0.016076,-117.194367
5725,3,0.006539,9.765911
5726,4,-0.02207,9.76572
5727,4,0.06376,0.0
5728,7,-0.012227,29.609744
5729,4,0.025923,-29.294872
5730,7,0.025923,29.296875
5731,1,-0.050373,-58.596611
5732,-2,-0.002682,-29.296875
5733,14,0.102219,156.246948
5734,3,-0.012226,-107.42712
5735,2,0.006848,-9.765816
5736,9,0.025915,68.354035
5737,-6,-0.059929,-146.494389
5738,11,0.102198,166.017246
5739,5,0.016367,-58.593178
5740,5,0.016367,0.0
5741,2,0.006831,-29.297447
5742,1,-0.040851,-9.765148
5743,9,0.08313,78.128052
5744,7,0.026586,-18.837181
5745,0,-0.042724,-70.97304
5746,8,0.043108,78.126526
5747,-1,-0.023652,-87.8932
5748,10,0.062178,107.421875
5749,11,0.10025,9.687482
5750,-3,-0.06296,-137.827833
5751,4,0.013321,68.362045
5752,9,0.041894,48.821927
5753,2,-0.01533,-68.362713
5754,2,-0.01533,0.0
5755,4,-0.005792,19.531631
5756,4,0.05143,0.0
5757,3,0.003746,-9.765339
5758,7,0.032358,39.064026
5759,4,0.03236,-29.294872
5760,6,0.003751,19.532776
5761,5,-0.005785,-9.765244
5762,5,0.022826,0.0
5763,5,0.032362,0.0
5764,2,-0.015322,-29.297161
5765,5,-0.005784,29.298306
5766,5,0.060976,0.0
5767,2,-0.014665,-28.627593
5768,10,0.053918,79.9944
5769,3,-0.003303,-68.36071
5770,-1,0.015769,-0.000567
5771,5,0.072989,58.592606
5772,7,0.053914,19.529724
5773,3,0.053911,-39.06517
5774,5,0.072984,19.531059
5775,2,0.006257,-29.268007
5776,7,0.073061,48.876333
5777,5,0.073061,-19.532013
5778,6,0.063523,9.765625
5779,3,0.044449,-29.297161
5780,4,0.063522,9.765148
5781,7,0.044451,29.297447
5782,4,0.073063,-29.297447
5783,-3,-0.002759,-67.874839
5784,13,0.093705,157.367246
5785,1,0.017405,-117.194367
5786,4,0.150928,29.297447
5787,6,0.017422,19.530869
5788,5,0.05557,-9.765339
5789,3,0.055629,-19.471353
5790,6,0.074792,29.388427
5791,6,0.036646,0.0
5792,2,0.025876,-40.327052
5793,4,0.054473,19.532013
5794,4,0.035374,0.0
5795,6,0.063985,19.53125
5796,4,0.140274,-19.532394
5797,4,-0.031393,0.0
5798,6,0.092586,19.531059
5799,2,0.025825,-39.065934
5800,8,0.063968,58.589173
5801,4,0.063965,-39.063644
5802,0,0.035356,-39.062119
5803,5,0.036204,48.828602
5804,5,0.065341,0.0
5805,3,0.066049,-18.807421
5806,5,0.057275,20.311992
5807,6,0.095422,9.766006
5808,6,0.038491,0.0
5809,4,0.048081,-19.625159
5810,7,0.067154,29.296589
5811,4,0.076694,-29.296017
5812,1,0.009937,-29.298592
5813,5,0.057621,39.063263
5814,5,0.067158,0.0
5815,4,0.057621,-9.76572
5816,9,0.095764,48.824311
5817,1,0.029002,-78.130341
5818,2,0.057612,9.766102
5819,6,0.076683,39.061356
5820,5,0.038537,-9.765434
5821,5,0.08622,0.0
5822,-5,-0.028168,-97.662926
5823,9,0.143608,136.722756
5824,8,0.011175,-9.765339
5825,5,0.088423,-29.298019
5826,4,0.059812,-9.76572
5827,6,0.059868,19.530487
5828,3,0.059954,-29.296875
5829,6,0.079027,29.297161
5830,6,0.050416,0.0
5831,1,0.059952,-48.830986
5832,8,0.059953,68.35804
5833,0,-0.006807,-78.128052
5834,5,0.098052,48.830032
5835,4,0.136289,-9.716945
5836,4,0.00278,0.0
5837,6,0.069536,19.530678
5838,3,0.050412,-29.298019
5839,3,0.021654,0.0
5840,12,0.107483,87.888908
5841,0,0.040723,-117.190933
5842,4,0.021649,39.060593
5843,6,0.069333,19.531441
5844,3,0.088423,-29.279719
5845,5,0.069245,19.42351
5846,4,0.059649,-9.826368
5847,7,0.088258,29.295445
5848,6,0.050075,-9.760668
5849,-1,0.002353,-68.398784
5850,10,0.116789,107.41663
5851,-1,0.030951,-107.430268
5852,4,0.059557,48.824787
5853,5,0.030947,9.765625
5854,5,0.097703,0.0
5855,4,0.069092,-9.765816
5856,9,0.078625,48.825264
5857,6,0.069095,-28.796038
5858,2,0.040064,-39.753923
5859,5,0.049602,29.298019
5860,4,0.078216,-9.765625
5861,4,0.059143,0.0
5862,2,-0.007614,-19.532013
5863,5,0.078217,29.296017
5864,8,0.09729,29.296589
5865,1,0.020992,-68.363381
5866,6,0.087746,48.824787
5867,2,0.020988,-39.064789
5868,8,0.116357,58.59375
5869,3,0.030532,-48.826218
5870,4,0.068682,9.766293
5871,-5,-0.017143,-87.885475
5872,14,0.068695,185.550499
5873,5,0.097312,-87.894058
5874,3,0.125921,-19.530678
5875,5,0.011479,19.532013
5876,6,0.0687,9.765148
5877,2,0.001941,-39.06517
5878,12,0.20189,97.323601
5879,1,-0.01781,-107.782906
5880,4,0.058484,29.296303
5881,0,-0.01781,-39.064407
5882,6,0.087098,58.594894
5883,3,0.087101,-29.296303
5884,6,0.068032,29.297733
5885,3,0.048958,-29.297447
5886,6,0.077568,29.296875
5887,2,0.029885,-39.062119
5888,9,0.125251,68.356037
5889,5,0.010807,-39.062881
5890,2,0.039412,-29.298019
5891,4,0.067248,18.737469
5892,5,0.029526,10.197838
5893,4,0.134434,-9.765625
5894,8,0.058134,39.0625
5895,3,0.039063,-48.826218
5896,6,0.05823,29.298592
5897,1,0.020175,-48.829079
5898,6,0.153688,48.826218
5899,8,0.02018,19.531059
5900,-1,0.020184,-87.891483
5901,4,0.039258,48.829079
5902,3,0.039258,-9.765434
5903,5,0.172778,19.532013
5904,8,-0.008415,29.296017
5905,7,0.086956,-9.765625
5906,2,0.029733,-48.830986
5907,4,0.058342,19.530678
5908,6,0.115563,19.531631
5909,8,0.0488,19.529915
5910,-10,-0.06565,-175.789833
5911,13,0.115557,224.618149
5912,10,0.096484,-29.295731
5913,-1,0.182313,-107.429219
5914,7,-0.056129,78.117371
5915,3,0.077359,-39.062881
5916,2,0.001054,-9.766579
5917,9,0.096419,68.357372
5918,6,0.134701,-29.159903
5919,3,0.001048,-29.433407
5920,3,-0.02756,0.0
5921,4,0.058351,9.841164
5922,4,0.096499,0.0
5923,5,0.115566,9.758287
5924,10,0.058381,48.863914
5925,2,0.039311,-78.121948
5926,2,0.029774,0.0
5927,4,0.048848,19.531059
5928,10,0.153493,58.328878
5929,0,-0.024792,-95.416205
5930,3,0.071977,30.141666
5931,4,0.005224,9.765434
5932,4,0.081522,0.0
5933,5,0.100522,9.921422
5934,13,0.13772,78.123474
5935,-6,-0.052809,-185.566809
5936,7,0.040906,125.982421
5937,7,0.12674,0.0
5938,4,0.107665,-29.297447
5939,7,0.040901,29.294872
5940,-1,0.012281,-78.134919
5941,5,0.021819,58.592606
5942,6,0.107647,9.76105
5943,4,0.126713,-19.540028
5944,14,0.05042,97.648621
5945,-5,0.031351,-185.557748
5946,6,0.079045,107.430268
5947,5,0.040898,-9.765339
5948,5,0.136266,0.0
5949,1,-0.025852,-39.058686
5950,6,0.012301,48.833848
5951,3,0.117216,-29.295158
5952,7,0.06045,38.856077
5953,10,0.014646,29.454213
5954,7,0.152628,-29.295158
5955,-4,-0.056793,-107.432366
5956,9,0.226194,126.941968
5957,-2,-0.111225,-107.42712
5958,6,0.155682,77.986391
5959,4,-0.025546,-19.564686
5960,10,0.041214,58.596611
5961,-1,0.050757,-107.423973
5962,4,0.155663,48.83194
5963,8,0.050576,38.882516
5964,7,-0.035295,-9.809788
5965,-2,-0.015793,-86.504359
5966,-1,-0.02543,9.837872
5967,10,0.099477,108.373317
5968,-1,0.023174,-107.429219
5969,16,0.108987,165.997793
5970,-7,-0.100847,-224.635699
5971,2,0.041455,87.124879
5972,3,0.041539,9.852605
5973,12,0.175047,87.882901
5974,8,0.031996,-39.061356
5975,2,0.003382,-58.597183
5976,4,0.003383,19.530296
5977,4,0.079685,0.0
5978,3,0.079684,-9.765816
5979,11,0.012927,78.120423
5980,-2,0.003388,-126.961804
5981,5,0.060607,68.357372
5982,3,0.031996,-19.531059
5983,3,0.031996,0.0
5984,17,0.136589,136.712075
5985,-5,-0.044618,-214.850044
5986,4,0.012603,87.890625
5987,9,0.11751,48.828125
5988,-9,-0.025546,-175.7864
5989,20,0.098415,283.183767
5990,-2,-0.006504,-214.864733
5991,4,0.060251,58.592033
5992,6,0.012573,19.531059
5993,5,0.146096,-9.766102
5994,9,0.022115,39.060211
5995,-3,-0.034741,-116.813332
5996,9,0.080073,117.56868
5997,0,0.022851,-87.892342
5998,4,0.070534,39.062119
5999,11,0.06099,68.35537
6000,1,-0.015985,-97.660065
6001,4,0.081936,29.298592
6002,5,0.015177,9.765244
6003,5,0.10101,0.0
6004,10,0.043923,48.963923
6005,-1,-0.070449,-107.429219
6006,6,0.1309,68.354035
6007,0,0.006919,-58.594894
6008,9,0.045074,87.892342
6009,7,0.092761,-19.530678
6010,-2,0.006929,-87.892342
6011,5,0.053971,67.702843
6012,3,0.03471,-19.722893
6013,7,0.08232,38.986735
6014,9,0.063281,19.568323
6015,-5,-0.041639,-136.733438
6016,12,0.101394,165.999414
6017,2,0.015557,-97.662926
6018,2,0.015557,0.0
6019,12,0.112365,99.131607
6020,-2,0.007656,-136.518771
6021,4,0.03635,58.68028
6022,4,0.03635,0.0
6023,4,0.064306,0.0
6024,17,0.110141,126.929574
6025,-6,-0.042479,-224.644476
6026,5,0.062387,107.383074
6027,-2,-0.061613,-68.384084
6028,8,0.014682,97.65625
6029,12,0.090975,39.058686
6030,-4,-0.080703,-156.266786
6031,3,0.014639,68.361378
6032,10,0.03366,68.354035
6033,3,-0.014026,-68.362045
6034,10,0.043195,68.360043
6035,1,-0.014027,-87.892342
6036,3,-0.023563,-0.000377
6037,2,-0.061717,-9.771828
6038,3,-0.023588,9.746304
6039,5,0.061807,19.570046
6040,11,-0.034653,58.591461
6041,-2,-0.044186,-126.955605
6042,5,-0.006042,68.356705
6043,11,0.032105,58.593178
