cycle,offset,drift_filtered,drift_unfiltered
0,3,-0.035506,-29.641926
1,7,0.048894,39.0625
2,5,-0.039065,-19.531059
3,2,-0.019992,-29.298019
4,10,0.037226,78.122711
5,3,-0.019562,-67.916327
6,7,-0.000238,39.318609
7,5,0.018622,-19.530869
8,0,-0.057476,-48.461822
9,5,-0.009426,49.203397
10,6,-0.047475,9.765911
11,4,0.143699,-19.531441
12,3,-0.108578,-9.765339
13,6,0.027178,29.242616
14,3,-0.030024,-29.27629
15,4,0.008007,9.646643
16,6,-0.019675,19.826911
17,4,0.028925,-19.530869
18,2,-0.047373,-19.532394
19,8,-0.009226,58.59375
20,4,0.038456,-39.0625
21,4,0.000308,0.0
22,4,-0.018764,0.0
23,5,0.019299,9.765434
24,4,-0.00937,-9.766197
25,4,0.009702,0.0
26,7,-0.028448,29.294586
27,8,0.085991,9.765339
28,-3,-0.10393,-107.434465
29,6,0.03968,87.88805
30,6,0.020606,0.0
31,2,-0.008059,-39.118274
32,5,-0.008059,29.296589
33,6,0.039624,9.765244
34,2,-0.055742,-39.062881
35,7,0.020552,48.827648
36,8,0.049058,9.76572
37,2,-0.017753,-58.594894
38,3,-0.036835,9.607902
39,-1,-0.046828,-39.680965
40,9,0.058074,97.741201
41,5,0.010303,-39.062881
42,6,-0.018363,9.707513
43,6,0.057934,0.0
44,0,-0.046969,-58.592606
45,5,-0.00846,48.830509
46,8,0.05985,29.294872
47,0,-0.035521,-78.128052
48,-2,-0.072607,-19.531059
49,11,0.061508,126.956844
50,4,0.090257,-68.216148
51,6,-0.062171,19.57311
52,6,0.023719,0.0
53,5,0.004602,-9.809596
54,2,-0.061165,-28.46813
55,5,0.063971,30.016209
56,8,0.035509,29.449298
57,0,-0.068256,-76.970443
58,6,-0.000801,59.30436
59,3,0.065892,-29.370013
60,4,-0.010392,9.771255
61,4,0.01822,0.0
62,4,-0.010391,0.0
63,7,0.046831,29.296303
64,2,-0.019925,-48.827648
65,5,0.008686,29.298019
66,8,0.056339,29.294586
67,2,-0.029446,-58.500629
68,4,-0.038951,19.563346
69,5,0.056418,9.766006
70,4,0.008796,-9.76572
71,4,0.008796,0.0
72,7,0.046977,29.369151
73,2,-0.029428,-48.829079
74,6,-0.019891,39.059067
75,7,0.085026,9.765816
76,2,-0.029415,-48.829079
77,2,-0.019878,0.0
78,4,-0.000805,19.530869
79,4,0.027805,0.0
80,5,0.008731,9.76553
81,4,0.018546,-9.396024
82,5,0.009318,10.165494
83,6,0.018854,9.765244
84,4,-0.028859,-19.531631
85,6,0.047437,19.532204
86,5,0.009292,-9.765244
87,-5,-0.086078,-97.658157
88,11,0.066515,156.254578
89,4,0.176549,-0.000321
90,9,-0.01421,48.825741
91,1,0.100468,-77.639752
92,3,0.015153,19.655054
93,11,0.09144,78.117371
94,-1,0.024669,-117.198945
95,3,0.081893,39.064789
96,4,0.024678,9.76553
97,4,0.053289,0.0
98,6,0.110466,19.530869
99,6,0.072275,0.0
100,6,0.062802,0.0
101,2,0.05346,-39.061356
102,4,0.053461,19.532013
103,7,0.091579,29.267151
104,5,0.043995,-19.430115
105,2,0.024741,-29.481132
106,6,0.091485,39.051059
107,4,0.043855,-19.536974
108,2,0.091684,-19.530869
109,5,-0.003103,29.296589
110,6,0.159736,9.765339
111,2,0.026218,-39.065552
112,5,0.083438,29.295158
113,6,0.073902,9.766006
114,4,0.035802,-19.530869
115,5,0.064334,9.750675
116,4,0.073968,-9.780621
117,5,0.026275,9.633169
118,3,0.092954,-19.803353
119,5,0.073875,19.524005
120,6,0.083372,9.725545
121,3,0.045226,-29.296017
122,5,0.054792,19.560667
123,7,0.092998,19.590365
124,2,0.064365,-48.831463
125,-4,-0.018178,-55.197284
126,11,0.134255,156.090657
127,5,0.067447,-58.592606
128,3,0.094864,-19.531441
129,10,0.161619,68.357372
130,1,0.039222,-87.889767
131,0,-0.019989,-9.594811
132,14,0.18259,139.198218
133,3,0.039473,-107.422924
134,0,0.029934,-29.298306
135,5,0.106143,48.827171
136,4,0.048781,-9.76572
137,5,0.11554,9.76553
138,6,0.115555,9.765911
139,5,0.086945,-9.737667
140,3,0.086845,-19.587679
141,2,0.019947,-9.765434
142,4,0.077168,19.531441
143,9,0.10458,47.545239
144,2,0.161062,-69.488564
145,5,-0.048405,29.61559
146,2,0.085124,-29.298019
147,6,0.065025,38.009807
148,5,0.112443,-10.043589
149,3,0.055229,-19.530296
150,5,0.083733,19.531631
151,7,0.073866,19.530678
152,1,0.055036,-58.344192
153,5,0.074276,39.23338
154,8,0.047539,29.295731
155,3,0.113065,-48.796198
156,-4,-0.036414,-68.181597
157,10,0.106266,137.170179
158,4,0.14958,-58.452186
159,6,0.168228,19.095449
160,3,0.015164,-29.78584
161,7,0.120407,39.409255
162,7,0.120407,0.0
163,2,0.034564,-48.843389
164,2,0.08221,0.0
165,6,0.110922,39.174591
166,-11,-0.100204,-167.400274
167,20,0.280419,302.758028
168,4,0.089256,-156.254578
169,7,0.16555,29.294872
170,2,0.012955,-48.830986
171,20,0.203666,175.758937
172,-11,-0.015714,-302.77577
173,5,0.068903,155.008719
174,3,0.164114,-19.689109
175,4,0.021021,9.721858
176,9,0.097529,49.047979
177,0,0.071345,-87.892342
178,6,0.063595,58.590317
179,-1,0.016588,-67.641346
180,10,0.130639,107.010137
181,6,0.082479,-39.550313
182,2,0.04425,-39.146604
183,7,0.111007,48.827171
184,2,0.082395,-48.829079
185,5,0.015915,29.298592
186,11,0.178343,58.590889
187,-1,-0.021622,-116.874769
188,4,0.112027,48.961047
189,3,0.121563,-9.765434
190,4,-0.002438,9.738236
191,13,0.169465,88.137651
192,-4,-0.020736,-166.023732
193,6,0.103754,97.658157
194,2,0.094338,-38.993196
195,7,-0.001148,48.70541
196,9,0.161069,19.614189
197,-1,0.027553,-97.659111
198,13,0.148733,133.854729
199,-4,-0.007416,-169.652213
200,4,0.068881,78.128052
201,11,0.126093,68.350698
202,-1,0.002101,-117.202379
203,9,0.107001,97.651482
204,-8,0.011786,-165.856895
205,11,0.078709,185.724619
206,10,0.145465,-9.765148
207,-2,0.002432,-117.195511
208,1,0.040301,29.297161
209,9,0.165805,78.127289
210,3,0.003714,-58.553723
211,6,0.051372,29.272005
212,7,0.118082,9.713736
213,-3,-0.006461,-98.235687
214,9,0.165315,117.304346
215,4,0.003418,-48.600783
216,11,0.223088,68.677949
217,-1,-0.043946,-117.194367
218,3,0.032343,39.061356
219,6,0.08923,29.295731
220,8,0.117955,19.531822
221,-1,0.003705,-87.695366
222,6,0.108298,68.511251
223,3,0.032609,-29.119146
224,4,0.110416,9.826175
225,4,0.054917,0.0
226,4,0.074602,0.0
227,10,0.112638,58.481242
228,1,0.036096,-88.14542
229,4,0.121923,29.296303
230,8,0.064698,39.062881
231,8,0.083053,0.0
232,-1,0.046858,-87.881185
233,2,0.056399,29.301453
234,7,0.104058,48.802389
235,-2,-0.008236,-85.690619
236,10,0.156726,120.090068
237,4,0.080317,-58.711862
238,3,0.061271,-9.766197
239,5,0.147202,19.432947
240,5,0.004155,0.0
241,9,0.156747,39.062119
242,6,0.061733,-28.934627
243,16,0.177194,98.702068
244,-7,0.014631,-225.05553
245,4,0.052633,107.278348
246,10,0.138533,58.665937
247,-2,0.014545,-117.197801
248,7,0.109909,87.887192
249,2,0.119447,-48.829556
250,5,0.014551,29.296589
251,15,0.176669,97.646714
252,-9,-0.019586,-230.262211
253,6,0.087938,149.166161
254,-21,-0.112329,-263.666725
255,28,0.2984,478.506279
256,10,0.155723,-175.743493
257,-5,-0.02551,-146.520147
258,6,0.098475,107.429219
259,16,0.222443,97.645761
260,-5,-0.054144,-205.10216
261,13,0.183816,175.753788
262,-2,0.002349,-146.502974
263,7,0.107255,87.892342
264,5,0.135507,-19.531441
265,6,0.096993,9.765053
266,12,0.144674,58.591461
267,2,0.068376,-97.661019
268,5,0.106524,29.298306
269,7,0.09704,19.531631
270,2,0.077946,-48.829079
271,13,0.173417,107.409288
272,-4,-0.008085,-166.031839
273,4,0.087279,78.122711
274,9,0.153942,48.730569
275,8,0.087166,-9.785502
276,13,0.172995,48.826218
277,-4,0.010864,-166.02211
278,2,0.068082,58.592033
279,8,0.115766,58.59375
280,11,0.153106,28.469481
281,9,0.133463,-20.114856
282,-7,-0.047741,-156.25763
283,3,0.038089,97.655296
284,4,0.152543,9.766006
285,3,0.057178,-9.765625
286,8,0.104792,48.756704
287,1,0.076463,-68.126521
288,5,0.086188,39.254171
289,5,0.076651,0.0
290,5,0.114799,0.0
291,4,0.05781,-9.52871
292,5,0.058053,10.01412
293,2,0.086831,-29.125365
294,7,0.125418,49.120739
295,6,0.154633,-9.765148
296,11,0.106864,48.826218
297,-5,-0.007585,-156.259156
298,10,0.12598,146.478653
299,2,0.049686,-78.125763
300,2,0.106905,0.0
301,-2,0.021197,-38.934745
302,10,0.107411,117.577895
303,-3,0.059735,-126.948166
304,10,0.202785,126.951885
305,5,0.031118,-48.829556
306,14,0.183559,87.883759
307,-2,0.012442,-155.651108
308,11,0.13666,127.199076
309,-1,0.031566,-117.426022
310,8,0.145195,87.88805
311,0,0.039584,-78.128815
312,9,0.096657,87.891483
313,3,0.114603,-58.59375
314,8,0.104368,48.823834
315,5,0.104439,-29.297447
316,1,0.056748,-39.064026
317,0,0.047245,-9.731318
318,11,0.152347,107.624722
319,3,0.047316,-78.255681
320,8,0.142683,48.828125
321,8,0.114072,0.0
322,1,0.018701,-68.364716
323,5,0.113978,39.062881
324,5,0.094873,0.0
325,6,0.094881,9.774216
326,3,0.075805,-29.29945
327,4,0.085334,9.75743
328,7,0.085287,29.3215
329,3,0.094826,-39.061737
330,6,0.084884,28.878364
331,3,0.046316,-29.727694
332,3,0.094001,0.0
333,10,0.160593,68.190231
334,-1,0.036359,-107.684777
335,5,0.093419,58.429417
336,3,0.064754,-19.58672
337,12,0.159624,87.750088
338,4,0.073393,-78.134156
339,-1,0.016104,-48.899277
340,7,0.111245,77.892994
341,2,0.044343,-48.975914
342,5,0.082489,29.296303
343,7,0.187395,9.765625
344,1,-0.022422,-58.597183
345,4,0.00619,29.297447
346,8,-0.003405,39.0008
347,3,0.024659,-48.901669
348,2,-0.003844,-9.532707
349,4,-0.060578,20.021623
350,5,0.063338,9.691613
351,3,0.005968,-19.682327
352,5,0.015504,19.530869
353,9,0.053649,39.060211
354,3,-0.022646,-58.594894
355,3,-0.022646,0.0
356,8,0.025036,48.825741
357,3,0.015498,-48.828602
358,3,-0.003577,0.0
359,3,-0.032158,0.0
360,5,0.00589,19.53125
361,4,0.025144,-9.765148
362,7,0.015618,29.296303
363,6,0.025161,-9.765434
364,1,-0.003355,-48.731044
365,3,-0.012853,19.570429
366,7,0.015761,39.066315
367,3,0.015766,-39.060211
368,4,-0.003305,9.765911
369,4,-0.012843,0.0
370,7,0.03484,29.296303
371,4,-0.003291,-29.295731
372,5,0.015798,9.766293
373,5,0.00639,0.0
374,4,0.016192,-9.766006
375,3,-0.012411,-9.765434
376,10,0.036796,60.112668
377,-2,0.004787,-62.072604
378,5,0.054164,70.122012
379,7,0.054105,19.530106
380,1,0.044571,-58.594322
381,7,0.155696,58.595467
382,4,-0.025347,-29.298019
383,3,0.022336,-9.765244
384,6,0.07002,29.297733
385,8,0.022138,19.325912
386,-1,0.021216,-88.833615
387,6,0.097346,68.362045
388,5,-0.043358,-4.88286
389,3,0.042474,-19.531059
390,3,0.071086,0.0
391,8,0.071083,48.824787
392,1,0.013858,-68.364716
393,5,0.042467,39.061356
394,7,0.052003,19.531059
395,4,0.032902,-29.297447
396,-1,0.004345,-48.829556
397,7,0.090008,77.952955
398,8,0.079715,8.991916
399,1,-0.039935,-74.976168
400,7,0.085146,58.594322
401,3,0.018076,-39.064026
402,4,0.056224,9.765339
403,8,0.057251,39.060974
404,2,0.009836,-58.596611
405,4,0.047982,19.531059
406,3,0.019371,-9.765911
407,5,0.019371,19.531059
408,3,0.057275,-19.531059
409,6,0.047555,29.280576
410,5,0.009404,-9.770587
411,6,0.066594,9.766197
412,1,0.085493,-48.829556
413,7,0.008755,58.590889
414,3,0.02769,-39.062881
415,5,0.02753,18.931327
416,5,0.056617,0.0
417,7,0.037206,19.532204
418,3,-0.00075,-38.866649
419,9,0.104456,58.887035
420,0,0.018624,-87.891483
421,0,-0.019632,0.0
422,14,0.277359,136.71875
423,0,-0.085062,-68.361712
424,4,0.105492,38.873447
425,-1,0.028969,-49.065306
426,10,0.181562,107.425022
427,6,-0.028222,-39.060593
428,3,0.238847,-29.296589
429,3,0.087472,0.0
430,-3,0.049481,-58.591461
431,16,0.221187,185.548687
432,3,0.049316,-126.948166
433,4,0.14467,9.75077
434,2,0.068349,-19.562198
435,1,0.124868,-9.765911
436,12,0.125264,107.415581
437,2,0.068513,-97.66388
438,3,0.116278,9.765339
439,7,0.106742,39.062119
440,1,0.097347,-58.449339
441,6,0.116539,48.950501
442,11,0.106958,48.780488
443,-1,0.10654,-117.303199
444,2,0.087336,29.296303
445,5,0.125156,28.962281
446,3,0.096349,-19.759722
447,7,0.048426,39.063644
448,6,0.201022,-9.76553
449,3,0.077148,-29.188842
450,-2,0.067366,-49.009518
451,13,0.162721,146.348602
452,4,0.06025,-85.316144
453,2,0.149366,-6.403401
454,3,0.028376,9.960457
455,10,0.265194,72.849129
456,-1,0.084053,-107.360017
457,4,0.064521,48.349821
458,2,0.159701,-19.737686
459,10,0.140142,77.623178
460,-1,0.196688,-107.954267
461,7,0.089662,76.129573
462,9,0.118816,20.089196
463,-3,0.118996,-117.011526
464,7,0.185906,97.812903
465,4,0.081,-29.295731
466,3,0.128644,-9.766293
467,3,0.100058,0.0
468,10,0.157291,68.320011
469,-2,0.139751,-116.196876
470,6,0.101841,78.484465
471,0,0.100782,-49.684915
472,12,0.173929,143.580172
473,-3,0.146743,-145.032632
474,13,0.262728,157.82984
475,8,0.18649,-48.771923
476,-1,0.084126,-85.288655
477,6,0.235722,67.538231
478,7,0.175819,7.171286
479,5,0.173009,-31.996928
480,3,0.145683,-18.155246
481,7,0.185362,40.630999
482,1,0.129913,-56.780006
483,5,0.112574,40.726562
484,4,0.188675,-10.218471
485,5,0.169601,9.764862
486,4,0.121916,-9.766197
487,3,0.11238,-9.76572
488,0,0.169591,-29.297161
489,8,0.217266,78.121185
490,7,0.16007,-9.766197
491,4,0.215144,-29.295158
492,4,0.097868,0.0
493,-1,0.107524,-48.824787
494,12,0.240886,126.797105
495,5,0.15553,-67.972384
496,4,0.145926,-9.834389
497,3,0.098243,-9.765148
498,8,0.174144,48.788104
499,1,0.010943,-68.416166
500,0,0.221249,-9.701579
501,8,0.193286,78.644174
502,6,0.117089,-19.359398
503,-4,0.135312,-98.537701
504,14,0.221136,175.770951
505,4,0.173576,-97.531478
506,5,0.154515,9.77823
507,2,0.030546,-29.296875
508,9,0.322057,68.24408
509,1,0.099963,-78.257977
510,5,0.395594,39.059448
511,2,-0.100289,-29.277719
512,6,0.109192,38.7657
513,3,0.223769,-29.193955
514,5,0.138149,19.754842
515,7,0.061878,19.54442
516,3,0.224099,-38.988255
517,3,0.052465,0.0
518,0,0.166924,-29.296017
519,12,0.195512,117.16576
520,1,0.109657,-107.447058
521,4,0.128274,28.829521
522,8,0.109704,39.574965
523,3,0.157278,-48.944751
524,6,0.157007,29.020556
525,3,0.109022,-29.605068
526,6,0.185317,29.297447
527,5,0.070889,-9.765625
528,3,0.215137,-18.321897
529,4,0.149055,10.45522
530,5,0.111004,9.766197
531,3,0.101487,-19.531059
532,6,0.082415,29.296303
533,-2,0.168252,-78.125
534,14,0.263616,156.245422
535,0,0.140131,-67.855429
536,6,0.169007,58.038867
537,-4,0.09089,-100.107115
538,7,0.347642,106.657358
539,8,0.261878,9.832938
540,5,0.223722,-29.306033
541,5,0.233259,0.0
542,13,0.263075,79.28878
543,-2,0.18527,-147.799269
544,3,0.194621,48.829556
545,7,0.232767,39.061356
546,4,0.204396,-29.05147
547,-4,0.136753,-78.795221
548,11,0.270029,146.488667
549,2,0.214759,-85.721633
550,15,0.290619,126.800815
551,-5,0.105986,-198.828898
552,6,0.164137,108.372249
553,7,0.326271,9.766197
554,5,0.164153,-19.529915
555,4,0.230912,-9.764385
556,8,0.268973,38.974579
557,1,0.240151,-68.448278
558,-1,0.106233,-19.554356
559,10,0.334437,106.732906
560,5,0.162468,-49.144879
561,3,0.1913,-19.305206
562,4,0.115126,9.881228
563,5,0.276666,9.76553
564,8,0.166753,14.648652
565,0,0.205495,-77.754451
566,4,0.119667,0.000107
567,4,0.195964,0.0
568,2,0.110133,0.000426
569,8,0.224695,58.717033
570,4,0.138867,-39.063644
571,7,0.196089,29.298306
572,3,0.196091,-39.0625
573,3,0.205594,0.0
574,0,0.072611,-28.549676
575,8,0.227371,80.218193
576,3,0.132747,-48.067217
577,7,0.170947,39.116744
578,7,0.237709,0.0
579,2,0.199561,-0.000533
580,6,0.23775,39.105271
581,4,0.209075,-19.58883
582,1,0.209078,-29.296017
583,0,0.190012,-9.766102
584,8,0.237669,78.121948
585,6,0.256741,-19.532394
586,2,0.190394,-39.060593
587,8,0.276644,58.592033
588,5,0.248033,-29.297447
589,4,0.171904,-9.766102
590,3,0.267528,-9.765816
591,7,0.248614,39.062119
592,2,0.220058,-48.828602
593,5,0.162973,29.295445
594,3,0.220265,-19.467941
595,6,0.296723,29.393898
596,3,0.192046,-29.295731
597,7,0.278022,39.063263
598,2,0.201729,-48.828125
599,5,0.220804,29.298592
600,5,0.278028,0.0
601,3,0.23035,-19.524005
602,7,0.230426,39.077765
603,7,0.278181,0.0
604,1,0.230269,-58.594322
605,6,0.2584,48.827648
606,2,0.210788,-39.063263
607,8,0.287228,58.592033
608,1,0.201573,-68.179605
609,6,0.21124,48.959608
610,5,0.258926,-9.764862
611,4,0.249404,-9.751056
612,3,0.19217,-9.781195
613,5,0.258928,19.531441
614,1,0.220781,-39.0625
615,8,0.287537,68.35804
616,3,0.220781,-48.826695
617,7,0.268464,39.062119
618,5,0.220781,-19.531441
619,9,0.268464,39.0625
620,-1,0.220687,-97.655296
621,5,0.258673,58.468705
622,-2,0.155994,-66.077008
623,10,0.312948,121.660668
624,3,0.236658,-68.35537
625,6,0.265268,29.296875
626,5,0.227218,-9.66716
627,3,0.236556,-19.733596
628,3,0.227018,0.0
629,7,0.265165,39.062119
630,2,0.227018,-48.828602
631,6,0.274653,39.012972
632,3,0.187653,-28.975989
633,5,0.267582,19.774765
634,5,0.199103,0.0
635,8,0.194336,14.648509
636,0,0.175354,-78.032032
637,5,0.165732,48.74292
638,6,0.203908,9.794319
639,3,0.184832,-29.299736
640,3,0.156221,0.0
641,6,0.165411,28.736733
642,4,0.234106,-18.489586
643,5,0.177629,10.529419
644,3,0.16331,-19.545566
645,7,0.220627,39.161168
646,1,0.163402,-58.597756
647,5,0.153869,39.062881
648,6,0.230168,9.765053
649,2,0.153874,-39.063263
650,8,0.192019,58.591461
651,5,0.19202,-29.296875
652,2,0.211092,-29.299736
653,5,0.163576,29.296589
654,4,0.145289,-9.733592
655,7,0.247212,29.393322
656,1,0.132769,-58.595467
657,5,0.209065,39.0625
658,6,0.209065,9.76553
659,3,0.142308,-29.297733
660,5,0.209068,9.765339
661,3,0.170921,-19.531059
662,4,0.189732,9.496135
663,8,0.209921,40.205046
664,2,0.171772,-58.596039
665,6,0.181177,38.911263
666,6,0.190719,0.0
667,3,0.151906,-29.977517
668,4,0.209071,9.706853
669,3,0.142258,-9.82521
670,6,0.209016,29.296589
671,3,0.161919,-29.296017
672,5,0.180959,19.497548
673,6,0.171438,9.782534
674,3,0.180781,-29.298878
675,3,0.123275,0.0
676,11,0.285558,78.286313
677,-2,0.161574,-126.959324
678,5,0.094815,68.357372
679,3,0.1425,-19.532013
680,5,0.12361,19.530106
681,5,0.171525,0.0
682,8,0.095227,29.295158
683,6,0.114299,-19.530487
684,0,0.085685,-58.597756
685,4,0.123831,39.061737
686,7,0.209659,29.296875
687,1,-0.028714,-58.545153
688,6,0.142982,48.868212
689,3,0.104848,-29.298592
690,5,0.143025,19.531631
691,3,0.13349,-19.529915
692,2,0.019057,-9.763718
693,8,0.133493,19.518543
694,5,0.095285,-29.359666
695,3,0.038064,-19.532967
696,2,0.085691,-9.67923
697,7,0.086,49.266908
698,7,0.038362,0.0
699,4,0.124307,-29.296303
700,4,0.095697,0.0
701,4,0.067414,0.0
702,4,0.08671,0.0
703,6,0.067636,19.531631
704,5,0.067636,-9.76553
705,0,0.048455,-48.830032
706,2,0.11539,19.531441
707,7,0.020152,48.825264
708,6,0.093946,-9.751436
709,4,0.081097,-19.560667
710,4,0.07137,0.0
711,7,0.028837,29.295731
712,3,0.095532,-39.064407
713,3,0.048315,0.0
714,8,0.115339,48.894974
715,3,-0.008146,-48.826218
716,4,0.102046,4.882884
717,2,0.008627,-19.531822
718,8,0.046229,58.59375
719,3,0.112813,-48.829079
720,5,0.036366,19.530296
721,1,0.026827,-39.063263
722,6,0.084048,48.828125
723,3,0.055906,-28.81706
724,8,0.0376,49.574158
725,4,0.112885,-39.104507
726,5,0.045783,9.771064
727,3,0.075416,-19.339928
728,7,-0.026271,39.452012
729,2,0.067677,-48.829556
730,7,-0.038772,48.826218
731,3,-0.029292,-39.064789
732,6,0.082607,29.296589
733,2,-0.021495,-39.0625
734,-1,-0.05655,-28.725177
735,9,0.072006,99.64427
736,3,0.032518,-58.590889
737,5,0.011914,19.532585
738,14,0.153184,87.880327
739,-4,0.027578,-87.894058
740,5,0.123354,87.856306
741,7,0.132898,19.538501
742,3,0.104539,-38.806318
743,3,0.114076,0.0
744,5,0.161761,19.532013
745,1,0.047335,-39.050678
746,10,0.142726,87.914664
747,4,0.114433,-58.267135
748,5,0.124024,9.820964
749,1,0.133558,-39.062119
750,9,0.086024,78.122711
751,1,0.076111,-78.124237
752,9,0.162005,78.121185
753,-2,0.066623,-107.435514
754,6,0.095268,78.11966
755,3,0.133468,-29.298878
756,-2,0.095856,-48.216473
757,16,0.192906,178.023934
758,-1,0.049675,-166.028596
759,5,0.203124,58.594322
760,5,0.031473,0.0
761,5,0.126718,0.0
762,8,0.145781,29.298019
763,2,0.11717,-58.594322
764,3,0.060062,9.766006
765,3,0.136486,0.0
766,5,0.117416,19.531441
767,9,0.184151,39.058686
768,1,0.069996,-78.128815
769,2,0.108042,9.765434
770,6,0.126897,39.0625
771,4,0.088814,-19.452793
772,3,0.117392,-9.724599
773,7,0.154671,38.174131
774,2,0.13404,-50.422541
775,6,0.057767,39.0625
776,5,0.153159,-9.76553
777,9,0.163148,39.058304
778,2,0.057736,-68.366719
779,6,0.143677,39.058686
780,2,0.077186,-39.066697
781,2,0.106097,0.0
782,5,0.105967,29.164439
783,3,0.096537,-19.421813
784,5,0.133527,19.556077
785,3,0.104071,-19.708123
786,7,0.132439,38.814602
787,11,0.1899,39.309335
788,-4,0.018227,-146.497251
789,6,0.189886,97.654343
790,7,0.04684,9.765816
791,1,0.055884,-58.59375
792,6,0.046885,48.823834
793,3,0.116033,-29.299736
794,5,0.030949,19.531059
795,7,0.04042,19.531059
796,1,0.054734,-14.648509
797,4,0.083344,29.297447
798,3,-0.003623,-9.765625
799,10,0.207466,68.356037
800,-1,0.054869,-107.430268
801,4,0.064405,48.826695
802,12,0.168479,77.520131
803,-2,0.110866,-137.791207
804,14,0.120394,156.245422
805,-5,0.023478,-184.963445
806,5,-0.005725,96.896408
807,5,0.188443,0.0
808,3,0.063537,-19.531822
809,4,0.06347,9.697534
810,5,0.092138,9.826561
811,8,0.130306,29.318921
812,1,0.025484,-68.363381
813,3,0.111364,19.493367
814,8,0.17818,48.864869
815,3,0.026838,-48.241128
816,3,0.074831,0.0
817,3,0.093684,0.0
818,0,0.055159,-29.56772
819,11,0.151595,108.515508
820,-8,-0.044468,-186.11941
821,18,0.275652,250.048086
822,1,0.112979,-166.576846
823,7,0.17015,58.542868
824,3,0.132488,-38.56574
825,11,0.152222,78.925041
826,-1,0.075628,-117.496157
827,5,0.103088,57.417367
828,4,0.131351,-10.120638
829,9,0.179034,48.827171
830,-1,0.111546,-97.657204
831,4,0.079743,47.651723
832,7,0.156018,30.038449
833,4,0.089206,-29.298878
834,10,0.14642,58.586884
835,4,0.089199,-58.594894
836,-1,0.003324,-48.830032
837,5,0.079676,58.594894
838,3,0.08921,-19.532585
839,11,0.175036,78.11966
840,-3,-0.03478,-136.729432
841,5,0.060588,78.124237
842,7,0.117806,19.530487
843,4,0.032032,-29.240621
844,9,0.108415,48.918892
845,1,0.041655,-78.128052
846,9,0.127471,78.109744
847,2,0.022638,-68.287353
848,5,0.084636,14.657312
849,-4,-0.029814,-87.900926
850,4,0.065489,78.121948
851,7,0.065395,29.298019
852,2,0.046319,-48.829556
853,4,0.027202,19.487289
854,8,0.113116,39.148137
855,1,0.017745,-68.361378
856,2,0.027258,9.740987
857,6,0.084487,39.07891
858,12,0.103666,58.716458
859,-1,-0.019947,-126.579813
860,5,0.094664,58.767067
861,2,0.018459,-29.205323
862,3,0.066175,9.797294
863,17,0.142446,136.693387
864,1,0.061629,-150.936277
865,-1,-0.005955,-20.246399
866,4,0.051266,48.830032
867,5,0.070236,9.673612
868,4,0.070477,-9.533979
869,5,0.061056,9.883962
870,5,0.099203,0.0
871,3,0.013373,-19.531822
872,4,0.070592,9.765816
873,13,0.118263,87.877752
874,-3,-0.015272,-156.271365
875,5,0.02287,78.11966
876,2,0.089625,-29.298306
877,5,0.061137,29.297447
878,3,0.106592,-19.531441
879,5,0.005995,18.648888
880,5,0.072748,0.0
881,7,0.063213,19.532967
882,4,0.044045,-29.295158
883,13,0.14914,87.883759
884,-5,-0.022535,-175.794984
885,5,0.034688,97.658157
886,4,0.072835,-9.766102
887,4,0.034736,0.0
888,4,0.063033,0.0
889,5,0.053271,9.778708
890,6,0.062616,9.569378
891,4,0.029042,-19.732039
892,3,0.095609,-9.867382
893,8,0.095691,48.826695
894,0,0.009828,-78.128815
895,-1,0.028904,-9.76553
896,10,0.133693,107.303464
897,7,0.076989,-29.328667
898,3,0.056897,-39.063644
899,10,0.11337,68.35804
900,2,0.056166,-78.122711
901,-5,-0.047791,-67.29087
902,14,0.193454,188.43785
903,2,0.043369,-114.624128
904,3,0.043594,9.994803
905,2,0.072273,-9.695841
906,9,0.082294,68.853588
907,5,0.072792,-39.027056
908,1,0.063222,-39.09992
909,5,0.07276,39.064026
910,6,0.091802,9.765244
911,2,0.02495,-39.062881
912,7,0.129854,48.826218
913,7,0.091707,0.0
914,1,0.023756,-59.816364
915,5,0.089791,38.321885
916,4,0.070531,-9.957482
917,4,0.089604,0.0
918,4,0.08033,0.0
919,5,0.050581,9.741841
920,6,0.117364,9.789334
921,3,0.050753,-29.297733
922,8,0.098437,48.827648
923,3,0.080028,-48.827648
924,1,0.051475,-19.531822
925,5,0.099216,39.062119
926,4,0.06107,-9.765339
927,4,0.089679,0.0
928,5,0.080175,9.765053
929,8,0.099233,29.297733
930,2,0.070626,-58.592033
931,4,0.0897,19.532013
932,9,0.060931,48.826695
933,0,0.099078,-87.897492
934,4,0.070341,38.930956
935,4,0.089415,0.0
936,5,0.079887,9.772974
937,9,0.118034,39.063263
938,7,0.070353,-19.530678
939,6,0.079889,-9.765625
940,0,0.080279,-58.198184
941,9,0.128548,88.489484
942,2,0.033898,-67.62501
943,1,0.081461,-9.840776
944,-2,0.00533,-29.090345
945,13,0.17849,148.018038
946,5,0.083118,-78.129578
947,5,0.10219,0.0
948,3,0.092652,-19.530869
949,6,0.102201,29.296589
950,3,0.102262,-29.296875
951,7,0.159485,39.063263
952,3,0.130791,-39.062119
953,4,0.092216,9.766293
954,3,0.08268,-9.764957
955,9,0.168062,58.134465
956,0,0.081543,-88.594885
957,-3,0.052992,-29.236632
958,11,0.186788,137.007751
959,7,0.12957,-39.059448
960,-3,0.043737,-97.659111
961,13,0.244009,156.248474
962,5,0.14864,-78.126526
963,2,0.072349,-29.296875
964,4,0.100946,19.531822
965,5,0.129545,9.725545
966,4,0.119988,-9.787034
967,4,0.091379,0.0
968,5,0.139064,9.765148
969,6,0.148601,9.765816
970,2,0.063389,-38.361945
971,4,0.130378,19.77066
972,4,0.12561,0.0
973,6,0.163648,19.419361
974,3,0.077651,-29.466654
975,-1,0.087191,-39.060593
976,10,0.173021,107.420826
977,7,0.182559,-29.296875
978,6,0.125339,-9.765434
979,2,0.11533,-39.066315
980,-2,0.028772,-39.060593
981,14,0.219539,156.240845
982,0,0.076475,-136.726761
983,5,0.142696,48.470278
984,5,0.104168,0.0
985,-3,0.075561,-78.123474
986,13,0.180461,156.243897
987,6,0.151855,-68.357372
988,2,0.085097,-39.063263
989,2,0.123244,0.0
990,3,0.160842,9.774884
991,15,0.175955,115.120061
992,-4,0.04865,-188.95132
993,7,0.134477,107.419777
994,4,0.020045,-29.298878
995,-2,0.048657,-58.594894
996,11,0.086833,126.948166
997,4,0.000994,-68.36071
998,6,0.057963,19.530678
999,2,0.019816,-39.063263
1000,1,-0.008795,-9.765625
1001,16,0.171181,145.244689
1002,-1,-0.078192,-167.443143
1003,4,0.026184,48.614487
1004,2,-0.002565,-19.618422
1005,-2,-0.002565,-39.061737
1006,10,0.03559,117.193222
1007,7,0.083274,-29.296017
1008,3,-0.031161,-39.060593
1009,7,0.111903,39.0625
1010,2,-0.012068,-48.827171
1011,8,0.073768,58.597756
1012,2,0.063635,-58.593178
1013,5,-0.081605,29.298592
1014,4,0.070996,-9.765053
1015,-2,-0.043446,-58.594322
1016,11,0.079351,125.74358
1017,4,0.012649,-68.302678
1018,7,0.012949,29.605653
1019,4,0.04156,-29.297161
1020,10,0.089099,58.445923
1021,-4,-0.044766,-137.077508
1022,0,-0.025695,39.060593
1023,9,0.021993,87.890625
1024,5,0.060142,-39.064407
1025,0,0.002921,-48.828602
1026,12,0.079209,117.181778
1027,5,0.031446,-68.362045
1028,3,0.021969,-19.42936
1029,7,0.022969,39.198393
1030,-3,-0.023321,-97.823429
1031,8,0.042472,106.434446
1032,6,0.034789,-17.632797
1033,7,0.007447,11.059745
1034,0,0.007458,-68.35537
1035,3,-0.002456,28.90619
1036,3,0.035695,0.0
1037,7,0.073842,39.0625
1038,1,-0.011863,-58.596611
1039,5,0.045249,39.060593
1040,2,-0.002459,-29.297447
1041,10,0.093079,78.123474
1042,7,0.026563,-29.297733
1043,4,-0.040435,-29.296875
1044,4,0.102629,0.0
1045,4,0.007263,0.0
1046,6,0.016923,19.657758
1047,3,0.045535,-29.295731
1048,5,0.015733,18.307139
1049,-3,-0.037241,-83.545679
1050,12,0.077865,137.400385
1051,12,0.058792,0.0
1052,0,-0.038417,-114.191099
1053,-1,-0.07737,-10.589631
1054,3,-0.029447,39.306631
1055,5,-0.07717,19.488239
1056,9,0.065974,39.149286
1057,4,-0.029394,-48.830032
1058,5,-0.095566,9.760002
1059,6,0.048538,9.771159
1060,-3,-0.189878,-87.8932
1061,2,0.037988,48.371337
1062,10,0.02038,78.865908
1063,4,-0.036841,-58.59375
1064,7,0.010827,29.28029
1065,9,0.020402,19.502491
1066,1,-0.065648,-78.289377
1067,5,-0.056134,39.061356
1068,8,0.039235,29.294872
1069,0,-0.056101,-78.131104
1070,-4,-0.14197,-39.064407
1071,9,0.029117,126.951885
1072,6,0.000508,-29.296303
1073,5,-0.009024,-9.760287
1074,6,0.029393,9.771064
1075,0,-0.133798,-58.591461
1076,8,0.124254,78.125763
1077,9,-0.110396,9.766293
1078,4,0.004617,-48.803818
1079,5,-0.043013,9.7703
1080,2,-0.033922,-29.257161
1081,4,-0.091897,19.558754
1082,6,0.041855,19.465478
1083,5,-0.023786,-9.798446
1084,2,-0.042512,-29.296303
1085,1,-0.099732,-9.766006
1086,8,0.062395,68.36071
1087,4,-0.022285,-39.060211
1088,7,-0.023009,29.296589
1089,7,0.005603,0.0
1090,-3,-0.146985,-97.662926
1091,10,0.034213,126.951885
1092,4,0.024684,-58.587456
1093,4,-0.032537,0.0
1094,5,-0.013462,0.000106
1095,3,-0.109062,-19.774765
1096,6,0.053072,29.296017
1097,4,-0.042295,-19.531822
1098,7,-0.032759,29.295158
1099,-3,-0.099582,-97.666742
1100,7,-0.051987,97.65625
1101,7,0.02431,0.0
1102,2,-0.099653,-48.828602
1103,-1,-0.060924,-28.628686
1104,9,0.02241,99.991001
1105,8,0.098714,-9.76572
1106,7,0.012886,-9.765244
1107,3,-0.053874,-39.064789
1108,5,0.012884,19.531059
1109,0,-0.05126,-46.196631
1110,7,-0.018699,72.490783
1111,4,0.019451,-29.296017
1112,4,0.009938,0.0
1113,6,-0.009122,19.561624
1114,2,-0.104608,-39.061356
1115,7,0.066689,48.828125
1116,4,-0.019311,-29.296875
1117,5,0.018747,9.765816
1118,1,-0.028968,-39.0625
1119,5,-0.12441,38.960533
1120,5,0.022989,0.0
1121,7,0.061834,19.531822
1122,4,-0.014406,-29.240051
1123,6,-0.004742,19.569472
1124,2,-0.033579,-39.063263
1125,5,-0.014622,29.296589
1126,6,-0.005103,9.746589
1127,4,-0.005139,-19.568706
1128,2,-0.033751,-19.532204
1129,5,-0.091117,29.134699
1130,6,0.071081,9.819807
1131,5,-0.014745,-9.766197
1132,2,-0.014743,-29.296875
1133,6,-0.00544,38.82402
1134,3,-0.015153,-29.477366
1135,4,-0.023828,9.76553
1136,6,-0.004755,19.530869
1137,7,-0.014332,9.726018
1138,2,-0.033605,-49.030664
1139,5,-0.090819,29.296589
1140,4,0.071319,-9.765911
1141,4,-0.02405,0.0
1142,5,-0.004976,9.76572
1143,7,0.014089,19.522861
1144,1,-0.043158,-58.620656
1145,5,-0.01456,39.062881
1146,6,-0.014369,9.765053
1147,6,0.004901,0.0
1148,-8,-0.118426,-136.153659
1149,13,0.035081,206.017678
1150,2,0.007494,-106.377835
1151,6,0.055163,39.047247
1152,8,-0.030356,19.732623
1153,4,-0.039862,-39.063644
1154,5,0.007823,9.765816
1155,10,-0.011253,48.824787
1156,0,-0.030079,-97.400384
1157,0,0.035635,0.0
1158,6,-0.09044,59.337203
1159,5,0.011961,-9.76553
1160,4,-0.007336,-9.76572
1161,7,0.030728,29.281719
1162,4,-0.065136,-29.310901
1163,4,-0.027024,0.0
1164,2,-0.007914,-19.532013
1165,7,0.001617,48.823834
1166,4,-0.03651,-29.27629
1167,2,-0.017387,-19.481595
1168,6,-0.026795,39.193016
1169,6,-0.026795,0.0
1170,4,0.012546,-19.531441
1171,5,-0.01534,9.766197
1172,6,0.00392,9.765625
1173,2,-0.034225,-39.061356
1174,4,-0.015205,19.476472
1175,6,-0.005704,19.471732
1176,10,0.023108,39.292731
1177,2,-0.024577,-78.127289
1178,6,-0.034114,39.061356
1179,4,-0.004937,-18.950161
1180,3,0.004298,-10.074755
1181,4,-0.024311,9.766102
1182,6,0.004299,19.53125
1183,3,-0.02431,-29.295731
1184,5,-0.014844,19.45866
1185,7,-0.02431,19.603807
1186,4,0.004298,-29.296875
1187,-6,-0.110148,-97.661019
1188,12,0.013528,175.471091
1189,3,0.013378,-88.051422
1190,6,0.003969,29.296303
1191,8,0.023042,19.530678
1192,1,-0.053259,-68.358707
1193,4,-0.062796,29.296875
1194,9,0.003961,48.829079
1195,5,-0.024648,-39.062119
1196,-1,-0.025039,-58.597756
1197,4,-0.063771,48.827648
1198,5,0.011806,9.765911
1199,4,0.01188,-9.764957
1200,2,0.021214,-19.532394
1201,9,-0.056719,68.214818
1202,2,-0.047319,-68.504546
1203,4,-0.028247,19.530487
1204,11,0.057376,68.147081
1205,0,-0.076471,-107.762843
1206,2,-0.028878,19.438424
1207,8,-0.009675,58.726228
1208,0,-0.048015,-78.321569
1209,3,-0.028941,29.298019
1210,6,0.009206,29.297161
1211,8,-0.028494,19.529534
1212,1,-0.008736,-68.362045
1213,4,0.048426,29.296875
1214,7,-0.057082,28.967315
1215,3,-0.057525,-39.512417
1216,6,0.066456,29.297161
1217,4,-0.105203,-19.530678
1218,5,-0.01937,9.766388
1219,3,-0.009834,-19.531441
1220,5,-0.009835,19.530296
1221,5,-0.019333,0.0
1222,4,-0.019312,-9.76572
1223,2,-0.038385,-19.530678
1224,5,-0.01931,29.297733
1225,1,-0.066994,-39.062881
1226,9,0.046762,78.124237
1227,4,-0.020227,-48.825264
1228,8,0.017753,38.89159
1229,3,-0.049109,-49.047498
1230,7,0.017814,39.061737
1231,7,0.055959,0.0
1232,0,-0.115699,-68.356705
1233,9,-0.007374,81.628211
1234,4,-0.049485,-52.887107
1235,3,-0.020871,-9.765911
1236,6,0.045883,29.295445
1237,5,-0.116233,-9.765911
1238,10,0.064726,48.575759
1239,-2,-0.097648,-117.800662
1240,4,-0.040564,58.453325
1241,8,0.073926,39.114449
1242,2,-0.135938,-58.656187
1243,3,-0.064414,4.882932
1244,1,-0.04534,-19.532013
1245,7,0.011769,58.480102
1246,5,-0.01686,-19.540982
1247,-1,-0.186524,-58.616074
1248,9,0.092942,97.221412
1249,4,-0.059907,-49.097104
1250,8,0.006854,39.064026
1251,1,-0.002589,-68.264711
1252,4,-0.098415,28.822874
1253,4,-0.031656,0.0
1254,5,-0.041192,9.765911
1255,4,-0.012581,-9.765434
1256,6,0.016029,19.531059
1257,-4,-0.221062,-97.536235
1258,13,0.104777,166.215278
1259,6,-0.009413,-68.315344
1260,4,-0.009341,-19.544802
1261,3,0.01928,-9.753814
1262,4,-0.085618,9.777178
1263,4,-0.057009,0.0
1264,4,-0.018864,0.0
1265,5,-0.047571,9.666599
1266,6,0.00973,9.848433
1267,3,-0.076158,-29.351335
1268,4,-0.009402,9.765339
1269,6,-0.01894,19.531822
1270,5,-0.01894,-9.765148
1271,-3,-0.037689,-77.793769
1272,9,-0.045636,117.605551
1273,4,-0.026655,-48.865347
1274,7,-0.027112,29.136963
1275,4,-0.02727,-29.458841
1276,4,-0.084346,0.0
1277,3,0.040456,-9.279795
1278,6,0.033198,31.627887
1279,8,-0.033572,19.518098
1280,0,-0.065716,-71.979342
1281,5,0.034182,53.466786
1282,-3,-0.156476,-78.051826
1283,12,0.05079,143.877991
1284,3,-0.015932,-87.752655
1285,-1,-0.092439,-39.144305
1286,12,0.129403,129.342938
1287,2,-0.068251,-95.963764
1288,5,-0.021905,29.825224
1289,8,-0.004097,29.295445
1290,3,0.015011,-48.789056
1291,4,-0.00368,9.766483
1292,2,-0.022765,-19.542892
1293,4,-0.041861,19.508198
1294,4,0.015362,0.0
1295,7,0.005831,29.300881
1296,4,0.005831,-29.297733
1297,8,-0.032316,39.061737
1298,5,-0.032315,-29.297161
1299,5,-0.003705,0.0
1300,2,-0.032342,-29.32494
1301,5,-0.003748,29.281148
1302,8,0.005438,29.063572
1303,0,-0.042483,-78.366835
1304,4,-0.0224,38.871936
1305,7,0.087801,29.300309
1306,2,-0.094509,-49.284876
1307,7,-0.046778,48.876811
1308,7,0.064737,0.0
1309,4,0.045955,-29.822556
1310,2,-0.011174,-19.193674
1311,4,-0.010849,19.821213
1312,3,-0.058548,-9.694056
1313,7,0.027683,39.470698
1314,2,-0.029437,-48.731519
1315,6,-0.000758,39.13856
1316,8,0.104149,19.531441
1317,0,-0.019386,-78.128052
1318,9,-0.010608,87.854591
1319,-2,-0.0578,-106.918606
1320,6,-0.009706,78.528378
1321,9,-0.000143,29.295158
1322,2,0.009549,-68.364716
1323,4,-0.009523,19.531441
1324,2,-0.057204,-19.530296
1325,9,0.085855,68.361378
1326,7,0.104931,-19.531059
1327,3,-0.057195,-39.064407
1328,9,0.028595,58.552009
1329,0,-0.047766,-87.953326
1330,5,-0.009624,48.828125
1331,9,0.08574,39.061356
1332,-1,-0.085921,-97.655296
1333,4,-0.047778,48.825264
1334,6,0.018956,19.531059
1335,2,-0.028738,-39.06746
1336,11,0.085662,87.88805
1337,0,-0.038339,-107.418728
1338,7,0.009405,68.35537
1339,2,-0.028713,-48.830986
1340,5,0.028507,29.297447
1341,11,0.095264,58.593178
1342,-3,-0.105006,-136.71608
1343,6,0.018977,87.89835
1344,6,-0.009633,0.0
1345,1,-0.057317,-48.828602
1346,11,0.13342,97.651482
1347,4,-0.057317,-68.362045
1348,5,0.00942,9.751246
1349,1,-0.028784,-39.121717
1350,5,0.00936,39.060211
1351,10,0.076355,48.827648
1352,-7,-0.114272,-165.905453
1353,10,0.067038,166.12919
1354,7,0.009818,-29.297733
1355,4,0.076586,-29.296589
1356,12,0.057511,78.123474
1357,-1,-0.066452,-126.938249
1358,2,0.009847,29.302026
1359,4,0.056771,19.421058
1360,4,-0.040876,0.0
1361,11,0.035412,68.353367
1362,-2,-0.079037,-126.960564
1363,7,0.044937,87.884617
1364,1,-0.031362,-58.599473
1365,5,0.051774,38.935124
1366,10,0.028817,48.982151
1367,0,-0.037946,-97.661019
1368,3,-0.009334,29.298878
1369,4,-0.0189,9.765625
1370,6,0.038319,19.531441
1371,4,-0.028407,-19.499639
1372,5,0.009756,9.781864
1373,10,0.047882,48.806677
1374,3,0.019244,-68.387425
1375,4,-0.009267,9.765625
1376,6,0.009784,19.507627
1377,4,-0.028386,-19.554356
1378,2,-0.018893,-19.519051
1379,5,-0.010633,28.028215
1380,6,0.037511,10.235729
1381,3,-0.019625,-29.211011
1382,4,-0.019597,9.775744
1383,6,0.018624,19.569089
1384,2,-0.000275,-38.884406
1385,4,-0.009566,19.620346
1386,13,0.066672,87.88805
1387,1,-0.036041,-114.944731
1388,-1,-0.026884,-19.919525
1389,8,0.021039,87.896634
1390,-1,-0.033174,-84.991454
1391,16,0.125134,171.87342
1392,-2,-0.065617,-175.798418
1393,6,0.001172,78.118134
1394,2,0.010903,-39.065934
1395,8,0.039513,58.592606
1396,11,0.077657,29.2943
1397,-6,-0.084488,-166.036704
1398,4,-0.002392,93.831516
1399,5,-0.011515,10.180708
1400,-5,-0.049565,-97.582872
1401,22,0.169893,263.787797
1402,-7,-0.106147,-272.900081
1403,8,0.042387,152.098966
1404,0,0.099365,-77.808901
1405,10,-0.00596,98.165291
1406,10,0.097925,0.0
1407,-3,-0.064197,-126.965524
1408,1,-0.045322,39.060974
1409,6,0.04051,48.828602
1410,3,0.002363,-29.296875
1411,11,0.030973,78.121185
1412,-3,-0.007433,-136.728097
1413,9,0.107004,117.182923
1414,-1,-0.046314,-97.660065
1415,9,0.058589,97.655296
1416,2,0.004193,-65.467673
1417,5,0.00553,30.651654
1418,3,0.015081,-19.531441
1419,11,0.091368,78.118134
1420,-1,-0.004013,-117.202379
1421,15,0.10088,156.234743
1422,-4,-0.05174,-185.55956
1423,8,0.081691,117.152034
1424,0,-0.032899,-78.147132
1425,8,0.043194,77.919548
1426,6,0.043163,-19.563155
1427,7,0.043172,9.774884
1428,1,-0.023588,-58.596039
1429,5,0.052708,39.064789
1430,4,0.024151,-9.764957
1431,11,0.071892,68.35804
1432,-3,-0.099993,-136.717415
1433,6,0.061561,87.304051
1434,4,0.004216,-19.660464
1435,8,0.060876,39.069749
1436,1,0.004758,-67.539535
1437,-2,-0.033744,-29.659802
1438,11,0.07054,126.317835
1439,5,0.041641,-58.888191
1440,4,0.013101,-9.766006
1441,13,0.079776,87.87861
1442,-11,-0.120525,-234.404758
1443,11,0.184553,214.738897
1444,6,-0.034178,-48.50978
1445,5,0.042206,-9.834389
1446,2,-0.014992,-29.274005
1447,0,-0.053154,-19.546903
1448,9,0.099434,87.891483
1449,4,0.023138,-48.830509
1450,4,-0.024547,0.0
1451,15,0.11849,107.40719
1452,-6,-0.02397,-204.477074
1453,7,0.052699,127.337375
1454,4,0.028857,-14.648938
1455,4,0.038393,0.0
1456,4,0.057467,0.0
1457,3,-0.018685,-9.765434
1458,12,0.13404,87.886334
1459,-3,-0.028096,-146.497251
1460,4,-0.027889,68.359375
1461,9,0.125029,48.825264
1462,-2,0.07982,-26.85619
1463,-6,0.017701,-4.882795
1464,10,0.24678,156.254578
1465,4,0.189558,-29.297018
1466,2,0.141875,-19.529915
1467,3,0.13234,9.765911
1468,2,0.189563,-9.766102
1469,11,0.246777,87.883759
1470,1,0.123113,-97.66388
1471,6,0.209382,48.826218
1472,7,0.190308,9.766006
1473,3,0.171233,-39.063644
1474,3,0.161696,0.0
1475,8,0.228452,48.827171
1476,2,0.152161,-58.592033
1477,5,0.180771,29.296875
1478,8,0.218801,29.176919
1479,1,0.172969,-66.462216
1480,4,0.173934,30.285593
1481,4,0.212081,0.0
1482,4,0.135788,0.0
1483,6,0.202554,19.542701
1484,3,0.135961,-29.299164
1485,6,0.212467,29.294872
1486,3,0.14571,-29.297733
1487,-12,0.002659,-146.484375
1488,28,0.450861,390.602113
1489,0,0.237624,-136.726094
1490,3,0.317881,29.295731
1491,5,0.346492,19.531441
1492,3,0.29881,-19.531059
1493,6,0.336957,29.297447
1494,5,0.279984,-9.765434
1495,2,0.366412,-29.298019
1496,5,0.337938,29.295731
1497,13,0.376034,78.125
1498,3,0.337943,-97.661019
1499,-4,0.266418,-68.358707
1500,10,0.419012,136.724091
1501,-2,0.247466,-117.182923
1502,13,0.409602,146.485806
1503,7,0.409626,-58.590889
1504,3,0.276536,-39.062881
1505,2,0.314945,-9.766006
1506,5,0.305406,29.296017
1507,7,0.391048,19.432191
1508,1,0.305382,-58.899174
1509,3,0.323036,18.077952
1510,6,0.34461,31.857956
1511,0,0.296928,-58.592606
1512,9,0.363683,87.888908
1513,4,0.411249,-48.829079
1514,-5,0.163097,-87.892342
1515,15,0.42054,195.306778
1516,6,0.353796,-87.891483
1517,5,0.353784,-9.765816
1518,6,0.353773,9.765911
1519,4,0.3347,-19.530487
1520,6,0.353773,19.531059
1521,-3,0.258503,-87.890625
1522,10,0.372872,126.963044
1523,7,0.372928,-29.294586
1524,2,0.315705,-48.830986
1525,3,0.306049,9.644318
1526,4,0.325243,9.889534
1527,6,0.419686,18.915391
1528,4,0.285121,-20.188765
1529,2,0.313766,-19.532776
1530,7,0.332992,48.824311
1531,0,0.294999,-68.363381
1532,9,0.380826,87.886334
1533,7,0.370815,-19.53125
1534,4,0.311317,-29.297733
1535,4,0.292256,0.0
1536,2,0.342759,-20.264451
1537,7,0.33771,48.29658
1538,4,0.385005,-29.621731
1539,4,0.244499,0.0
1540,5,0.339732,9.766102
1541,-2,0.311201,-68.360043
1542,10,0.299327,117.184067
1543,7,0.364433,-29.295731
1544,2,0.287621,-48.830032
1545,5,0.287623,29.297733
1546,0,0.287586,-48.827648
1547,12,0.392488,117.186356
1548,0,0.297125,-117.194367
1549,5,0.325757,48.827171
1550,6,0.335294,9.765434
1551,-1,0.239922,-68.359375
1552,12,0.392512,126.954365
1553,2,0.258995,-97.660065
1554,4,0.306679,19.531631
1555,9,0.354357,48.822404
1556,-7,0.230389,-156.268313
1557,11,0.373456,175.78125
1558,5,0.287854,-58.592033
1559,4,0.354848,-9.765339
1560,4,0.316887,0.0
1561,-2,0.231053,-58.594322
1562,12,0.412694,136.71608
1563,5,0.29822,-68.344692
1564,3,0.279142,-19.53602
1565,8,0.355945,48.823834
1566,3,0.327066,-48.765739
1567,4,0.317259,9.779282
1568,4,0.326726,0.0
1569,4,0.288181,0.0
1570,5,0.345307,9.76553
1571,-2,0.240331,-68.356705
1572,12,0.35477,136.717415
1573,3,0.345236,-87.891483
1574,4,0.268977,9.76572
1575,8,0.411537,39.0625
1576,-6,0.201331,-136.722756
1577,11,0.334842,166.010761
1578,6,0.353921,-48.827171
1579,4,0.31579,-19.515622
1580,3,0.325317,-9.774311
1581,-3,0.201337,-58.59375
1582,15,0.39207,175.779533
1583,2,0.306246,-126.948166
1584,6,0.287215,39.063644
1585,6,0.373107,0.0
1586,-6,0.210976,-117.193222
1587,2,0.249125,78.125
1588,13,0.449398,107.425022
1589,3,0.306348,-97.658157
1590,5,0.306305,19.48672
1591,0,0.296667,-48.936608
1592,11,0.315746,107.425022
1593,2,0.335041,-87.660345
1594,12,0.3639,97.906754
1595,-1,0.287602,-126.960564
1596,-4,0.230379,-29.298878
1597,11,0.316202,146.475792
1598,10,0.440176,-9.766102
1599,0,0.258974,-97.652435
1600,1,0.268511,9.765911
1601,0,0.306659,-9.765339
1602,8,0.287595,78.130341
1603,5,0.32583,-29.209589
1604,9,0.354567,39.178045
1605,0,0.306938,-87.894058
1606,-2,0.24972,-19.530869
1607,15,0.356238,157.901581
1608,1,0.377498,-144.13524
1609,5,0.253408,39.061737
1610,7,0.301093,19.531441
1611,0,0.262948,-68.357372
1612,6,0.243877,58.595467
1613,5,0.358755,-9.30371
1614,12,0.394938,66.353227
1615,-2,0.241393,-137.808839
1616,11,0.365252,126.831743
1617,-2,0.168022,-133.610146
1618,4,0.350583,59.982005
1619,5,0.274295,9.765053
1620,4,0.321983,-9.766102
1621,0,0.245814,-39.062119
1622,8,0.274276,78.127289
1623,5,0.341039,-29.296303
1624,6,0.317195,4.882741
1625,-11,0.145527,-166.02211
1626,17,0.393477,273.43216
1627,5,0.298083,-117.182923
1628,0,0.240844,-48.830509
1629,8,0.269476,78.125
1630,2,0.27904,-58.59375
1631,7,0.315661,47.26568
1632,6,0.286747,-10.099888
1633,7,0.31538,9.765434
1634,0,0.267684,-68.360043
1635,5,0.28788,48.709206
1636,4,0.268324,-9.789621
1637,5,0.306387,9.765911
1638,5,0.296841,0.0
1639,10,0.301571,24.413347
1640,1,0.253709,-87.895775
1641,5,0.272576,38.94081
1642,8,0.215446,29.386987
1643,2,0.270472,-58.598328
1644,4,0.308999,19.531631
1645,9,0.270844,48.825741
1646,5,0.315697,-39.061356
1647,8,0.176463,29.298019
1648,2,0.290923,-58.592033
1649,5,0.243246,29.297161
1650,5,0.281396,0.0
1651,7,0.243249,19.529724
1652,4,0.186985,-28.320589
1653,2,0.329374,-20.229401
1654,5,0.26573,28.659317
1655,4,0.246034,-9.988014
1656,4,0.341329,0.0
1657,6,0.102796,19.529534
1658,5,0.359763,-9.766293
1659,7,0.2303,19.529724
1660,1,0.249062,-58.597183
1661,7,0.210415,58.590889
1662,4,0.181868,-29.232073
1663,2,0.286741,-19.575601
1664,9,0.315355,68.362045
1665,2,0.202202,-67.040176
1666,7,0.279455,49.809727
1667,5,0.184091,-19.530869
1668,5,0.317615,0.0
1669,3,0.184963,-18.652367
1670,7,0.320367,40.993267
1671,9,0.244073,19.530678
1672,5,0.26986,-39.062119
1673,6,0.249403,9.70318
1674,5,0.258877,-9.829362
1675,4,0.173053,-9.766102
1676,5,0.297045,9.765244
1677,6,0.154009,9.766102
1678,3,0.306609,-29.297161
1679,4,0.201739,9.765053
1680,6,0.287591,9.765625
1681,2,0.173348,-39.065552
1682,4,0.211526,19.530869
1683,8,0.240125,39.060974
1684,4,0.259199,-39.064407
1685,-2,0.16391,-58.511468
1686,12,0.30715,136.91262
1687,3,0.154566,-87.88805
1688,4,0.297592,9.741746
1689,6,0.231454,19.578859
1690,7,0.26019,9.765434
1691,5,0.202962,-19.532394
1692,2,0.240309,-29.296303
1693,5,0.297884,29.297447
1694,4,0.16499,-9.765816
1695,4,0.222498,0.0
1696,6,0.251109,19.531631
1697,2,0.127143,-39.0625
1698,5,0.384664,29.296303
1699,6,0.184494,9.765434
1700,5,0.22233,-9.766197
1701,2,0.203322,-29.298019
1702,4,0.250984,19.53125
1703,4,0.270072,0.0
1704,5,0.193778,9.765816
1705,4,0.231927,-9.765625
1706,3,0.22239,-9.76572
1707,8,0.165183,48.826695
1708,2,0.307647,-58.59375
1709,9,0.250051,68.359375
1710,0,0.178519,-87.89835
1711,-4,0.140397,-39.036958
1712,12,0.293081,156.349245
1713,7,0.254935,-48.827171
1714,3,0.130961,-39.063263
1715,6,0.302634,29.296017
1716,5,0.226364,-9.741651
1717,3,0.159562,-19.579625
1718,5,0.204863,19.532013
1719,7,0.228703,19.529915
1720,0,0.009349,-68.364716
1721,5,0.085643,48.828125
1722,6,0.114252,9.76572
1723,6,0.104715,0.0
1724,2,0.076084,-39.084256
1725,5,0.018863,29.29001
1726,6,0.123741,9.73075
1727,3,0.047341,-29.40744
1728,3,0.037804,0.0
1729,9,0.133172,58.593178
1730,0,0.04734,-87.891483
1731,5,0.047341,48.828602
1732,4,0.095023,-9.76572
1733,5,0.075899,9.713925
1734,3,0.02823,-19.636528
1735,8,0.140611,48.615905
1736,1,0.043986,-68.658415
1737,5,0.082132,39.061737
1738,6,0.091669,9.765911
1739,8,0.091634,19.506866
1740,0,0.04386,-78.219719
1741,4,0.0534,39.064026
1742,5,0.091548,9.76553
1743,4,0.225063,-9.76553
1744,4,-0.156385,0.0
1745,7,0.005746,29.296017
1746,2,-0.070549,-48.830509
1747,4,-0.070549,19.53125
1748,7,-0.022866,29.296303
1749,4,-0.080087,-29.296589
1750,-5,-0.156385,-87.894917
1751,11,0.024811,156.246948
1752,3,-0.07956,-77.580271
1753,6,-0.127042,29.503747
1754,6,-0.03167,0.0
1755,7,0.044624,9.765434
1756,2,-0.136583,-48.830986
1757,7,0.025537,48.827648
1758,4,-0.146126,-29.296875
1759,2,-0.107798,-19.343108
1760,4,-0.050657,19.44901
1761,5,-0.031448,9.903834
1762,2,-0.088654,-29.282577
1763,6,-0.069567,38.977617
1764,6,-0.012048,0.0
1765,3,-0.058313,-29.297161
1766,4,-0.079888,9.765339
1767,7,0.005941,29.295731
1768,4,-0.108343,-29.138095
1769,2,-0.079838,-19.639999
1770,7,0.053674,48.824311
1771,6,-0.146592,-9.765625
1772,3,-0.089372,-29.298592
1773,4,-0.070303,9.76105
1774,6,-0.060758,19.54041
1775,-4,-0.136948,-97.549555
1776,15,0.025366,185.74096
1777,1,-0.022323,-136.724091
1778,8,-0.079824,68.081464
1779,-4,-0.164412,-115.911791
1780,8,-0.000523,118.990957
1781,5,-0.038551,-29.296875
1782,4,-0.057746,-9.76572
1783,4,-0.076218,0.0
1784,5,-0.046966,9.76572
1785,6,-0.018354,9.765053
1786,1,-0.11372,-48.830032
1787,12,0.057946,107.422924
1788,3,-0.113707,-87.886334
1789,0,-0.122754,-28.795485
1790,6,-0.03616,59.374784
1791,3,-0.064893,-29.423303
1792,6,-0.016494,29.296589
1793,5,-0.073195,-9.765816
1794,6,-0.034731,9.765911
1795,2,-0.072877,-39.062119
1796,7,-0.034731,48.828602
1797,5,0.012955,-19.530296
1798,1,-0.139633,-39.065934
1799,4,-0.082466,29.243756
1800,4,-0.03478,0.0
1801,4,-0.063391,0.0
1802,9,0.034433,51.344718
1803,6,-0.108617,-29.297733
1804,3,-0.022779,-29.296303
1805,2,-0.08,-9.766388
1806,4,-0.070463,19.530678
1807,9,0.043977,48.827648
1808,1,-0.156296,-78.125763
1809,4,-0.032523,29.083577
1810,4,-0.051597,0.0
1811,4,-0.099275,0.0
1812,4,0.05333,0.0
1813,7,-0.089721,29.296589
1814,2,-0.080186,-48.828602
1815,2,-0.07065,0.0
1816,9,-0.003894,68.35804
1817,4,0.005646,-48.825741
1818,4,-0.127866,0.0
1819,7,-0.032513,29.297447
1820,2,-0.06112,-48.830509
1821,4,-0.089728,19.529724
1822,5,-0.032568,9.765911
1823,6,-0.032582,9.765339
1824,2,-0.070731,-39.064407
1825,5,-0.04212,29.297447
1826,6,-0.04212,9.76553
1827,4,0.005562,-19.530869
1828,2,-0.147026,-19.532394
1829,5,-0.032585,29.296589
1830,2,-0.070731,-29.296017
1831,6,-0.07073,39.063644
1832,4,0.043716,-19.530296
1833,7,-0.089794,29.296875
1834,-2,-0.127945,-87.894058
1835,15,0.05008,162.782236
1836,4,-0.047403,-109.597776
1837,0,-0.02833,-39.062881
1838,5,-0.152304,48.830032
1839,1,-0.066478,-39.061737
1840,6,-0.056941,48.829556
1841,5,-0.066477,-9.765148
1842,5,0.047969,0.0
1843,6,-0.018741,9.813928
1844,1,-0.171333,-48.830032
1845,7,-0.018741,58.596611
1846,7,-0.037771,0.0
1847,0,-0.056145,-67.751333
1848,-5,-0.20917,-49.27322
1849,10,0.019494,146.491528
1850,10,-0.076118,0.0
1851,6,0.009719,-39.063263
1852,2,0.000181,-39.065552
1853,7,-0.095181,48.824787
1854,2,-0.133328,-48.828125
1855,6,0.000184,39.064026
1856,7,0.000184,9.765434
1857,0,-0.056819,-68.135804
1858,3,-0.104413,29.393898
1859,2,-0.085425,-9.765816
1860,10,-0.047389,78.126526
1861,2,-0.037848,-78.124237
1862,7,0.028906,48.825741
1863,2,-0.17298,-48.830509
1864,2,-0.032223,0.0
1865,8,-0.012576,59.180352
1866,5,-0.060259,-29.296017
1867,6,0.016033,9.766102
1868,2,-0.079335,-39.061356
1869,4,-0.051175,19.531631
1870,7,-0.087364,29.296017
1871,2,-0.000472,-48.830986
1872,7,-0.076648,48.827171
1873,2,0.006144,-48.831463
1874,3,-0.042896,9.765339
1875,14,0.052465,107.414532
1876,-4,-0.109676,-175.798418
1877,-4,-0.07153,0.0
1878,12,0.000851,152.244657
1879,4,-0.048897,-80.237503
1880,10,0.003554,58.592606
1881,-1,0.060779,-107.423973
1882,5,-0.149024,58.593178
1883,8,-0.005978,29.296875
1884,4,0.00356,-39.063644
1885,8,-0.034589,39.060211
1886,-1,-0.063206,-87.897492
1887,4,-0.063384,47.083196
1888,4,-0.053521,0.0
1889,4,-0.063058,0.0
1890,10,0.060916,58.589173
1891,1,-0.072485,-87.8932
1892,3,-0.043851,19.531441
1893,4,-0.04385,9.766197
1894,6,-0.024779,19.529534
1895,4,-0.067465,-19.297755
1896,3,0.008717,-9.885623
1897,4,-0.019774,9.766293
1898,7,-0.019863,29.295731
1899,6,0.027825,-9.765244
1900,8,0.027825,19.531441
1901,0,-0.09615,-78.125
1902,2,-0.038948,19.513528
1903,4,-0.048467,19.550533
1904,6,0.027823,19.529343
1905,12,0.056433,58.593178
1906,-4,-0.096164,-156.259156
1907,4,-0.038941,78.126526
1908,4,-0.011284,0.0
1909,4,0.008471,0.0
1910,11,0.047243,68.361378
1911,1,-0.037362,-96.623025
1912,2,-0.027722,9.871473
1913,3,-0.037257,9.765434
1914,8,0.019964,48.827648
1915,8,0.000892,0.0
1916,-9,-0.106352,-168.415213
1917,13,0.04624,214.845848
1918,4,-0.01104,-87.887192
1919,4,0.008077,0.0
1920,14,0.036683,97.655296
1921,-5,-0.079063,-185.564997
1922,4,-0.04188,87.885475
1923,12,0.053484,78.121948
1924,-1,-0.070498,-126.958084
1925,9,0.043082,97.654343
1926,-2,-0.100446,-105.980172
1927,4,-0.061505,59.406529
1928,4,-0.023359,0.0
1929,4,-0.032834,0.0
1930,16,0.091203,117.185211
1931,-2,-0.070923,-175.782967
1932,3,-0.032775,48.828125
1933,5,-0.023238,19.532204
1934,4,-0.004164,-9.765434
1935,9,0.033982,48.826218
1936,-2,-0.080471,-107.433416
1937,5,0.024433,68.35537
1938,5,0.00536,0.0
1939,3,-0.051861,-19.532585
1940,14,0.091183,107.412434
1941,-5,-0.032886,-185.557748
1942,4,-0.080757,87.892342
1943,8,0.043216,39.05983
1944,2,-0.023523,-58.598328
1945,10,0.033649,78.122711
1946,-1,-0.080796,-107.426071
1947,7,0.01457,78.122711
1948,2,-0.004469,-48.792865
1949,4,-0.013992,19.54633
1950,13,0.081364,87.87861
1951,-4,-0.080776,-166.031839
1952,4,-0.023553,78.128052
1953,7,0.043204,29.296875
1954,4,-0.014015,-29.295445
1955,3,-0.033087,-9.765148
1956,3,-0.02355,0.0
1957,5,0.024136,19.532013
1958,4,-0.004429,-9.718551
1959,10,0.053067,58.876056
1960,7,0.014921,-29.296017
1961,-4,-0.08025,-107.220836
1962,11,0.072605,146.758113
1963,4,-0.041837,-68.362713
1964,1,-0.013229,-29.298306
1965,10,0.005842,87.88805
1966,-1,-0.013229,-107.42712
1967,-9,-0.051402,-78.126526
1968,24,0.110592,322.23101
1969,-4,-0.108759,-273.442841
1970,9,0.053368,126.955605
1971,-2,-0.080148,-107.425022
1972,6,0.005661,78.127289
1973,5,0.015246,-9.765148
1974,5,-0.003829,0.0
1975,9,0.015244,39.05983
1976,-2,-0.02261,-107.126858
1977,5,-0.003348,68.552849
1978,4,-0.022422,-9.766293
1979,10,0.034796,58.590889
1980,6,0.034817,-39.062119
1981,-2,-0.070085,-78.129578
1982,8,0.015777,97.653389
1983,2,-0.012728,-58.597183
1984,5,0.015881,29.296017
1985,3,-0.059838,-18.943161
1986,4,0.035836,10.078105
1987,-3,-0.078445,-68.194881
1988,13,0.08406,156.64007
1989,6,0.007819,-68.357372
1990,-3,-0.058777,-87.830585
1991,9,0.008266,117.267663
1992,6,0.046706,-29.296303
1993,2,-0.029588,-39.062881
1994,13,0.065779,107.421875
1995,-1,-0.085709,-135.616863
1996,4,0.038752,49.228588
1997,4,0.000604,0.0
1998,5,0.000604,9.765625
1999,6,0.019677,9.765339
2000,9,0.048286,29.296017
2001,-1,-0.075696,-97.661972
2002,7,0.048285,78.125763
2003,1,-0.028009,-58.59375
2004,-3,-0.094766,-39.0625
2005,15,0.105506,175.78125
2006,1,0.057819,-136.725426
2007,4,-0.066477,28.967036
2008,6,0.028577,19.755818
2009,2,-0.038381,-39.062119
2010,13,0.066517,107.415581
2011,0,-0.066038,-125.970213
2012,4,0.020097,39.371241
2013,2,-0.04666,-19.532204
2014,4,0.000966,19.472869
2015,10,0.077246,58.767067
2016,-1,-0.046654,-107.423973
2017,5,0.000897,58.595467
2018,6,0.03903,9.765434
2019,2,-0.037185,-39.065934
2020,5,-0.008899,28.964239
2021,5,0.019711,0.0
2022,11,0.067403,58.602334
2023,-4,-0.104555,-146.789709
2024,4,0.000199,78.129578
2025,4,0.019378,0.0
2026,9,0.019381,48.826695
2027,3,-0.028304,-58.594894
2028,5,0.019381,19.53125
2029,3,-0.009225,-19.531822
2030,4,-0.018771,9.765816
2031,6,0.095566,19.53125
2032,4,-0.104894,-19.529915
2033,3,0.019089,-9.766102
2034,4,-0.03786,9.76553
2035,5,0.084872,9.765816
2036,6,-0.021793,9.766006
2037,5,-0.00272,-9.765434
2038,5,0.006817,0.0
2039,3,-0.012257,-19.532013
2040,4,-0.012257,9.766197
2041,9,0.025885,48.822404
2042,2,0.006808,-68.364716
2043,3,-0.08856,9.765434
2044,6,0.025877,29.296875
2045,4,0.034924,-19.53125
2046,4,-0.02306,0.0
2047,6,0.024747,19.530678
2048,5,-0.0134,-9.766102
2049,2,-0.032473,-29.296017
2050,6,-0.003862,39.062881
2051,7,0.043821,9.765053
2052,-1,-0.080163,-78.130341
2053,5,-0.004358,58.093375
2054,6,0.043316,9.752862
2055,3,-0.01414,-29.591344
2056,4,-0.004604,9.765244
2057,5,0.004934,9.766197
2058,9,-0.007063,39.05983
2059,2,-0.045215,-68.365384
2060,2,-0.016606,0.0
2061,8,-0.007067,0.001258
2062,2,-0.083362,-58.595467
2063,5,-0.102434,29.298306
2064,4,-0.035426,-9.509862
2065,5,-0.054028,10.03472
2066,5,-0.054028,0.0
2067,3,-0.073128,-19.558563
2068,4,-0.063591,9.766483
2069,-1,-0.13988,-48.823834
2070,11,0.022248,117.190933
2071,2,-0.063585,-87.8932
2072,5,-0.10173,29.297161
2073,4,-0.063586,-9.765625
2074,1,-0.092195,-29.296303
2075,9,-0.04451,78.127289
2076,7,-0.015897,-19.531059
2077,2,-0.082655,-48.830032
2078,5,-0.063583,29.295445
2079,0,-0.120802,-48.826695
2080,10,0.012719,97.661019
2081,-6,-0.168484,-156.254578
2082,13,0.003167,185.536004
2083,4,-0.063598,-87.897492
2084,-2,-0.101743,-58.59375
2085,14,0.022229,156.243897
2086,1,-0.070779,-124.535387
2087,4,-0.079749,29.878395
2088,10,-0.003462,58.586884
2089,-5,-0.175133,-146.494389
2090,10,0.053753,146.485806
2091,4,-0.162173,-58.32661
2092,6,-0.035982,19.621886
2093,3,-0.026446,-29.297161
2094,-2,-0.121814,-48.827171
2095,13,0.059376,146.477223
2096,2,-0.093222,-107.431317
2097,4,-0.064613,19.530106
2098,8,-0.026467,39.061737
2099,-3,-0.140959,-107.426071
2100,9,0.021171,117.190933
2101,3,-0.093274,-58.594894
2102,5,-0.074812,18.9052
2103,4,-0.018512,-10.09999
2104,-3,-0.037152,-68.360043
2105,13,-0.027809,156.057976
2106,6,-0.094643,-68.43757
2107,3,-0.084963,-29.151119
2108,10,0.020282,68.705587
2109,-6,-0.179995,-156.259156
2110,7,-0.008337,126.949406
2111,6,-0.056023,-9.766293
2112,4,-0.084556,-19.451658
2113,5,-0.008441,9.805556
2114,-2,-0.103903,-68.359375
2115,13,0.044273,141.966136
2116,2,-0.14038,-110.957564
2117,4,-0.045014,19.530487
2118,6,-0.073622,19.531441
2119,5,-0.035456,-9.749059
2120,-5,-0.130985,-97.821515
2121,11,-0.037659,154.746361
2122,9,-0.028136,-19.544993
2123,2,-0.105042,-68.985227
2124,1,-0.076432,-9.764957
2125,9,-0.019208,78.129578
2126,3,-0.105037,-58.593178
2127,6,-0.028741,29.296303
2128,7,-0.066887,9.765053
2129,-8,-0.162258,-146.491528
2130,6,-0.038273,136.726761
2131,13,-0.076415,68.356705
2132,5,0.018966,-78.128052
2133,4,0.00943,-9.765148
2134,-3,-0.206005,-68.36071
2135,13,0.024348,155.643537
2136,3,-0.12689,-96.275116
2137,4,-0.01227,9.947675
2138,9,-0.021812,48.821927
2139,-5,-0.183954,-136.736109
2140,11,0.006217,155.670795
2141,4,-0.098934,-68.613997
2142,5,-0.003559,9.765911
2143,4,-0.059076,-9.765625
2144,-1,-0.106758,-48.826695
2145,10,-0.00185,107.426071
2146,4,-0.116286,-58.59375
2147,6,-0.011381,19.530106
2148,6,-0.030454,0.0
2149,-5,-0.144892,-107.417679
2150,10,-0.020911,146.485806
2151,4,-0.059288,-58.595467
2152,4,-0.049634,0.0
2153,5,-0.049606,9.794319
2154,7,-0.059172,19.50097
2155,7,-0.049635,0.0
2156,0,-0.13547,-68.363381
2157,8,0.017119,78.126526
2158,7,-0.011473,-9.765339
2159,-1,-0.106632,-77.892236
2160,7,-0.049654,77.874797
2161,3,-0.145259,-39.306245
2162,3,0.007338,0.0
2163,5,-0.049885,19.530487
2164,2,-0.078495,-29.296303
2165,6,-0.040347,39.063644
2166,7,-0.09757,9.764671
2167,8,0.006326,9.766483
2168,0,-0.077574,-76.042013
2169,-9,-0.175367,-90.375056
2170,25,0.101158,331.989103
2171,0,-0.137275,-244.154931
2172,5,0.07488,48.83194
2173,8,-0.106322,29.2943
2174,-4,-0.134945,-117.196656
2175,8,-0.0205,117.190933
2176,7,-0.125403,-9.765053
2177,7,0.055813,0.0
2178,5,-0.049365,-19.816696
2179,-6,-0.230571,-107.432366
2180,10,0.045989,156.23932
2181,7,-0.077987,-29.297161
2182,-1,-0.050251,-77.578767
2183,4,-0.060242,49.175813
2184,4,-0.060242,0.0
2185,4,-0.060242,0.0
2186,7,-0.14607,29.296875
2187,6,0.016056,-9.765816
2188,2,-0.069774,-39.061737
2189,3,-0.079311,9.766102
2190,9,-0.012558,58.590317
2191,4,-0.107868,-48.771923
2192,4,-0.002953,0.0
2193,6,-0.050633,19.530869
2194,0,-0.107856,-58.596611
2195,8,-0.015944,74.585816
2196,8,-0.120839,0.0
2197,2,0.006961,-54.691132
2198,6,-0.040034,39.769733
2199,-1,-0.147937,-71.432216
2200,-1,-0.090712,0.0
2201,7,-0.083912,85.085564
2202,9,0.040069,19.530487
2203,5,-0.07437,-39.062881
2204,2,-0.055332,-29.298019
2205,4,-0.055347,19.53125
2206,9,-0.09348,48.830032
2207,0,-0.017167,-87.887192
2208,-4,-0.131612,-39.064026
2209,12,-0.007627,156.25763
2210,0,-0.093456,-117.184067
2211,13,0.040052,126.946926
2212,2,-0.063657,-106.198108
2213,5,-0.053787,29.638997
2214,2,-0.072829,-29.217269
2215,8,-0.072947,58.755557
2216,3,-0.092021,-48.828125
2217,2,0.00315,-9.765816
2218,12,-0.045929,96.500878
2219,2,-0.075693,-98.8406
2220,4,-0.028008,19.531441
2221,5,-0.104302,9.762384
2222,4,-0.008932,-9.768487
2223,9,0.115048,48.829079
2224,0,-0.285466,-87.894917
2225,7,0.048323,68.357372
2226,3,-0.113805,-39.063644
2227,3,-0.008898,0.0
2228,7,-0.047047,39.0625
2229,2,-0.085193,-48.826695
2230,4,-0.066119,19.531631
2231,4,-0.104263,0.0
2232,6,0.019427,19.531822
2233,3,-0.076129,-29.296589
2234,7,-0.028446,39.061356
2235,8,-0.076127,9.765816
2236,0,-0.114277,-78.128052
2237,5,0.009706,48.829079
2238,4,-0.095196,-9.766006
2239,5,-0.028435,9.765625
2240,4,-0.066581,-9.765148
2241,4,-0.048082,0.0
2242,6,-0.038851,19.530296
2243,3,-0.000867,-29.298878
2244,4,-0.144299,9.765053
2245,9,-0.029861,48.827171
2246,-1,-0.039463,-97.662926
2247,-4,-0.182593,-29.297447
2248,15,0.027202,185.534192
2249,0,-0.077713,-146.49582
2250,9,-0.096786,87.890625
2251,5,-0.002493,-39.060974
2252,5,-0.050568,0.0
2253,3,-0.069642,-19.531822
2254,9,-0.021961,58.591461
2255,1,-0.107791,-78.125
2256,2,-0.126863,9.766293
2257,-1,-0.0601,-29.296303
2258,10,-0.031486,107.426071
2259,4,-0.031485,-58.592606
2260,4,0.006662,0.0
2261,4,-0.164999,0.0
2262,7,-0.004062,28.074116
2263,3,-0.072506,-41.119266
2264,12,-0.006081,87.774906
2265,-1,-0.092069,-127.113258
2266,9,-0.102547,96.685617
2267,-1,-0.07587,-98.652408
2268,5,-0.0571,58.591461
2269,4,-0.047563,-9.766102
2270,5,-0.057042,9.76572
2271,6,-0.104895,9.765434
2272,2,-0.038135,-39.061356
2273,5,-0.066746,29.297447
2274,8,-0.047672,29.297447
2275,0,-0.085814,-78.122711
2276,4,-0.075952,39.0625
2277,5,-0.066415,9.766006
2278,4,-0.133181,-9.765911
2279,4,0.010169,0.0
2280,5,-0.056593,9.765625
2281,6,-0.047056,9.765911
2282,5,-0.104275,-9.765625
2283,3,-0.066127,-19.531441
2284,8,-0.037517,48.827648
2285,1,-0.085203,-68.362045
2286,-6,-0.161497,-68.359375
2287,14,0.010158,195.306778
2288,4,-0.062187,-93.611922
2289,5,-0.042682,10.20679
2290,6,-0.042682,9.765911
2291,5,-0.061755,-9.765053
2292,2,-0.099904,-29.298592
2293,8,-0.033152,58.589173
2294,3,-0.08084,-48.832417
2295,2,-0.071302,-9.765339
2296,4,-0.061765,19.531822
2297,5,-0.099906,9.765911
2298,7,-0.014071,19.530106
2299,3,-0.061621,-38.924894
2300,4,-0.08066,9.800751
2301,7,-0.032976,29.296589
2302,2,-0.080662,-48.830032
2303,7,-0.052052,48.827171
2304,4,-0.071123,-29.295158
2305,2,-0.061569,-19.512005
2306,5,-0.071602,28.788577
2307,1,-0.120014,-39.808521
2308,4,-0.015104,29.297161
2309,4,-0.071836,0.0
2310,5,-0.071823,9.766006
2311,6,-0.033389,9.765339
2312,2,-0.081074,-39.064026
2313,6,-0.052466,39.060593
2314,6,-0.09061,0.0
2315,4,-0.042921,-19.532013
2316,7,-0.014311,29.296875
2317,5,-0.033387,-19.531822
2318,4,0.014299,-9.765816
2319,4,-0.014313,0.0
2320,7,0.023585,29.297161
2321,1,-0.043434,-58.592606
2322,5,-0.005287,39.062881
2323,8,0.042422,29.295731
2324,0,-0.043414,-78.130341
2325,5,0.051949,48.828125
2326,4,-0.072032,-9.765339
2327,5,0.023338,9.76572
2328,4,-0.014809,-9.76553
2329,4,-0.005272,0.0
2330,8,0.061483,39.060974
2331,2,-0.072035,-58.595467
2332,5,-0.024351,29.298306
2333,7,0.042409,19.53125
2334,2,-0.033884,-48.828602
2335,-5,-0.052958,-68.35804
2336,13,0.023331,175.78125
2337,4,0.090092,-87.891483
2338,5,-0.081559,9.76572
2339,7,0.023352,19.531441
2340,1,0.023354,-58.592033
2341,5,-0.091082,39.061737
2342,8,0.059146,29.297733
2343,0,-0.04633,-78.129578
2344,5,-0.05586,48.828125
2345,3,0.068179,-19.47761
2346,9,-0.017496,58.753831
2347,2,-0.027293,-68.35804
2348,5,-0.017844,29.297447
2349,6,0.020304,9.765911
2350,2,0.029841,-39.060974
2351,5,-0.084592,29.298019
2352,8,0.048929,29.2943
2353,0,-0.046443,-78.131104
2354,4,-0.046443,39.061737
2355,5,0.068002,9.76553
2356,4,-0.055979,-9.765911
2357,5,0.010779,9.76572
2358,4,-0.01722,-9.76572
2359,6,0.011717,19.531059
2360,2,0.04075,-38.629801
2361,4,-0.09236,19.753672
2362,12,0.050759,78.115846
2363,0,-0.035225,-117.198945
2364,4,-0.064175,39.060974
2365,4,0.088422,0.0
2366,5,-0.026015,9.765911
2367,7,0.002594,19.529343
2368,1,-0.035634,-58.596611
2369,3,-0.026136,19.53125
2370,7,0.078769,39.062881
2371,2,-0.107554,-48.828125
2372,7,0.048488,48.829079
2373,4,0.000804,-29.297161
2374,-8,-0.132714,-117.190933
2375,14,0.086613,214.841652
2376,2,0.067703,-117.185211
2377,7,-0.035731,48.829556
2378,8,-0.007108,9.765148
2379,4,0.022142,-39.033911
2380,-1,-0.016042,-48.865347
2381,15,0.060244,156.246948
2382,0,-0.025596,-146.492959
2383,2,-0.035132,19.531059
2384,4,-0.02565,19.474576
2385,0,0.079151,-39.175359
2386,10,0.040999,97.659111
2387,4,-0.082977,-58.594322
2388,6,0.012393,19.530869
2389,5,0.012393,-9.765911
2390,0,0.031468,-48.827648
2391,9,-0.034694,87.894058
2392,4,0.011704,-48.763837
2393,2,-0.017109,-19.557033
2394,7,-0.017104,48.827171
2395,6,0.10689,-9.765816
2396,2,-0.083278,-39.062119
2397,4,0.0028,19.530678
2398,5,0.002801,9.766197
2399,6,0.021874,9.765148
2400,2,0.031409,-39.0625
2401,7,-0.025812,48.831463
2402,4,0.002799,-29.295731
2403,2,-0.035347,-19.531631
2404,4,-0.016273,19.531822
2405,2,0.069553,-19.531631
2406,7,-0.025817,48.827171
2407,6,0.021869,-9.765625
2408,5,0.012332,-9.76572
2409,6,0.012303,9.765148
2410,4,-0.025814,-19.53125
2411,9,0.021868,48.826218
2412,-1,-0.006748,-97.665788
2413,2,-0.054433,29.297161
2414,8,0.012322,58.591461
2415,2,0.031168,-58.59375
2416,7,0.002803,48.829079
2417,6,0.031651,-9.76572
2418,4,0.013148,-18.947648
2419,3,-0.015736,-10.046213
2420,9,0.070259,58.762463
2421,1,-0.04418,-78.121948
2422,3,-0.034642,19.531631
2423,4,-0.034642,9.766293
2424,5,0.049154,9.765053
2425,3,0.118336,-19.532204
2426,8,-0.15819,48.825741
2427,3,0.032557,-48.830032
2428,8,0.032552,48.827171
2429,1,-0.062813,-68.359375
2430,9,0.127932,78.125763
2431,2,-0.053272,-68.362045
2432,2,-0.043736,0.0
2433,4,-0.024662,19.532013
2434,3,-0.014846,-9.765244
2435,6,0.118678,29.296303
2436,4,-0.052973,-19.531631
2437,8,0.013783,39.061356
2438,0,0.013247,-78.127289
2439,4,0.003373,39.064026
2440,10,0.060591,58.592033
2441,-1,-0.044314,-107.422924
2442,8,0.012902,87.885475
2443,3,-0.025247,-48.829556
2444,4,0.022437,9.766483
2445,4,0.0129,0.0
2446,4,-0.044317,0.0
2447,10,0.06053,58.592033
2448,0,-0.034847,-97.666742
2449,4,-0.015774,39.061737
2450,8,0.079596,39.062119
2451,0,-0.069537,-78.125763
2452,7,-0.002781,68.357372
2453,2,0.002942,-48.830509
2454,5,-0.007285,29.297161
2455,3,0.0434,-19.530869
2456,5,0.062474,19.532013
2457,6,-0.011082,9.764671
2458,5,-0.039691,-9.765434
2459,9,0.036605,39.064026
2460,0,-0.020618,-87.894058
2461,3,-0.011081,29.296875
2462,6,-0.030158,29.295731
2463,3,0.027057,-29.299736
2464,4,0.074742,9.765625
2465,1,-0.106463,-29.296303
2466,10,0.093806,87.891483
2467,7,-0.058775,-29.295731
2468,-1,-0.03136,-78.125763
2469,12,0.063662,126.941968
2470,-5,-0.069949,-166.035082
2471,7,-0.012887,117.1875
2472,6,0.025397,-9.626121
2473,4,0.01558,-19.817677
2474,5,-0.069122,9.765434
2475,2,-0.001211,-29.299736
2476,10,0.056007,78.122711
2477,7,0.017864,-29.296303
2478,-2,-0.058429,-87.892342
2479,10,0.008328,117.188644
2480,6,0.057374,-37.671523
2481,-3,-0.098502,-91.260305
2482,11,0.073159,136.717415
2483,-2,-0.050827,-126.961804
2484,4,-0.031758,58.589173
2485,4,0.015924,0.0
2486,7,0.02546,29.296017
2487,8,0.034997,9.76572
2488,-1,-0.069915,-87.897492
2489,8,0.044517,87.881185
2490,5,0.006371,0.000522
2491,6,0.006371,9.765625
2492,-1,0.015904,-68.366051
2493,4,0.015901,48.826218
2494,1,-0.002634,-28.74582
2495,10,0.073743,87.97568
2496,8,0.063854,-19.892382
2497,-1,-0.021983,-87.896634
2498,5,0.016163,58.592033
2499,3,0.025701,-19.531822
2500,-3,-0.041055,-58.593178
2501,18,0.111532,205.076122
2502,-1,0.02571,-185.545063
2503,3,0.092339,38.930577
2504,5,-0.069707,19.599004
2505,6,0.082891,9.765053
2506,12,0.054279,58.592033
2507,-1,-0.031565,-126.965524
2508,4,0.016116,48.825741
2509,3,0.026072,-9.337417
2510,5,-0.011288,20.33533
2511,11,0.122592,58.967479
2512,-3,-0.020465,-136.724091
2513,4,0.074904,68.362045
2514,5,-0.020468,9.765053
2515,6,0.046288,9.765816
2516,9,0.074897,29.295158
2517,-1,-0.020472,-97.658157
2518,5,0.009334,58.595467
2519,2,0.020877,-29.298878
2520,4,-0.046103,19.187781
2521,11,0.145999,69.598417
2522,1,-0.043789,-97.657204
2523,3,0.071565,19.470215
2524,6,0.043049,29.391018
2525,3,0.023975,-29.297161
2526,11,0.09073,78.122711
2527,1,-0.014174,-97.65625
2528,7,0.081089,58.488083
2529,-2,-0.033508,-88.050561
2530,4,-0.004899,58.59375
2531,11,0.138149,68.35804
2532,-1,-0.014441,-117.189789
2533,3,0.014171,39.06517
2534,6,0.052318,29.296017
2535,3,0.023708,-29.296875
2536,11,0.090461,78.121185
2537,2,-0.004906,-87.889767
2538,2,0.004631,0.0
2539,-2,-0.014444,-39.063644
2540,10,0.052311,117.184067
2541,11,0.128608,9.765816
2542,-3,0.061841,-136.728097
2543,7,-0.033522,97.654343
2544,5,0.038822,-19.530869
2545,2,0.000244,-29.296875
2546,16,0.124202,136.698726
2547,-6,-0.076103,-214.877325
2548,3,0.038342,87.8932
2549,4,-0.009337,9.76572
2550,4,0.038351,0.0
2551,0,0.009743,-39.05983
2552,10,0.086038,97.657204
2553,0,-0.018878,-97.667695
2554,7,0.028802,68.354702
2555,2,0.019127,-48.83194
2556,15,0.133516,126.934531
2557,-6,-0.095397,-205.110173
2558,4,0.04765,97.650528
2559,8,0.038103,39.050297
2560,5,0.03809,-29.307751
2561,11,0.114359,58.587456
2562,-1,-0.028208,-117.20009
2563,5,0.067885,58.590317
2564,6,0.048811,9.765434
2565,0,-0.008413,-58.597183
2566,14,0.115553,136.706735
2567,1,-0.016066,-125.01202
2568,1,0.022083,0.0
2569,2,-0.006915,9.366804
2570,6,0.033709,41.599068
2571,11,0.100467,48.828602
2572,0,-0.033048,-107.422924
2573,2,0.005101,19.532394
2574,4,0.03371,19.530106
2575,7,0.06232,29.297161
2576,11,0.071855,39.060974
2577,5,0.071855,-58.592606
2578,-7,-0.080742,-117.196656
2579,5,0.005096,117.193222
2580,2,0.052785,-29.296017
2581,14,0.119535,117.17949
2582,4,0.033705,-97.655296
2583,0,-0.013983,-39.066315
2584,4,0.0337,39.062119
2585,9,0.08138,48.824311
2586,10,0.052771,9.765148
2587,-5,-0.033073,-146.500112
2588,5,0.033686,97.660065
2589,3,-0.004461,-19.531631
2590,6,0.071833,29.296875
2591,10,0.176732,39.058304
2592,1,-0.080768,-87.899209
2593,1,0.005063,0.0
2594,5,0.033673,39.0625
2595,8,0.043209,29.295731
2596,1,0.03625,-65.717826
2597,3,0.017919,20.290767
2598,4,-0.001257,9.661556
2599,4,0.075042,0.0
2600,6,0.046431,19.53125
2601,4,0.046379,-19.531441
2602,7,0.017611,29.296017
2603,3,0.046221,-39.061356
2604,5,0.036685,19.532394
2605,2,-0.00146,-29.294872
2606,6,0.074834,39.064407
2607,4,0.027149,-19.531822
2608,6,0.01735,19.260215
2609,3,0.064631,-29.714739
2610,5,0.045559,19.531631
2611,4,0.026486,-9.765625
2612,7,0.064631,29.294586
2613,1,-0.002133,-58.600045
2614,5,0.04555,39.061737
2615,2,-0.002132,-29.295731
2616,7,0.083277,48.829079
2617,3,0.025839,-39.0625
2618,7,-0.012301,39.060593
2619,2,0.054465,-48.830986
2620,0,-0.002754,-19.531631
2621,10,0.092234,97.267749
2622,7,0.053971,-29.414648
2623,2,-0.012783,-48.827171
2624,11,0.130264,87.883759
2625,-1,-0.002352,-116.267804
2626,3,-0.002043,39.379381
2627,4,0.055177,9.76553
2628,5,0.017029,9.765339
2629,4,0.036103,-9.765911
2630,-3,0.083791,-68.358707
2631,13,0.026572,156.25
2632,4,0.055181,-87.889767
2633,3,-0.002014,-9.737667
2634,9,0.045833,58.760161
2635,5,0.045928,-38.937019
2636,0,0.045807,-48.98887
2637,5,-0.059587,48.323185
2638,3,0.064197,-19.738076
2639,5,0.064197,19.531059
2640,0,-0.002504,-48.827171
2641,9,0.12159,87.896634
2642,5,-0.011926,-39.060593
2643,2,0.016685,-29.296875
2644,11,0.083438,87.886334
2645,-6,-0.069165,-166.031839
2646,9,0.121569,146.484375
2647,5,-0.00241,-39.061356
2648,3,0.026176,-19.491278
2649,6,0.073944,29.357655
2650,1,-0.021422,-48.828125
2651,12,0.089809,104.135111
2652,3,0.039329,-90.754167
2653,3,0.020256,0.0
2654,9,0.067935,58.589745
2655,-5,-0.07512,-136.722756
2656,9,0.096548,136.725426
2657,4,0.001179,-48.826695
2658,5,0.039325,9.766293
2659,4,0.048863,-9.765244
2660,4,0.029789,0.0
2661,6,0.068087,19.686008
2662,3,-0.008206,-29.297161
2663,3,0.001331,0.0
2664,10,0.077623,68.357372
2665,-5,-0.074971,-146.491528
2666,4,0.029934,87.891483
2667,12,0.058547,78.126526
2668,3,0.068326,-87.652662
2669,5,0.05884,19.584227
2670,2,-0.026987,-29.295731
2671,8,0.087455,58.594894
2672,4,0.001621,-39.06517
2673,7,0.039766,29.294586
2674,3,0.020121,-39.063644
2675,-5,-0.046366,-78.128815
2676,11,0.04884,156.253052
2677,4,0.058699,-68.025889
2678,5,0.049202,9.806806
2679,3,0.020578,-19.545184
2680,-2,-0.036638,-48.824311
2681,13,0.125496,146.492959
2682,8,0.030135,-48.823357
2683,3,0.030132,-48.833371
2684,5,0.001522,19.531059
2685,-3,-0.008015,-78.125763
2686,10,0.038753,126.016615
2687,3,0.038253,-68.873912
2688,5,0.057326,19.530678
2689,3,0.019178,-19.531441
2690,8,0.076215,48.640498
2691,7,0.038129,-9.703839
2692,-1,-0.019881,-78.934386
2693,8,0.027799,87.886334
2694,1,0.039346,-66.303576
2695,-3,-0.03817,-40.312421
2696,11,0.038127,136.720085
2697,4,0.076275,-68.359375
2698,9,0.038132,48.826695
2699,3,0.029286,-57.887679
2700,1,0.000438,-19.773983
2701,7,0.05755,58.482952
2702,5,0.038453,-19.555503
2703,8,0.009862,29.315197
2704,0,0.028946,-78.125
2705,2,0.009238,18.881462
2706,8,0.030353,60.683908
2707,1,0.039893,-68.357372
2708,5,-0.026862,-0.000104
2709,7,0.039651,19.279338
2710,3,-0.02761,-39.577706
2711,8,0.039149,48.830032
2712,3,-0.027609,-48.828125
2713,1,-0.056218,-19.530869
2714,2,-0.037144,9.765625
2715,3,-0.065811,9.709021
2716,10,0.087176,68.764981
2717,4,0.001345,-58.59375
2718,6,-0.008192,19.529724
2719,-2,-0.055877,-78.129578
2720,16,0.106107,175.637173
2721,0,-0.017989,-156.370638
2722,5,-0.056136,48.829079
2723,1,-0.065677,-39.06517
2724,5,0.048651,38.946118
2725,3,-0.094446,-19.589598
2726,6,0.096307,29.296017
2727,3,-0.046586,-29.134982
2728,7,0.001125,39.230301
2729,2,-0.026841,-48.455716
2730,8,0.020775,58.525166
2731,8,0.049389,0.0
2732,1,-0.093666,-68.364716
2733,3,-0.045982,19.532204
2734,1,0.020778,-19.530487
2735,7,-0.036628,58.404392
2736,5,-0.018687,-19.299617
2737,4,0.06075,-9.916798
2738,7,-0.044153,29.296589
2739,0,0.013074,-68.36071
2740,7,0.022617,68.36071
2741,7,0.022617,0.0
2742,1,-0.063214,-58.594894
2743,-7,-0.149045,-78.125
2744,16,0.156133,224.604988
2745,1,-0.072739,-146.484375
2746,10,0.01309,87.889767
2747,13,0.031543,28.661234
2748,-6,-0.074027,-176.470042
2749,3,-0.029568,94.35248
2750,9,0.056021,58.898018
2751,1,-0.106184,-78.122711
2752,3,-0.067684,19.532013
2753,4,0.02765,9.725167
2754,5,-0.020648,9.134839
2755,4,-0.011704,-10.373014
2756,6,0.064873,19.821213
2757,2,-0.173548,-39.066315
2758,7,0.055329,48.824787
2759,1,-0.039806,-58.488083
2760,10,0.027037,88.046254
2761,0,-0.077872,-97.661972
2762,7,-0.068335,68.35804
2763,3,0.018843,-37.695309
2764,9,0.030536,60.799514
2765,-3,-0.07479,-117.190933
2766,4,-0.027887,68.363381
2767,7,-0.056865,29.294014
2768,3,0.038506,-39.064026
2769,5,-0.00918,19.531441
2770,7,0.000308,19.481025
2771,-1,-0.085722,-78.32847
2772,6,-0.047646,68.284689
2773,6,0.047723,0.0
2774,5,-0.019035,-9.765339
2775,3,-0.009435,-19.467941
2776,6,0.00053,29.391882
2777,5,-0.076974,-9.766006
2778,5,0.018394,0.0
2779,4,-0.010074,-9.681011
2780,10,0.012118,52.115453
2781,0,-0.067436,-110.76037
2782,7,-0.08292,62.267055
2783,0,-0.056324,-70.422535
2784,1,-0.103214,10.472849
2785,6,0.031224,49.614495
2786,5,-0.035514,-9.745924
2787,5,-0.10227,0.0
2788,2,-0.016438,-29.298019
2789,5,-0.025977,29.296875
2790,7,-0.035513,19.531441
2791,4,-0.035373,-29.153952
2792,4,-0.111664,0.0
2793,2,-0.044906,-19.530487
2794,10,0.031387,78.125
2795,4,0.012315,-58.59375
2796,3,-0.110804,-8.8896
2797,7,-0.080898,40.389761
2798,2,0.00159,-52.261349
2799,4,-0.074702,19.532013
2800,7,-0.027248,29.061319
2801,5,-0.017867,-19.689884
2802,2,-0.179974,-29.299164
2803,3,0.039404,9.765816
2804,6,-0.017819,29.296303
2805,3,-0.055967,-29.297733
2806,4,-0.046431,9.76553
2807,7,0.020322,29.295445
2808,2,-0.122729,-48.827648
2809,7,0.020336,48.830986
2810,4,-0.074789,-29.05372
2811,6,-0.007926,19.636335
2812,2,-0.170149,-39.181498
2813,5,0.058765,29.297161
2814,8,-0.00799,29.293728
2815,0,-0.122425,-78.131104
2816,6,-0.036586,58.590889
2817,3,-0.122413,-29.298878
2818,4,0.001577,9.765625
2819,9,-0.007959,48.825264
2820,0,-0.10333,-87.894917
2821,0,-0.046107,0.0
2822,8,-0.103204,78.238844
2823,4,-0.019269,-39.062119
2824,5,-0.009772,9.724316
2825,5,-0.01892,0.0
2826,6,-0.050156,9.613259
2827,4,-0.11722,-19.845404
2828,4,-0.012315,0.0
2829,7,-0.002779,29.297447
2830,2,-0.069535,-48.828125
2831,-3,-0.145827,-48.826218
2832,11,-0.050447,136.730767
2833,3,-0.069522,-78.125763
2834,8,0.092608,48.824787
2835,4,-0.059985,-39.062881
2836,2,-0.050449,-19.531059
2837,5,-0.136271,29.298306
2838,8,-0.012296,29.295158
2839,0,-0.050442,-78.128052
2840,6,-0.031367,58.594894
2841,3,-0.107658,-29.297161
2842,6,-0.088586,29.294872
2843,4,0.035406,-19.532967
2844,5,-0.050429,9.765053
2845,6,-0.021818,9.766102
2846,2,-0.088575,-39.061737
2847,5,-0.098106,29.297733
2848,6,-0.002753,9.742695
2849,2,-0.040989,-39.153501
2850,6,-0.040987,39.064026
2851,3,-0.097662,-28.739211
2852,4,-0.023759,9.958771
2853,5,-0.034037,9.765911
2854,4,-0.053009,-9.76553
2855,6,-0.033936,19.530869
2856,2,-0.091159,-39.06517
2857,5,-0.043476,29.296017
2858,8,-0.043477,29.295158
2859,3,-0.053013,-48.826695
2860,6,-0.043475,29.299164
2861,2,-0.053015,-39.063644
2862,4,-0.07209,19.531631
2863,4,-0.053016,0.0
2864,6,-0.052751,19.532013
2865,5,-0.033269,-9.765434
2866,3,-0.071416,-19.530869
2867,4,-0.052342,9.766102
2868,6,-0.061877,19.530869
2869,2,-0.042798,-39.063644
2870,-3,-0.128626,-48.825741
2871,12,0.04304,146.490097
2872,8,-0.042676,-38.943464
2873,2,-0.061922,-58.771096
2874,6,-0.061921,39.061737
2875,8,0.004821,19.512385
2876,-1,-0.062022,-87.97826
2877,-1,-0.15701,0.0
2878,10,-0.018302,112.621836
2879,6,-0.008101,-38.381086
2880,3,-0.123054,-29.827596
2881,4,2.6e-05,9.765816
2882,5,-0.028893,9.765911
2883,3,-0.057504,-19.53125
2884,7,-0.028895,39.060593
2885,2,-0.067042,-48.828602
2886,4,0.018481,19.216542
2887,6,-0.114715,19.857424
2888,3,-0.057423,-29.222107
2889,6,-0.019231,29.370588
2890,7,-0.067094,9.748679
2891,3,-0.067285,-39.1332
2892,5,-0.000373,19.529724
2893,2,-0.076176,-29.29945
2894,7,-0.009219,48.826218
2895,2,-0.075974,-48.826695
2896,5,0.000319,29.297161
2897,7,-0.066444,19.531059
2898,1,-0.08552,-58.594322
2899,7,0.000312,58.594894
2900,0,-0.149489,-65.509335
2901,3,0.041742,29.788502
2902,7,-0.062339,39.905424
2903,6,-0.033787,-9.823665
2904,4,-0.033825,-19.531059
2905,3,-0.072032,-9.765911
2906,7,0.013799,39.0625
2907,7,-0.087896,0.0
2908,1,-0.056495,-58.599473
2909,-5,-0.113712,-58.590317
2910,13,0.000736,175.784683
2911,3,0.038886,-97.657204
2912,6,-0.066023,29.298306
2913,4,-0.037413,-19.530487
2914,6,-0.027877,19.531441
2915,3,-0.046952,-29.298306
2916,7,-0.009018,38.844757
2917,3,-0.066604,-39.281926
2918,5,-0.018921,19.529915
2919,2,-0.047534,-29.299164
2920,4,-0.095216,19.530869
2921,4,0.047842,0.0
2922,7,-0.009379,29.296589
2923,5,-0.104589,-19.368397
2924,6,-0.009373,9.848336
2925,2,-0.066648,-39.065552
2926,4,-0.018967,19.530296
2927,6,-0.057115,19.530869
2928,-1,-0.08553,-68.162343
2929,8,-0.028053,88.151464
2930,5,-0.018515,-29.296875
2931,3,0.038709,-19.531059
2932,5,-0.094809,19.530296
2933,4,-0.037914,-9.765625
2934,6,-0.028417,19.532394
2935,2,-0.047476,-39.062119
2936,5,0.028353,28.825089
2937,7,-0.095316,19.855649
2938,8,-0.0381,9.765339
2939,2,-0.047637,-58.5989
2940,3,-0.057174,9.76572
2941,5,0.038195,19.531441
2942,4,-0.094405,-9.765625
2943,6,-0.008073,19.529724
2944,3,-0.055758,-29.298306
2945,3,-0.036684,0.0
2946,7,-0.048196,36.852773
2947,3,-0.079278,-41.53212
2948,6,0.026431,29.311473
2949,2,-0.097542,-39.061737
2950,4,-0.014001,19.242426
2951,6,0.044731,19.829467
2952,3,-0.117394,-29.296589
2953,6,-0.022516,28.796038
2954,7,-0.060493,9.938283
2955,-1,-0.080259,-78.128052
2956,9,0.03442,97.657204
2957,6,-0.051254,-29.247178
2958,-11,-0.194551,-166.291695
2959,16,0.033841,263.188677
2960,4,-0.003704,-116.571628
2961,5,-0.012538,9.83584
2962,11,-0.014779,58.389046
2963,-3,-0.082011,-137.202442
2964,7,0.013358,97.657204
2965,2,-0.053154,-48.829079
2966,4,0.00457,19.532013
2967,6,-0.024044,19.529534
2968,3,-0.004971,-29.297447
2969,5,0.033176,19.531059
2970,5,0.023639,0.0
2971,6,0.023695,9.766293
2972,6,-0.043458,0.0
2973,2,-0.024386,-39.063263
2974,4,-0.024385,19.530487
2975,8,0.090062,39.063644
2976,1,-0.147262,-67.382201
2977,4,0.034476,29.728873
2978,4,-0.013209,0.0
2979,5,0.034477,9.76572
2980,4,-0.013093,-9.76572
2981,5,0.015575,9.765816
2982,6,-0.003499,9.764957
2983,3,-0.003658,-29.298019
2984,3,-0.041969,0.0
2985,7,0.043501,39.064789
2986,4,-0.042263,-29.296589
2987,7,-0.013653,29.296303
2988,-2,-0.032465,-87.627912
2989,9,0.053687,107.751232
2990,4,0.025079,-48.824787
2991,5,-0.02242,9.766102
2992,3,-0.021989,-18.858495
2993,7,0.027252,40.505509
2994,2,-0.049043,-48.829079
2995,4,0.03679,19.532585
2996,4,-0.029968,0.0
2997,-6,-0.125102,-97.417463
2998,16,0.142462,215.39064
2999,5,0.113858,-107.415581
3000,3,-0.124558,-19.532585
3001,5,0.037566,19.530106
3002,9,-0.010117,39.063263
3003,5,-0.076255,-39.064407
3004,10,0.143339,48.393809
3005,-3,-0.073899,-128.099011
3006,5,-0.055121,78.126526
3007,4,0.011727,-9.670245
3008,5,0.002284,9.862808
3009,4,-0.01675,-9.766006
3010,4,-0.025671,0.0
3011,10,0.041529,58.439661
3012,-1,-0.083011,-107.707974
3013,6,0.021897,68.360043
3014,5,-0.03532,-9.76572
3015,1,-0.016351,-39.064026
3016,5,-0.064188,39.061356
3017,-2,-0.033253,-65.984201
3018,16,0.078052,182.333874
3019,1,-0.02819,-146.487236
3020,3,-0.068489,19.532967
3021,8,0.093635,48.824787
3022,5,-0.001737,-29.298019
3023,4,-0.039881,-9.765625
3024,6,0.017339,19.530106
3025,-2,-0.078036,-78.13263
3026,9,0.007844,107.421875
3027,4,0.036654,-48.826695
3028,7,-0.001421,29.295445
3029,3,-0.039478,-38.970402
3030,-1,-0.068183,-39.158868
3031,10,0.055724,107.412434
3032,3,-0.039739,-68.362045
3033,14,0.074701,107.420826
3034,3,-0.030199,-107.417679
3035,4,-0.011208,9.765911
3036,-7,-0.167013,-107.429219
3037,15,0.150964,214.847946
3038,7,0.013866,-78.121185
3039,2,0.034952,-48.830986
3040,11,0.110547,87.882901
3041,0,-0.042814,-107.42712
3042,1,-0.023759,9.76553
3043,13,0.090676,117.181778
3044,-4,-0.042844,-166.02211
3045,5,0.014378,87.891483
3046,4,-0.014233,-9.765911
3047,5,0.023762,9.752577
3048,3,0.004706,-19.513337
3049,5,0.042894,19.574835
3050,6,-0.023863,9.76553
3051,5,0.02382,-9.766293
3052,3,0.013427,-19.531631
3053,12,0.059809,87.884617
3054,-3,-0.032211,-146.490097
3055,4,0.014792,67.662923
3056,6,0.005572,19.620154
3057,3,-0.003909,-29.39793
3058,10,0.091615,68.517286
3059,0,-0.013291,-97.658157
3060,3,-0.013288,29.298878
3061,6,0.04393,29.2943
3062,3,0.005782,-29.298019
3063,11,0.053466,78.123474
3064,-1,-0.013296,-117.192078
3065,2,-0.032373,29.296017
3066,9,0.062761,68.363381
3067,9,0.043584,0.0
3068,8,0.072311,-9.765053
3069,-1,-0.042134,-87.894917
3070,4,-0.023055,48.830509
3071,6,0.072318,19.530678
3072,3,-0.01351,-29.296875
3073,9,0.072318,58.589173
3074,1,-0.013518,-78.130341
3075,3,-0.042124,19.532204
3076,3,0.043711,0.0
3077,5,0.062784,19.53125
3078,11,0.043599,58.593178
3079,-2,-0.042241,-126.961804
3080,4,0.005484,58.594322
3081,8,0.043153,38.57355
3082,4,-0.004869,-39.561266
3083,11,0.081265,68.35537
3084,-4,-0.061803,-146.501543
3085,5,-0.004584,87.889767
3086,4,0.033563,-9.76572
3087,4,0.081245,0.0
3088,11,0.013836,67.704152
3089,-1,-0.025169,-118.067239
3090,5,-0.015501,58.725079
3091,2,-0.005966,-29.299164
3092,7,0.060789,48.826218
3093,11,0.070322,39.05983
3094,-5,-0.11089,-156.26526
3095,-2,-0.005983,29.296589
3096,6,0.012303,77.319339
3097,9,0.06979,29.56976
3098,9,0.041182,0.0
3099,2,-0.0065,-68.358707
3100,2,-0.016036,0.0
3101,4,-0.006499,19.531631
3102,7,0.060256,29.296017
3103,8,0.041182,9.765339
3104,-2,-0.063707,-97.66388
3105,4,0.031748,58.593178
3106,5,0.003136,9.765148
3107,5,0.031202,0.0
3108,9,0.059622,39.061356
3109,1,-0.02621,-78.126526
3110,5,0.021214,38.796532
3111,6,0.011743,9.832842
3112,6,0.049893,0.0
3113,3,-0.007669,-29.647198
3114,9,0.021939,59.613703
3115,2,0.002864,-68.359375
3116,3,-0.016234,9.74336
3117,5,0.041032,19.575984
3118,9,0.060104,39.062119
3119,3,0.002881,-58.597183
3120,1,-0.035266,-19.530487
3121,3,-0.006656,19.531631
3122,10,0.079176,68.36071
3123,-1,-0.033324,-105.433668
3124,4,-0.006112,47.395611
3125,5,0.042064,10.269471
3126,6,0.099263,9.745164
3127,2,-0.082023,-39.146604
3128,14,0.070435,117.173769
3129,3,0.022918,-107.42817
3130,2,-0.024765,-9.766293
3131,7,0.003847,48.810965
3132,5,0.070683,-19.537928
3133,14,0.15651,87.887192
3134,3,-0.058377,-107.422924
3135,-27,-0.307015,-292.985917
3136,34,0.30284,594.663625
3137,12,0.083146,-215.201017
3138,3,-0.01222,-87.888908
3139,-1,-0.031297,-39.065934
3140,6,-0.002688,68.356037
3141,1,-0.002691,-48.831463
3142,9,0.054833,78.121185
3143,-2,0.035439,-0.001554
3144,5,0.133234,70.919112
3145,4,0.095015,-9.765434
3146,6,0.104568,19.531059
3147,16,0.238145,97.649575
3148,-5,0.018772,-205.10817
3149,4,0.133213,87.88805
3150,6,0.104604,19.530296
3151,4,0.133212,-19.531822
3152,2,0.085554,-19.504013
3153,5,0.095132,29.338419
3154,6,0.16189,9.766006
3155,-3,0.018842,-87.886334
3156,10,0.206796,126.955605
3157,12,0.196778,19.530296
3158,-3,0.014751,-146.490097
3159,4,0.091105,68.362045
3160,0,0.072032,-39.061356
3161,17,0.243684,166.005898
3162,-1,0.033867,-175.789833
3163,5,0.09109,58.596039
3164,6,0.157593,9.499924
3165,0,0.156045,-60.175713
3166,8,0.060804,78.257212
3167,9,0.165708,9.764957
3168,-2,0.032181,-107.433416
3169,13,0.194292,146.471502
3170,-2,0.032155,-146.497251
3171,0,0.079841,19.532394
3172,12,0.156333,117.172625
3173,-3,0.051635,-146.492959
3174,8,0.137465,107.419777
3175,-5,0.04209,-126.963044
3176,11,0.175594,156.23932
3177,5,0.118369,-58.598328
3178,8,0.118367,29.293728
3179,3,0.089595,-48.830032
3180,0,0.051367,-29.297733
3181,7,0.156279,68.364048
3182,9,0.156248,19.498879
3183,0,0.05211,-87.106328
3184,8,0.195785,78.960875
3185,-6,-0.023823,-136.726761
3186,15,0.203617,203.600826
3187,0,0.078587,-147.56082
3188,7,0.126266,68.353367
3189,4,0.107191,-29.299164
3190,-3,0.021362,-68.356037
3191,9,0.173954,117.192078
3192,14,0.193482,48.82145
3193,-6,-0.016675,-195.34493
3194,9,0.116833,146.477223
3195,-4,0.050074,-126.959324
3196,14,0.212182,175.764086
3197,1,0.069126,-126.958084
3198,6,0.12635,48.831463
3199,5,0.097741,-9.765053
3200,-3,0.050061,-78.123474
3201,7,0.145431,97.659111
3202,16,0.193589,86.166454
3203,-6,0.020038,-219.247979
3204,7,0.115389,126.950645
3205,1,0.096317,-58.590889
3206,10,0.163357,87.890625
3207,0,0.048618,-97.662926
3208,12,0.191658,117.176057
3209,-2,0.030017,-136.724091
3210,2,0.058459,39.062881
3211,9,0.201515,68.361378
3212,5,0.068002,-39.060593
3213,1,0.058413,-39.065552
3214,6,0.268489,48.825741
3215,5,0.002338,-9.349989
3216,7,0.136139,20.440493
3217,0,0.059772,-68.363381
3218,7,0.069327,68.172965
3219,3,0.165065,-39.16692
3220,-1,0.031548,-39.063644
3221,10,0.184139,107.423973
3222,5,0.11738,-48.829079
3223,2,0.069698,-29.297447
3224,6,0.136241,38.842494
3225,2,0.078908,-39.177661
3226,9,0.145844,68.54278
3227,2,0.069546,-68.363381
3228,8,0.12676,58.587456
3229,0,0.08861,-78.128815
3230,1,0.079074,9.765816
3231,10,0.126757,87.890625
3232,5,0.144877,-48.827648
3233,1,0.077695,-39.06517
3234,6,0.125376,48.825264
3235,-2,0.039545,-78.125
3236,11,0.172738,126.624199
3237,3,0.086703,-78.334606
3238,14,0.1814,106.734977
3239,-6,0.018039,-196.579516
3240,0,0.075257,58.591461
3241,12,0.151547,117.185211
3242,5,0.113404,-68.354702
3243,3,0.06572,-19.532585
3244,6,0.179904,29.296589
3245,-3,-0.011157,-87.894917
3246,11,0.170033,136.71341
3247,10,0.150959,-9.765816
3248,1,0.083545,-87.889767
3249,7,0.101074,58.455033
3250,-13,-0.042413,-195.759842
3251,15,0.205583,273.480231
3252,7,0.129294,-78.11966
3253,2,0.176742,-48.830986
3254,8,0.023616,58.590317
3255,-6,-0.005008,-136.726761
3256,14,0.2048,195.310593
3257,2,0.185727,-0.001035
3258,9,0.214335,68.35804
3259,0,0.167024,-87.511182
3260,8,0.196391,78.46599
3261,0,0.245437,-77.875555
3262,7,0.236117,68.583074
3263,2,0.197878,-48.827171
3264,2,0.188247,0.0
3265,6,0.235933,39.06517
3266,6,0.235933,0.0
3267,5,0.169327,-9.76553
3268,5,0.27451,0.0
3269,4,0.198546,-9.427736
3270,5,0.217943,10.097542
3271,1,0.2182,-38.801424
3272,6,0.228205,49.306261
3273,5,0.283106,-9.76553
3274,1,0.0669,-39.060974
3275,9,0.286253,78.130341
3276,9,0.267178,0.0
3277,-1,0.123248,-98.559066
3278,6,0.21862,68.362713
3279,0,0.17094,-58.590317
3280,9,0.237109,87.287963
3281,2,0.246187,-68.83666
3282,6,0.17943,39.0625
3283,4,0.208038,-19.532013
3284,0,0.141283,-39.0625
3285,7,0.2461,68.362713
3286,9,0.303413,19.529534
3287,0,0.112683,-87.894917
3288,0,0.179443,0.0
3289,4,0.112687,39.063263
3290,13,0.30341,87.882043
3291,0,0.169879,-126.969244
3292,8,0.351079,78.118897
3293,2,0.084319,-58.313572
3294,0,0.141443,-19.626893
3295,14,0.322194,136.258346
3296,1,0.111984,-127.372309
3297,1,0.216893,0.0
3298,8,0.274114,68.360043
3299,-3,0.054775,-107.421875
3300,11,0.350423,136.72142
3301,1,0.169225,-97.655296
3302,7,0.235984,58.595467
3303,4,0.19785,-29.296875
3304,4,0.216906,0.0
3305,9,0.246248,49.620896
3306,4,0.189029,-48.826695
3307,0,0.160437,-39.043817
3308,8,0.255054,77.355973
3309,0,0.092125,-78.954641
3310,6,0.2924,58.590889
3311,3,0.197711,-29.298306
3312,8,0.22507,47.635834
3313,1,0.185309,-70.113584
3314,5,0.156544,39.062119
3315,6,0.26145,9.765911
3316,4,0.213765,-19.531059
3317,2,0.166082,-19.532204
3318,8,0.251911,58.590889
3319,1,0.108915,-68.305344
3320,6,0.271053,48.838141
3321,2,0.204274,-39.085784
3322,8,0.194734,58.594322
3323,3,0.14705,-48.828602
3324,6,0.185195,29.295731
3325,4,0.251957,-19.531441
3326,4,0.204271,0.0
3327,-4,0.108906,-78.122711
3328,15,0.318718,185.550499
3329,1,0.127982,-136.724091
3330,6,0.251955,48.818113
3331,5,0.223342,-9.767533
3332,3,0.204612,-19.179869
3333,3,0.185538,0.0
3334,15,0.242908,117.339904
3335,-6,0.166603,-205.098154
3336,5,0.214292,107.42712
3337,5,0.176622,0.0
3338,6,0.224792,9.764862
3339,1,0.112482,-46.650059
3340,7,0.315578,61.468482
3341,5,0.210676,-19.530106
3342,3,0.201138,-19.532204
3343,2,0.191732,-9.632055
3344,9,0.193308,69.317912
3345,0,0.222774,-87.8932
3346,7,0.232184,68.36071
3347,4,0.232186,-29.297447
3348,6,0.203577,19.531059
3349,8,0.184505,19.530106
3350,-3,0.2322,-107.426071
3351,8,0.308498,107.426071
3352,0,0.156695,-78.127289
3353,6,0.185037,58.592033
3354,10,0.223181,39.05983
3355,4,0.232717,-58.594322
3356,5,0.242254,9.765625
3357,1,0.186285,-37.780045
3358,4,0.187293,30.327537
3359,4,0.177756,0.0
3360,6,0.292206,19.532394
3361,4,0.215913,-19.530106
3362,3,0.19684,-9.766293
3363,7,0.233973,38.024982
3364,10,0.224774,29.64134
3365,2,0.230435,-72.330115
3366,6,0.233238,41.667101
3367,2,0.184908,-39.656574
3368,-8,0.088878,-98.335185
3369,9,0.281817,167.922795
3370,10,0.233128,9.755241
3371,2,0.22351,-78.207484
3372,2,0.213995,0.0
3373,10,0.271165,78.118134
3374,2,0.156723,-78.127289
3375,3,0.223484,9.766388
3376,6,0.271167,29.296589
3377,5,0.242556,-9.765339
3378,6,0.185334,9.765625
3379,2,0.250149,-39.063644
3380,7,0.251545,48.825264
3381,2,0.193924,-48.734843
3382,4,0.203518,19.570238
3383,7,0.270357,29.296017
3384,4,0.127319,-29.297447
3385,4,0.232229,0.0
3386,8,0.279911,39.05983
3387,0,0.155941,-78.134156
3388,5,0.221947,48.052435
3389,5,0.13612,0.0
3390,6,0.250561,9.765053
3391,2,0.49853,-39.066315
3392,4,-0.063123,19.531441
3393,7,0.175642,29.294586
3394,4,0.23286,-29.298306
3395,5,0.280546,9.765339
3396,-5,0.118547,-97.531478
3397,10,0.309477,146.680618
3398,5,0.185505,-48.825741
3399,5,0.185507,0.0
3400,6,0.125787,9.766102
3401,4,0.116251,-19.530296
3402,5,0.106715,9.766102
3403,6,0.02089,9.765053
3404,4,0.202116,-19.532394
3405,5,0.125825,9.765339
3406,2,0.078141,-29.297447
3407,4,0.11629,19.532204
3408,5,0.144873,9.76553
3409,3,0.097148,-19.531822
3410,7,0.125757,39.060974
3411,4,0.182973,-29.296589
3412,2,0.039919,-19.532585
3413,8,0.078062,58.589173
3414,0,0.144818,-78.131867
3415,-6,0.020838,-58.593178
3416,17,0.278319,224.598408
3417,2,-0.02685,-146.487236
3418,6,0.182965,39.061356
3419,4,0.106668,-19.532585
3420,6,0.116463,19.530869
3421,2,0.137084,-39.060593
3422,4,0.079736,19.532967
3423,9,0.117882,48.826218
3424,0,0.136963,-87.894058
3425,4,0.032069,39.05983
3426,6,0.194207,19.532204
3427,3,0.146522,-29.297447
3428,4,0.041632,9.765816
3429,5,0.194228,9.765434
3430,6,0.098862,9.764957
3431,2,0.1847,-39.065552
3432,4,0.051194,19.530106
3433,9,0.156101,48.826218
3434,2,0.060736,-68.36071
3435,5,0.135991,28.23184
3436,4,0.154691,-10.148884
3437,4,0.08793,0.0
3438,4,0.068888,0.0
3439,6,0.173025,19.530678
3440,3,0.067304,-29.297733
3441,4,0.210363,9.765911
3442,6,0.030607,19.530487
3443,5,0.165173,-9.76572
3444,2,0.069811,-29.297447
3445,4,0.117497,19.532204
3446,5,0.193788,9.765244
3447,3,0.060268,-19.532204
3448,9,0.06981,58.592033
3449,2,0.193819,-68.359375
3450,5,0.079383,29.294872
3451,4,0.193829,-9.766483
3452,6,0.041258,19.530869
3453,5,0.155945,-9.51837
3454,-10,-0.038608,-150.391017
3455,16,0.218895,253.918648
3456,2,0.161681,-136.71074
3457,6,0.104459,39.063644
3458,6,0.020312,0.0
3459,5,0.22484,-9.811039
3460,3,0.081791,-19.531631
3461,8,0.186689,48.824787
3462,4,0.062911,-38.858719
3463,1,0.129521,-29.454213
3464,4,0.043701,29.296589
3465,4,0.177221,0.0
3466,7,0.167683,29.296875
3467,3,0.062776,-39.064026
3468,5,0.119993,19.530296
3469,6,0.16768,9.76553
3470,2,0.08185,-39.064026
3471,5,0.119592,29.297161
3472,8,0.128238,29.294872
3473,1,0.128237,-68.364716
3474,3,0.080736,19.532204
3475,5,0.138058,19.530106
3476,4,0.166669,-9.766006
3477,5,0.071299,9.76553
3478,6,0.12852,9.765434
3479,2,0.118985,-39.061737
3480,5,0.109496,29.125931
3481,6,0.157349,9.823858
3482,7,0.099949,9.764957
3483,2,0.119025,-48.829556
3484,5,0.090423,29.298878
3485,3,0.147647,-19.531631
3486,6,0.166719,29.296303
3487,4,0.061815,-19.531631
3488,5,0.119034,9.765244
3489,3,0.138111,-19.531059
3490,2,0.080893,-9.765148
3491,9,0.22395,68.365384
3492,4,0.052614,-48.824787
3493,-7,0.024205,-107.425022
3494,13,0.11071,195.316315
3495,3,0.207317,-97.654343
3496,6,0.17871,29.298592
3497,5,0.054735,-9.765816
3498,6,0.131023,9.764671
3499,4,0.13108,-19.474766
3500,10,0.15986,58.767067
3501,1,0.159863,-87.891483
3502,2,0.03589,9.76553
3503,4,0.064501,19.531441
3504,4,0.150331,0.0
3505,3,0.083709,-9.765339
3506,7,0.313027,39.061737
3507,5,0.026883,-19.53125
3508,3,0.084102,-19.527627
3509,4,0.140905,9.335586
3510,3,0.073688,-10.239921
3511,8,0.254892,48.825741
3512,2,0.006936,-58.596039
3513,6,0.045086,39.064026
3514,6,-0.02167,0.0
3515,2,0.02564,-39.065552
3516,6,-0.012847,39.055253
3517,7,0.072742,9.767342
3518,2,-0.041919,-48.829079
3519,4,0.024837,19.530678
3520,6,0.04391,19.531059
3521,5,-0.003721,-9.709869
3522,2,-0.032499,-29.468101
3523,4,-0.003889,19.530678
3524,4,-0.003889,0.0
3525,6,0.02439,19.530678
3526,3,-0.014083,-29.29945
3527,6,0.052418,29.296017
3528,2,-0.033857,-39.040006
3529,5,0.004307,29.314911
3530,8,0.07106,29.294014
3531,5,-0.033851,-29.298019
3532,-8,-0.157833,-126.958084
3533,14,0.148233,214.852143
3534,5,-0.004142,-87.668884
3535,4,0.043515,-9.790004
3536,4,-0.041728,0.0
3537,6,0.044568,19.529915
3538,3,-0.022192,-29.299164
3539,8,0.044561,48.82288
3540,4,0.044559,-39.064407
3541,1,-0.050813,-29.298306
3542,4,-0.041274,29.297447
3543,6,0.063634,19.530869
3544,2,0.025488,-39.061356
3545,5,0.015885,29.229225
3546,8,-0.041262,29.363689
3547,7,0.073194,-9.766197
3548,-2,-0.088928,-87.894058
3549,7,0.05385,87.890625
3550,4,0.044408,-29.295445
3551,7,-0.060046,29.297447
3552,0,-0.002421,-68.364048
3553,6,0.054799,58.59375
3554,2,-0.050106,-39.063263
3555,8,0.112014,58.589173
3556,1,-0.088266,-68.365384
3557,7,0.064318,58.590889
3558,5,-0.011977,-19.530678
3559,3,-0.00244,-19.531059
3560,4,0.007097,9.766197
3561,8,-0.003215,39.060974
3562,4,0.007387,-37.969757
3563,4,0.045516,0.0
3564,7,-0.001261,29.456527
3565,2,0.028157,-48.830986
3566,4,-0.009987,19.532013
3567,4,0.018625,0.0
3568,7,0.000716,29.296589
3569,2,0.021505,-48.825741
3570,2,-0.016642,0.0
3571,8,0.03104,58.592033
3572,3,0.002426,-48.83194
3573,6,0.050109,29.296017
3574,3,-0.035719,-29.296875
3575,2,0.021449,-9.765816
3576,7,0.021438,48.827171
3577,3,0.02146,-39.063263
3578,7,0.002304,38.978377
3579,9,0.069102,19.572536
3580,-1,-0.054877,-97.659111
3581,3,0.002345,39.064026
3582,6,0.030954,29.296017
3583,4,0.088171,-19.532394
3584,4,-0.09303,0.0
3585,6,0.059563,19.531441
3586,5,0.002352,-9.766006
3587,2,-0.016721,-29.297733
3588,6,0.040156,39.062119
3589,8,0.059229,19.530487
3590,-1,-0.141193,-87.892342
3591,5,0.11632,58.594894
3592,4,0.001874,-9.765148
3593,4,0.001874,0.0
3594,9,0.035506,44.203584
3595,4,0.027809,-54.531574
3596,3,-0.041756,-9.766102
3597,4,-0.013147,9.765816
3598,7,0.034537,29.296303
3599,3,0.005855,-39.002321
3600,1,-0.080942,-19.562198
3601,6,0.052194,48.437409
3602,3,-0.043407,-29.534245
3603,7,0.023351,39.062881
3604,1,-0.052945,-58.596039
3605,9,0.004272,78.120423
3606,2,0.042423,-68.360043
3607,4,-0.043411,19.532394
3608,6,0.051959,19.531059
3609,9,0.023349,29.295731
3610,4,-0.062476,-48.825264
3611,1,-0.033867,-29.298592
3612,5,-0.005254,39.065552
3613,4,0.022104,-9.765339
3614,6,-0.007513,0.0
3615,2,-0.045661,-39.064026
3616,4,-0.045662,19.53125
3617,6,-0.007518,19.529724
3618,9,0.030631,29.297733
3619,-11,-0.197063,-195.133374
3620,15,0.022178,254.14451
3621,3,-0.021632,-117.192078
3622,5,-0.04325,19.530106
3623,12,0.062233,68.358707
3624,-5,-0.003867,-166.02211
3625,5,-0.072486,97.657204
3626,12,-0.01526,68.354035
3627,0,-0.053249,-117.107446
3628,8,0.023101,78.182262
3629,-10,-0.224859,-175.793267
3630,14,0.080323,234.379578
3631,3,-0.034117,-107.420826
3632,6,-0.034119,29.294872
3633,12,0.032636,58.592033
3634,-5,-0.139044,-166.035082
3635,6,0.004007,107.420826
3636,5,-0.05321,-9.765339
3637,5,-0.005618,0.0
3638,9,0.013488,39.133965
3639,-3,-0.129574,-117.198945
3640,4,-0.034206,68.359375
3641,4,-0.034206,0.0
3642,7,-0.04374,29.296875
3643,6,0.023035,-9.756669
3644,2,-0.062075,-39.099538
3645,9,0.004676,68.3527
3646,3,-0.062086,-58.5989
3647,5,-0.004863,19.530106
3648,9,0.01421,39.061737
3649,-4,-0.138388,-126.965524
3650,5,-0.023948,87.88805
3651,4,-0.043021,-9.766006
3652,4,0.052224,0.0
3653,13,-0.005192,87.886334
3654,-4,-0.11964,-166.020489
3655,3,-0.052878,68.364716
3656,7,-0.024268,39.062119
3657,4,-0.033804,-29.295158
3658,4,-0.043342,0.0
3659,5,-0.043625,9.474991
3660,4,-0.03439,-10.075668
3661,5,-0.034389,9.766197
3662,9,0.032367,39.060974
3663,9,0.013293,0.0
3664,-6,-0.139312,-146.501543
3665,8,0.013278,136.720085
3666,5,-0.053478,-29.296875
3667,0,-0.072554,-48.830986
3668,13,0.07048,126.934531
3669,-3,-0.139337,-156.263734
3670,3,-0.005814,58.596039
3671,4,0.060943,9.765434
3672,5,-0.149112,9.502
3673,13,0.072406,80.347906
3674,-2,-0.108803,-146.497251
3675,3,-0.042042,48.830986
3676,9,-0.0039,58.588029
3677,0,-0.051592,-87.896634
3678,13,0.053302,126.944447
3679,-4,-0.156511,-166.02211
3680,4,0.005617,78.125
3681,5,-0.023026,9.728478
3682,4,-0.051674,-9.803345
3683,13,0.062764,87.887192
3684,-4,-0.108901,-166.018868
3685,6,-0.023069,97.657204
3686,4,-0.051679,-19.531631
3687,-4,-0.089664,-77.962071
3688,11,0.033573,145.724445
3689,5,-0.071754,-59.027812
3690,7,0.014077,19.530296
3691,4,-0.042104,-29.298019
3692,6,-0.01312,19.530869
3693,9,0.015488,29.294586
3694,-2,-0.089426,-107.432366
3695,7,-0.022671,87.88805
3696,4,-0.022671,-29.297447
3697,2,-0.051282,-19.531631
3698,3,-0.061259,9.314109
3699,5,-0.031682,20.521029
3700,5,-0.003071,0.0
3701,3,-0.041219,-19.53125
3702,7,-0.012609,39.061737
3703,2,-0.040413,-48.003994
3704,8,-0.039412,59.61785
3705,5,-0.001264,-29.296303
3706,4,-0.039409,-9.765625
3707,2,-0.048946,-19.532394
3708,11,0.017806,87.884617
3709,-2,-0.096885,-126.961804
3710,5,0.116735,68.356037
3711,3,-0.150307,-19.532394
3712,7,0.021344,39.05983
3713,9,0.002269,19.531441
3714,-3,-0.112181,-117.196656
3715,4,-0.035849,68.3527
3716,6,0.0023,19.532776
3717,3,-0.073991,-29.297161
3718,-9,-0.147079,-113.700966
3719,25,0.216154,342.496802
3720,-9,-0.136736,-332.063678
3721,9,0.034927,175.782967
3722,8,-0.00322,-9.765625
3723,9,0.044465,9.765339
3724,1,-0.050904,-78.127289
3725,-2,-0.089047,-29.293156
3726,8,0.044481,97.669603
3727,3,-0.031031,-48.027971
3728,11,0.017944,79.445471
3729,0,-0.020208,-107.432366
3730,-2,-0.058356,-19.531059
3731,12,0.056085,136.717415
3732,2,-0.029744,-97.654343
3733,5,-0.011399,28.550763
3734,6,-0.011142,10.027777
3735,-2,-0.049286,-78.121185
3736,9,0.027178,107.425022
3737,6,-0.011027,-29.298019
3738,13,0.046187,68.3527
3739,-3,-0.058729,-156.263734
3740,-3,-0.087341,0.0
3741,13,0.08431,156.23932
3742,3,-0.039667,-97.65625
3743,9,0.036629,58.595467
3744,4,-0.02059,-48.826695
3745,5,0.00802,9.765434
3746,-7,-0.096895,-117.197801
3747,9,-0.011068,156.251526
3748,10,0.046148,9.765148
3749,0,0.05569,-97.654343
3750,-2,-0.154123,-19.532204
3751,12,0.074753,136.714745
3752,4,-0.030153,-78.125
3753,9,0.027068,48.828125
3754,4,-0.030153,-48.829556
3755,-4,-0.087427,-78.123474
3756,10,-0.011291,136.730767
3757,4,0.017324,-58.589745
3758,4,0.007788,0.0
3759,5,-0.001749,9.765625
3760,-1,-0.058967,-58.590889
3761,9,0.045941,97.660065
3762,4,-0.039888,-48.827171
3763,15,0.084075,107.40719
3764,-4,-0.077993,-185.485288
3765,-4,-0.08711,0.0
3766,9,0.046878,126.963044
3767,6,-0.029414,-29.297161
3768,4,0.008819,-19.44485
3769,5,-0.019751,9.808634
3770,0,-0.067433,-48.826695
3771,10,0.066086,97.658157
3772,5,-0.01974,-48.830509
3773,7,-0.010205,19.530678
3774,3,-0.000667,-39.061737
3775,-4,-0.086497,-68.360043
3776,11,0.037492,146.49582
3777,4,-0.019784,-68.360043
3778,4,0.008994,0.0
3779,6,0.008994,19.530869
3780,-2,-0.067298,-78.122711
3781,10,0.028079,117.196656
3782,5,0.010368,-47.43563
3783,7,0.001408,20.121534
3784,0,-0.027225,-68.36071
3785,-12,-0.170292,-117.185211
3786,24,0.144404,351.541902
3787,1,-0.046341,-224.620343
3788,7,0.134861,58.592606
3789,6,-0.084493,-9.766102
3790,-5,-0.103785,-107.423973
3791,11,0.058365,156.251526
3792,9,0.039293,-19.529915
3793,2,-0.046537,-68.360043
3794,2,-0.017925,0.0
3795,-2,-0.103748,-39.060593
3796,11,0.058384,126.959324
3797,6,0.039314,-48.826218
3798,3,-0.017908,-29.297447
3799,6,-0.008372,29.295445
3800,-3,-0.056059,-87.8932
3801,9,0.029837,117.1875
3802,9,0.001162,0.0
3803,4,-0.036985,-48.828602
3804,2,0.029775,-19.531631
3805,-1,-0.084668,-29.299164
3806,9,0.039303,97.650528
3807,5,-0.027457,-39.064407
3808,4,0.029768,-9.765339
3809,7,0.001159,29.298019
3810,-5,-0.075137,-117.190933
3811,11,0.020229,156.243897
3812,7,0.048847,-39.060593
3813,10,0.020226,29.283434
3814,-4,-0.094283,-136.788213
3815,1,-0.027525,48.829556
3816,8,0.029695,68.359375
3817,4,-0.046596,-39.061356
3818,8,0.02863,39.062119
3819,5,1.9e-05,-29.297733
3820,-3,-0.105039,-78.123474
3821,11,0.07616,136.717415
3822,6,0.009402,-48.828602
3823,4,-0.009673,-19.532204
3824,-8,-0.152721,-117.185211
3825,10,0.066618,175.777817
3826,6,0.028469,-39.06517
3827,9,-0.000141,29.295731
3828,6,0.018936,-29.296875
3829,3,-0.038284,-29.296875
3830,-3,-0.066895,-58.595467
3831,14,0.104758,166.007519
3832,2,-0.057373,-117.195511
3833,3,-0.009689,9.765148
3834,17,0.082374,133.250845
3835,-12,-0.220699,-290.773457
3836,8,0.065418,195.323945
3837,9,0.036761,9.719873
3838,3,-0.049336,-58.867969
3839,2,-0.039798,-9.76553
3840,-1,-0.068409,-29.297733
3841,11,0.026962,117.192078
3842,4,-0.030259,-68.360043
3843,2,-0.020721,-19.530869
3844,6,-0.02072,39.062881
3845,-1,-0.106548,-68.357372
3846,8,0.065117,87.892342
3847,5,-0.020716,-29.298306
3848,6,-0.001644,9.765244
3849,3,-0.030254,-29.297447
3850,3,-0.073422,0.0
3851,10,0.046593,68.363381
3852,4,-0.001089,-58.592033
3853,3,-0.020163,-9.766102
3854,5,-0.029877,19.349658
3855,-1,-0.049551,-59.148848
3856,9,0.064922,97.658157
3857,5,-0.020525,-39.060593
3858,5,0.008317,0.0
3859,3,-0.048906,-19.532967
3860,1,-0.010756,-19.531059
3861,9,-0.010752,78.125
3862,4,0.008323,-48.827648
3863,4,-0.010752,0.0
3864,3,-0.039362,-9.765625
3865,2,-0.077507,-9.765148
3866,11,0.056003,87.888908
3867,3,0.008314,-78.131867
3868,6,-0.001228,29.294586
3869,4,-0.010766,-19.532204
3870,6,0.008307,19.53125
3871,7,0.055992,9.765244
3872,0,-0.029842,-68.362713
3873,9,0.036879,87.852018
3874,-2,-0.096686,-107.473303
3875,4,0.151092,58.590889
3876,4,-0.097096,0.0
3877,8,0.055494,39.060211
3878,1,-0.03034,-68.364048
3879,5,-0.05895,39.062119
3880,6,0.112717,9.765434
3881,5,0.007812,-9.76553
3882,4,-0.068477,-9.765816
3883,3,0.036349,-9.766197
3884,5,-0.020929,19.530487
3885,5,0.150745,0.0
3886,6,-0.068605,9.766006
3887,4,0.017225,-19.531441
3888,2,-0.030456,-19.530678
3889,5,-0.059063,29.298878
3890,6,0.112617,9.765053
3891,6,0.007714,0.0
3892,0,-0.039972,-58.595467
3893,5,0.00771,48.826695
3894,4,-0.040044,-9.766483
3895,5,0.083945,9.765434
3896,6,0.026724,9.765434
3897,4,0.007651,-19.530296
3898,5,-0.011422,9.76553
3899,5,-0.001894,0.0
3900,6,0.045825,9.765244
3901,4,-0.04,-19.532394
3902,3,0.007689,-9.76572
3903,5,0.00769,19.53125
3904,3,-0.04953,-19.531441
3905,6,0.10307,29.296875
3906,4,-0.001831,-19.530487
3907,5,0.017243,9.76553
3908,3,-0.001832,-19.532394
3909,3,-0.087658,0.0
3910,9,0.131688,58.589745
3911,2,-0.001833,-68.36071
3912,-8,-0.135353,-97.661972
3913,15,0.112596,224.604988
3914,5,0.017235,-97.650528
3915,5,0.007982,0.0
3916,10,0.065503,48.825741
3917,1,-0.029868,-87.8932
3918,2,-0.058476,9.766006
3919,10,0.017818,78.125
3920,2,0.084942,-77.766545
3921,1,-0.058155,-9.811039
3922,6,0.017851,48.533323
3923,4,0.046348,-19.650033
3924,3,-0.087149,-9.766293
3925,5,0.084526,19.531822
3926,6,0.03684,9.765339
3927,2,-0.010844,-39.062881
3928,4,-0.00105,19.530678
3929,8,-0.04137,39.060593
3930,8,0.101694,0.0
3931,0,-0.022293,-78.131867
3932,5,-0.031822,48.830509
3933,3,0.034942,-19.530678
3934,14,0.015868,107.413483
3935,-5,-0.003223,-185.572246
3936,7,0.034915,117.178345
3937,-5,-0.088876,-117.033208
3938,11,0.073493,156.462385
3939,6,-0.060017,-48.826695
3940,4,0.083037,-19.53125
3941,3,-0.021868,-9.766006
3942,9,0.05416,58.321507
3943,-4,0.005737,-127.547266
3944,8,-0.022129,117.189789
3945,4,-0.002632,-39.063644
3946,7,0.006904,29.295445
3947,4,0.006904,-29.298019
3948,4,-0.012169,0.0
3949,8,-0.005034,36.600542
3950,6,0.079611,-20.755069
3951,-1,-0.071481,-66.83088
3952,11,0.072569,118.210296
3953,-3,-0.033642,-128.292066
3954,3,0.020018,64.262534
3955,7,0.038123,39.060593
3956,4,0.009514,-29.296017
3957,2,0.009513,-19.532013
3958,11,0.057192,87.884617
3959,2,0.018233,-87.89835
3960,0,-0.059061,-19.530678
3961,8,0.045848,78.130341
3962,7,0.045848,-9.765339
3963,5,0.04585,-19.530487
3964,3,-0.059049,-19.531822
3965,4,0.074475,9.766102
3966,7,0.036329,29.295158
3967,3,0.017255,-39.064407
3968,5,-0.001816,19.53125
3969,7,-0.001816,19.531059
3970,0,0.045874,-68.361378
3971,4,0.017271,39.062881
3972,6,0.017269,19.531059
3973,3,0.017269,-29.297447
3974,4,0.137842,9.765625
3975,4,-0.196628,0.0
3976,7,0.156261,29.294586
3977,4,-0.044012,-29.297161
3978,3,-0.044012,-9.76553
3979,11,0.022749,78.128815
3980,0,-0.00586,-107.422924
3981,4,0.059915,38.060802
3982,7,-0.006083,30.087253
3983,2,-0.006867,-48.830986
3984,4,-0.065377,19.53125
3985,4,0.039537,0.0
3986,6,0.077684,19.530869
3987,3,-0.084442,-29.299164
3988,4,0.02046,9.76553
3989,9,0.04026,48.825741
3990,-8,-0.131667,-166.025353
3991,12,0.135353,195.306778
3992,4,-0.045848,-78.124237
3993,5,-0.007699,9.766197
3994,8,-0.045842,29.294586
3995,4,0.068612,-39.062881
3996,2,0.049539,-19.531441
3997,10,-0.026749,78.121185
3998,3,0.001859,-68.362045
3999,0,-0.083976,-29.299736
4000,5,0.011387,48.825741
4001,5,0.001851,0.0
4002,3,0.097228,-19.531441
4003,4,-0.045825,9.765244
4004,5,-0.045824,9.765816
4005,6,0.059078,9.76553
4006,2,0.040003,-39.064789
4007,6,-0.055361,39.061356
4008,7,0.030418,9.712887
4009,0,-0.08439,-68.734596
4010,6,0.020513,58.590317
4011,7,0.106342,9.76553
4012,2,-0.074869,-48.829556
4013,6,0.020496,39.064026
4014,3,-0.008114,-29.296017
4015,6,0.010961,29.298306
4016,4,0.049105,-19.531441
4017,3,-0.055802,-9.765148
4018,8,0.039565,48.828602
4019,0,-0.141621,-78.126526
4020,4,0.077512,38.906721
4021,5,0.087088,9.805364
4022,6,-0.027364,9.764957
4023,2,-0.036901,-39.063263
4024,5,0.010698,29.296589
4025,6,0.010657,9.766102
4026,3,0.02973,-29.295731
4027,8,-0.017953,48.830509
4028,4,-0.008414,-39.062119
4029,2,-0.04656,-19.531059
4030,5,0.020197,29.297161
4031,4,0.077417,-9.766006
4032,4,-0.065645,0.0
4033,4,0.001113,0.0
4034,7,0.029723,29.297161
4035,2,-0.037036,-48.830509
4036,4,0.058328,19.529915
4037,10,0.001097,58.592033
4038,-1,-0.057488,-107.42712
4039,6,-0.01038,68.360043
4040,4,0.037305,-19.53125
4041,3,0.142206,-9.765911
4042,5,-0.182024,19.530106
4043,5,0.037332,0.0
4044,4,-0.029425,-9.765911
4045,3,-0.029424,-9.765434
4046,6,0.104092,29.296303
4047,6,-0.048497,0.0
4048,1,-0.07711,-48.829556
4049,4,0.018258,29.297161
4050,5,0.027744,9.713264
4051,2,0.037124,-29.454792
4052,7,-0.039175,48.828602
4053,4,-0.020106,-29.299164
4054,5,0.018041,9.765244
4055,4,-0.020104,-9.765339
4056,0,0.027582,-39.062881
4057,12,0.027584,117.189789
4058,5,-0.039173,-68.359375
4059,3,-0.010563,-19.532013
4060,3,0.008511,0.0
4061,4,0.04666,9.765625
4062,5,-0.039165,9.76572
4063,6,0.00852,9.764767
4064,3,-0.010556,-29.298306
4065,4,-0.02963,9.765911
4066,4,0.084814,0.0
4067,6,-0.048693,19.532204
4068,3,-0.039157,-29.295731
4069,4,-0.058276,9.705817
4070,4,0.075306,0.0
4071,5,0.037157,9.764957
4072,4,-0.039137,-9.766197
4073,6,0.018081,19.530296
4074,5,-0.029602,-9.765625
4075,4,-0.010528,-9.766388
4076,6,0.084837,19.530487
4077,5,-0.058213,-9.765148
4078,-2,-0.07729,-68.363381
4079,8,0.037154,97.658157
4080,5,0.122983,-29.296589
4081,3,-0.067749,-19.532013
4082,6,-0.000992,29.294586
4083,5,-0.039138,-9.765816
4084,3,-0.029602,-19.531822
4085,5,0.018082,19.531059
4086,7,0.094378,19.531631
4087,1,-0.12496,-58.594322
4088,4,0.018099,29.296303
4089,4,0.008562,0.0
4090,7,-0.092956,29.296303
4091,4,0.162392,-29.297161
4092,4,-0.028354,0.0
4093,7,-0.009234,29.298306
4094,2,0.000572,-48.825741
4095,5,0.038721,29.298592
4096,8,0.095941,29.296017
4097,0,-0.0948,-78.127289
4098,2,-0.008968,19.531631
4099,7,0.057788,48.827648
4100,5,0.000568,-19.530678
4101,3,0.048249,-19.532204
4102,6,-0.008974,29.296303
4103,3,-0.008972,-29.296589
4104,11,0.054414,74.67284
4105,-1,-0.036967,-122.871507
4106,6,0.029784,68.3527
4107,3,-0.06559,-29.298878
4108,4,0.000957,9.551463
4109,-1,-0.037666,-49.315501
4110,10,0.049681,108.792404
4111,4,0.050222,-58.594322
4112,6,-0.026075,19.529534
4113,2,-0.026079,-39.064026
4114,4,-0.007077,19.457524
4115,8,0.05029,39.211073
4116,3,0.021681,-48.826695
4117,-5,-0.130914,-78.13263
4118,11,0.069357,156.25
4119,5,0.012136,-58.59375
4120,5,0.021673,0.0
4121,5,0.031209,0.0
4122,6,-0.045083,9.765339
4123,4,0.012143,-19.532585
4124,8,0.021681,39.062119
4125,3,-0.006925,-48.825264
4126,2,-0.035536,-9.766483
4127,5,-0.016462,29.297161
4128,4,0.040762,-9.765434
4129,4,-0.045031,0.0
4130,6,0.078996,19.530869
4131,2,-0.016181,-38.870425
4132,6,0.022155,39.256097
4133,4,-0.034981,-19.447497
4134,6,0.050936,19.614766
4135,4,-0.006263,-19.50953
4136,3,-0.025348,-9.777369
4137,4,-0.006275,9.765434
4138,6,0.022335,19.530296
4139,4,0.012798,-19.532204
4140,2,-0.024821,-18.991368
4141,6,0.014441,40.204238
4142,3,-0.023708,-29.298592
4143,5,0.014439,19.531631
4144,7,0.052584,19.529724
4145,3,-0.014175,-39.062119
4146,2,-0.033248,-9.766388
4147,5,-0.004802,29.129607
4148,5,0.052421,0.0
4149,3,-0.014336,-19.531631
4150,5,0.014276,19.531631
4151,5,0.004739,0.0
4152,3,-0.023871,-19.531822
4153,4,0.004738,9.766102
4154,10,0.052414,58.58574
4155,3,-0.014347,-68.364048
4156,-3,-0.081105,-58.594322
4157,9,0.052411,117.1875
4158,5,0.023798,-39.06517
4159,6,0.014261,9.76553
4160,4,0.014261,-19.531441
4161,5,-0.004813,9.765148
4162,2,-0.014352,-29.298592
4163,7,0.023793,48.826218
4164,6,0.033332,-9.765053
4165,0,-0.023891,-58.596039
4166,4,-0.04296,39.063263
4167,4,0.023799,0.0
4168,5,0.128709,9.76572
4169,6,-0.081096,9.764862
4170,7,0.023802,9.76572
4171,3,-0.014346,-39.064026
4172,4,-0.052491,9.765434
4173,7,0.061954,29.298019
4174,4,0.023807,-29.296303
4175,2,-0.071562,-19.532394
4176,4,0.023456,19.53125
4177,2,0.013963,-19.531441
4178,6,0.004712,39.060593
4179,2,-0.014247,-39.064789
4180,6,0.033436,39.061356
4181,3,-0.014248,-29.296017
4182,4,-0.014247,9.765911
4183,6,0.042973,19.530106
4184,5,0.014363,-9.765625
4185,2,-0.052393,-29.298019
4186,13,0.05251,107.420826
4187,0,0.004833,-126.953125
4188,4,-0.004703,39.065552
4189,5,0.023906,9.765053
4190,6,-0.071453,9.765816
4191,3,0.081782,-28.659317
4192,4,-0.022896,9.987615
4193,6,0.110467,19.531441
4194,5,-0.051865,-9.765911
4195,1,-0.042329,-39.062119
4196,12,0.081645,107.418728
4197,-2,-0.04234,-136.726761
4198,3,-0.051609,48.830032
4199,5,0.092023,19.53125
4200,6,-0.012884,9.765053
4201,7,0.034801,9.765911
4202,3,-0.031773,-38.875714
4203,8,0.044749,49.060492
4204,1,-0.02201,-68.362045
4205,-5,-0.114973,-58.593178
4206,17,0.115102,214.841652
4207,1,0.027762,-156.266786
4208,3,-0.068621,19.514289
4209,6,0.085298,29.320641
4210,5,0.013005,-9.765816
4211,7,-0.006068,19.529915
4212,0,-0.044088,-68.228781
4213,9,0.060984,88.061761
4214,-2,-0.129751,-107.42712
4215,6,0.032385,78.128815
4216,10,0.089603,39.060593
4217,-1,-0.091598,-107.419777
4218,4,-0.034378,48.828125
4219,7,0.013307,29.298878
4220,2,-0.0153,-48.825741
4221,10,0.051456,78.124237
4222,1,-0.062729,-87.629619
4223,4,0.003909,29.17238
4224,2,-0.034379,-19.675163
4225,5,-0.024842,29.296589
4226,11,0.099133,58.589173
4227,-3,-0.072545,-136.736109
4228,5,-0.017104,76.303114
4229,6,0.021277,10.004202
4230,3,-0.016871,-29.297447
4231,4,-0.007344,9.755907
4232,6,-0.017201,19.201045
4233,4,-0.007765,-19.635178
4234,5,0.011432,9.892665
4235,4,-0.073774,-9.122423
4236,4,0.031131,0.0
4237,8,0.032372,39.331754
4238,2,-0.054233,-58.596611
4239,3,0.002991,9.766102
4240,6,0.012527,29.296017
4241,9,0.041135,29.295158
4242,-2,-0.082847,-107.42712
4243,8,0.03944,95.923261
4244,-10,-0.144921,-179.020756
4245,15,0.045821,244.145393
4246,8,0.141203,-68.353367
4247,1,-0.116287,-68.363381
4248,4,-0.011382,29.298019
4249,6,-0.001846,19.531631
4250,4,-0.049527,-19.530869
4251,16,0.103049,117.174913
4252,-5,-0.078174,-205.104164
4253,4,-0.069749,86.74866
4254,3,-0.012653,-9.895406
4255,3,0.01596,0.0
4256,11,0.044567,78.118897
4257,-1,-0.06989,-117.203524
4258,6,0.015936,68.354035
4259,2,-0.03175,-39.064789
4260,4,-0.022214,19.530296
4261,13,0.054077,87.88805
4262,-2,-0.050834,-146.494389
4263,3,-0.041295,48.829079
4264,4,-0.041263,9.746494
4265,5,0.035417,9.785023
4266,13,0.054487,78.118134
4267,-3,-0.107651,-156.263734
4268,6,0.025859,87.884617
4269,3,-0.040901,-29.297733
4270,4,-0.002754,9.765816
4271,14,0.063994,97.648621
4272,-3,-0.079071,-166.030217
4273,2,-0.021855,48.824787
4274,4,-0.050584,19.409938
4275,5,0.035309,9.82772
4276,10,0.044996,48.825741
4277,-2,-0.075694,-113.780745
4278,7,0.003257,90.610716
4279,2,-0.00628,-48.829556
4280,4,-0.015817,19.530678
4281,6,-0.006925,18.871663
4282,7,0.031565,10.118692
4283,-2,-0.10196,-87.899209
4284,8,0.031557,97.659111
4285,4,0.012486,-39.05983
4286,11,0.050629,68.35537
4287,1,-0.034953,-97.401332
4288,4,-0.006265,29.376053
4289,2,-0.025339,-19.531822
4290,8,0.002864,58.177305
4291,11,0.079364,29.504908
4292,-13,-0.168606,-234.391023
4293,11,0.001921,233.211221
4294,3,0.030212,-78.456756
4295,5,-0.017458,19.546521
4296,5,0.001616,0.0
4297,-3,-0.067071,-80.100927
4298,14,0.073938,163.923361
4299,4,-0.022661,-98.917839
4300,6,0.005949,19.530869
4301,11,0.062709,48.356835
4302,-11,-0.177759,-216.943269
4303,11,0.03207,214.864733
4304,1,-0.000918,-82.609127
4305,15,0.133716,167.162183
4306,-2,-0.037091,-165.192887
4307,5,0.058127,68.048373
4308,2,-0.018446,-29.581423
4309,5,0.038779,29.298306
4310,6,0.038779,9.765434
4311,11,0.095994,48.82288
4312,-10,-0.066158,-205.106167
4313,12,0.029207,214.84375
4314,3,0.01055,-87.464407
4315,4,0.039093,9.695841
4316,8,0.0757,37.485474
4317,3,0.01584,-51.530454
4318,2,-0.003224,-9.756478
4319,4,0.006364,19.582693
4320,6,0.054049,19.531822
4321,10,0.082657,39.060211
4322,-11,-0.117621,-205.084133
4323,12,0.082526,224.482227
4324,3,0.025472,-87.719298
4325,7,0.054236,39.160401
4326,9,0.073309,19.530487
4327,-6,-0.079293,-146.498682
4328,10,0.082831,156.248474
4329,6,0.025613,-39.060974
4330,8,0.054224,19.531441
4331,28,0.254453,195.268641
4332,-33,-0.346543,-595.88934
4333,14,0.111216,458.979893
4334,5,0.092146,-87.890625
4335,4,-0.012759,-9.765053
4336,14,0.111209,97.646714
4337,-11,-0.108163,-244.169239
4338,16,0.120159,263.096352
4339,0,-0.023233,-156.598677
4340,5,0.043522,48.824787
4341,-9,-0.10849,-136.128505
4342,15,0.09629,229.226361
4343,3,0.035908,-120.426309
4344,5,0.026371,19.530678
4345,4,0.016834,-9.76553
4346,7,0.016437,28.889766
4347,-2,-0.042014,-89.15128
4348,11,0.081958,126.946926
4349,8,0.024736,-29.296875
4350,2,0.015196,-58.594894
4351,2,-0.013416,0.0
4352,-1,-0.070635,-29.295731
4353,10,0.110571,107.42712
4354,4,0.034275,-58.595467
4355,4,-0.013409,0.0
4356,7,0.033476,28.47894
4357,2,0.003618,-50.106225
4358,4,-0.005855,19.595356
4359,7,0.051165,29.091755
4360,4,-0.050571,-29.504327
4361,3,0.059958,-9.690298
4362,10,0.058863,67.232056
4363,2,0.009262,-80.090502
4364,6,0.038081,39.061737
4365,3,0.05763,-29.297161
4366,5,-0.02954,19.530869
4367,-3,-0.048616,-78.128052
4368,10,0.056293,126.955605
4369,9,0.084905,-9.765148
4370,0,-0.01979,-87.750088
4371,0,-0.058082,0.0
4372,3,0.01821,29.296589
4373,11,0.170805,78.124237
4374,4,-0.048546,-68.365384
4375,5,0.018211,9.765244
4376,2,-0.0104,-29.297447
4377,-2,-0.048547,-39.0625
4378,17,0.118512,180.833547
4379,3,0.000504,-140.371986
4380,2,-0.047179,-9.766102
4381,2,0.000502,0.0
4382,2,0.010039,0.0
4383,15,0.105125,126.664913
4384,0,0.043054,-73.32561
4385,2,0.06213,19.533158
4386,-2,0.004911,-39.060974
4387,15,0.204992,166.012383
4388,2,0.04268,-126.951885
4389,2,0.061671,0.0
4390,6,0.080662,39.061737
4391,3,0.072011,-28.369063
4392,4,0.091418,10.095809
4393,4,0.081881,0.0
4394,7,0.091417,29.295158
4395,4,0.08188,-29.298306
4396,-2,0.043203,-58.596611
4397,12,0.13148,130.599451
4398,5,0.090055,-71.717637
4399,2,0.042371,-29.297161
4400,4,0.04164,18.781988
4401,0,0.040054,-40.686379
4402,10,0.14496,97.657204
4403,4,0.059728,-58.147987
4404,5,0.069207,9.706382
4405,2,0.059272,-29.705323
4406,0,0.021123,-19.532204
4407,11,0.125601,106.985158
4408,5,0.087222,-58.831604
4409,-5,-0.017685,-97.659111
4410,16,0.125356,205.060102
4411,-1,0.029982,-166.026975
4412,6,0.153964,68.363381
4413,7,0.04906,9.765148
4414,3,0.049063,-39.062119
4415,3,0.039526,0.0
4416,10,0.125012,68.006062
4417,2,0.03802,-79.314721
4418,2,0.066632,0.0
4419,4,0.028487,9.76572
4420,1,0.009412,-29.297733
4421,7,0.123854,58.592606
4422,8,0.095243,9.76572
4423,0,0.018947,-78.127289
4424,11,0.114251,107.356874
4425,-1,-0.009789,-117.251622
4426,9,0.076042,97.65625
4427,1,0.037896,-78.125763
4428,6,0.076045,48.830032
4429,3,0.018823,-29.296589
4430,5,0.066506,19.530678
4431,4,0.076043,-9.766102
4432,8,0.095116,39.061737
4433,1,0.047431,-68.361378
4434,3,0.02836,19.532013
4435,5,0.085582,19.530678
4436,6,0.056973,9.765625
4437,3,0.056973,-29.295445
4438,3,0.047436,0.0
4439,5,0.047438,19.531822
4440,4,0.047438,-9.76572
4441,4,0.076049,0.0
4442,8,0.009291,39.060593
4443,3,0.085581,-48.83194
4444,4,0.056968,9.766006
4445,6,0.066505,19.530869
4446,5,0.047432,-9.765625
4447,-5,-0.019943,-97.651482
4448,12,0.132263,165.847186
4449,5,0.046359,-68.434225
4450,7,0.074969,19.530487
4451,10,0.141677,29.246893
4452,1,-0.048452,-87.273574
4453,2,0.094691,9.85212
4454,6,0.085153,39.0625
4455,7,0.075616,9.765244
4456,-2,-0.019687,-87.824585
4457,-1,-0.01968,9.773451
4458,21,0.22709,213.816429
4459,-1,-0.031646,-215.885228
4460,3,0.073263,39.064407
4461,6,0.159092,29.295731
4462,5,-0.060251,-9.765625
4463,3,0.07328,-19.53125
4464,5,0.073296,19.530869
4465,7,0.063736,19.531822
4466,0,0.006515,-68.360043
4467,5,0.035126,48.826695
4468,4,0.092218,-9.765911
4469,4,0.00622,0.0
4470,2,0.092055,-19.532394
4471,8,0.071933,57.523609
4472,2,-0.024514,-59.700898
4473,6,0.118424,38.949152
4474,12,0.128119,58.755557
4475,-2,-0.034031,-136.742787
4476,7,0.098862,87.256651
4477,8,0.032176,9.837388
4478,5,0.089144,-29.2943
4479,0,0.012967,-48.832894
4480,7,0.098934,68.35537
4481,2,0.022637,-48.831463
4482,9,0.032176,68.357372
4483,6,0.13728,-29.109539
4484,4,0.043568,-19.658531
4485,2,0.014725,-19.531059
4486,4,0.062218,19.335441
4487,5,0.062325,9.865338
4488,4,0.034143,-9.657077
4489,4,0.053318,0.0
4490,7,0.072211,29.238626
4491,8,0.090675,9.785215
4492,7,0.081256,-9.64562
4493,6,0.03319,-9.887774
4494,2,0.052264,-39.064026
4495,-7,-0.043102,-87.888908
4496,18,0.166712,244.145393
4497,3,-0.00495,-146.487236
4498,5,0.119032,19.531441
4499,6,0.034868,9.738521
4500,5,0.200129,-9.793168
4501,5,-0.038294,0.0
4502,7,0.048423,20.44509
4503,7,0.115184,0.0
4504,-1,0.010163,-78.243435
4505,5,0.048312,58.596039
4506,5,0.067385,0.0
4507,8,-0.018431,29.299164
4508,5,0.153258,-29.294872
4509,3,0.049468,-19.532394
4510,6,0.087741,29.296875
4511,4,0.068667,-19.531631
4512,4,-0.00762,0.0
4513,7,0.135445,29.295731
4514,3,0.030545,-39.063263
4515,2,0.059158,-9.765625
4516,4,0.059159,19.531441
4517,10,0.03055,58.592606
4518,-1,0.068704,-107.425022
4519,6,0.087773,68.356037
4520,2,0.040106,-39.064407
4521,4,0.049625,19.532013
4522,8,0.011481,39.058686
4523,5,0.135471,-29.298019
4524,5,0.049646,0.0
4525,2,0.049981,-28.954455
4526,5,0.069398,29.648956
4527,4,-0.035498,-9.765053
4528,4,0.126641,0.0
4529,6,0.098033,19.530487
4530,2,0.04093,-39.064407
4531,4,0.050407,19.532204
4532,10,0.059772,58.416333
4533,6,0.135304,-36.436841
4534,-6,-0.073202,-122.899192
4535,14,-0.025516,0.000919
4536,-5,-0.2252,-184.945441
4537,12,-0.080979,166.553998
4538,3,-0.176693,-87.892342
4539,11,-0.014936,77.740095
4540,1,-0.206151,-98.145058
4541,2,-0.15847,9.765625
4542,4,-0.206149,19.532013
4543,4,-0.11103,0.0
4544,6,-0.120552,19.625352
4545,6,-0.101478,0.0
4546,6,-0.158292,0.0
4547,1,-0.234794,-48.832894
4548,4,0.022714,29.297161
4549,7,-0.176424,29.294014
4550,8,-0.090269,9.766102
4551,-2,-0.204683,-97.614306
4552,4,-0.150198,55.792674
4553,5,-0.061929,10.287008
4554,3,-0.24052,-18.954292
4555,12,-0.055398,90.647221
4556,3,-0.160299,-87.887192
4557,2,-0.217059,-9.766102
4558,4,0.013873,19.531059
4559,6,-0.176882,19.531822
4560,8,-0.077137,19.529724
4561,-1,-0.326221,-87.899209
4562,5,-0.108168,58.092813
4563,5,-0.174622,0.0
4564,3,-0.164807,-19.531631
4565,7,-0.155274,39.060974
4566,4,-0.193422,-29.298019
4567,2,-0.260126,-19.482354
4568,5,-0.031192,29.32236
4569,7,-0.221895,19.563537
4570,6,-0.146017,-9.765053
4571,0,-0.210749,-56.590427
4572,7,-0.178142,70.876028
4573,4,-0.156429,-29.296589
4574,4,-0.146901,0.0
4575,6,-0.146951,19.531631
4576,5,-0.175561,-9.765434
4577,8,-0.185569,28.812078
4578,4,-0.02409,-39.729442
4579,3,-0.252848,-9.765816
4580,1,-0.186259,-19.532013
4581,3,-0.205428,19.531059
4582,8,-0.176816,48.829556
4583,0,-0.109337,-77.400878
4584,5,-0.214325,48.741495
4585,6,-0.166535,9.875373
4586,9,-0.156999,29.296303
4587,3,-0.404765,-58.443076
4588,11,0.253408,78.07925
4589,-2,-0.317774,-125.910429
4590,2,-0.193378,39.490962
4591,4,-0.164756,19.544229
4592,7,-0.231503,29.297161
4593,1,-0.050275,-58.591461
4594,5,-0.269055,39.065552
4595,7,-0.097055,19.529343
4596,2,-0.192422,-48.830509
4597,6,-0.021336,39.063263
4598,4,-0.264262,-19.530296
4599,4,-0.146659,0.0
4600,2,-0.184806,-19.532585
4601,5,-0.146659,29.297161
4602,8,-0.146263,29.295158
4603,4,-0.097253,-38.965087
4604,4,-0.221225,0.0
4605,6,-0.173541,19.531059
4606,2,-0.15447,-39.065934
4607,5,-0.12586,29.296875
4608,2,-0.12586,-29.295445
4609,8,-0.17355,58.592033
4610,-4,-0.230776,-117.194367
4611,19,-0.011704,224.328964
4612,-4,-0.259142,-224.897085
4613,4,-0.133915,78.126526
4614,8,-0.115264,38.693701
4615,3,-0.191815,-49.296538
4616,3,-0.163002,0.0
4617,11,-0.0776,77.761254
4618,-1,-0.258233,-117.735938
4619,5,-0.122794,58.5989
4620,4,-0.170477,-9.765244
4621,4,-0.141866,0.0
4622,5,-0.151402,9.766293
4623,1,-0.113252,-39.0625
4624,7,-0.180169,58.432831
4625,6,-0.180195,-9.792401
4626,10,-0.056358,39.059448
4627,0,-0.151731,-97.661972
4628,6,-0.12312,58.59375
4629,4,-0.218487,-19.531631
4630,2,-0.170798,-19.531631
4631,6,-0.142189,39.060974
4632,3,-0.142191,-29.299164
4633,4,-0.094507,9.76553
4634,7,-0.242494,29.294586
4635,6,-0.114949,-9.76572
4636,2,-0.143562,-39.065552
4637,5,-0.114998,29.249744
4638,8,-0.086343,29.342436
4639,1,-0.2768,-68.363381
4640,3,-0.18612,19.530678
4641,5,-0.186122,19.532013
4642,5,-0.147976,0.0
4643,3,-0.329172,-19.532394
4644,5,-0.186122,19.531059
4645,7,-0.167049,19.530678
4646,1,-0.261678,-57.838015
4647,5,-0.19532,39.581231
4648,8,-0.176571,29.294872
4649,0,-0.25287,-78.129578
4650,5,-0.236815,45.734775
4651,5,-0.208204,0.0
4652,5,-0.150981,0.0
4653,6,-0.26907,9.675859
4654,-4,-0.295212,-98.487236
4655,13,-0.104346,166.150298
4656,3,-0.218055,-97.65625
4657,6,-0.149711,29.297161
4658,4,-0.264154,-19.531822
4659,4,-0.207369,0.0
4660,7,-0.188391,29.139793
4661,0,-0.226502,-68.731222
4662,4,-0.16928,39.063644
4663,6,-0.254684,19.530678
4664,5,-0.206768,-9.76553
4665,0,-0.159084,-48.830509
4666,11,-0.255293,106.541658
4667,7,-0.131622,-39.387524
4668,0,-0.265145,-68.364048
4669,5,-0.226998,48.828125
4670,4,-0.198388,-9.765625
4671,5,-0.188869,9.746684
4672,3,-0.274393,-19.569663
4673,8,-0.149884,48.18209
4674,3,-0.198199,-49.47507
4675,3,-0.207736,0.0
4676,3,-0.179125,0.0
4677,9,-0.178994,58.726803
4678,0,-0.273588,-87.097898
4679,4,-0.159213,38.992055
4680,5,-0.254411,9.874105
4681,4,-0.149445,-9.765816
4682,3,-0.254349,-9.765339
4683,3,-0.178054,0.0
4684,7,-0.187593,39.061737
4685,4,-0.187595,-29.298306
4686,6,-0.197132,9.765148
4687,-1,-0.254358,-68.366051
4688,7,-0.218535,75.744665
4689,5,-0.171386,-20.080926
4690,4,-0.200036,-9.805171
4691,6,-0.200036,19.530678
4692,4,-0.22852,-19.402406
4693,3,-0.209512,-9.831488
4694,4,-0.200172,9.56407
4695,7,-0.190021,29.926381
4696,4,-0.209038,-29.238341
4697,-9,-0.333272,-127.216503
4698,19,-0.104399,273.426819
4699,1,-0.22838,-175.788117
4700,7,-0.180697,58.593178
4701,6,-0.209289,-9.746779
4702,5,-0.209301,-9.778517
4703,5,-0.113938,0.0
4704,5,-0.275898,0.0
4705,5,-0.209068,0.0
4706,0,-0.275968,-48.974954
4707,4,-0.26638,39.064789
4708,8,-0.143008,39.05983
4709,2,-0.209852,-58.596611
4710,3,-0.238855,9.363559
4711,4,-0.238538,10.089596
4712,6,-0.133489,19.745871
4713,2,-0.181179,-39.061356
4714,9,-0.323227,68.359375
4715,5,-0.150514,-39.027056
4716,3,-0.207754,-19.549004
4717,4,-0.227077,9.508777
4718,6,-0.197937,20.073872
4719,3,-0.207474,-29.296875
4720,4,-0.21701,9.76553
4721,6,-0.21701,19.532394
4722,2,-0.188399,-39.063263
4723,5,-0.207471,29.296875
4724,11,-0.140721,58.586884
4725,-2,-0.264714,-126.969244
4726,3,-0.197957,48.827171
4727,5,-0.235058,19.531441
4728,5,-0.176757,0.0
4729,4,-0.22424,-9.673706
4730,8,-0.243108,39.434898
4731,4,-0.14772,-39.06517
4732,3,-0.242467,-9.765148
4733,5,-0.233001,19.531441
4734,7,-0.18538,19.468699
4735,0,-0.204668,-68.583746
4736,-5,-0.319104,-48.827171
4737,14,-0.090212,185.554123
4738,2,-0.271403,-117.181778
4739,7,-0.19529,48.830032
4740,5,-0.195165,-19.530678
4741,5,-0.176092,0.0
4742,3,-0.214048,-19.531631
4743,8,-0.175999,48.827171
4744,2,-0.223782,-58.586884
4745,7,-0.17616,48.764788
4746,5,-0.223814,-19.558946
4747,2,-0.261983,-29.299164
4748,6,-0.214819,38.649957
4749,3,-0.23408,-29.610913
4750,4,-0.186395,9.765625
4751,6,-0.081491,19.532394
4752,3,-0.348525,-29.296875
4753,6,-0.176862,29.295731
4754,4,-0.21501,-19.532204
4755,2,-0.243593,-19.531059
4756,5,-0.205419,29.297161
4757,5,-0.205419,0.0
4758,3,-0.243848,-18.906451
4759,5,-0.22409,20.232062
4760,6,-0.138446,9.456891
4761,2,-0.235104,-40.382422
4762,8,-0.177888,58.589745
4763,7,-0.216036,-9.765053
4764,0,-0.254192,-68.366719
4765,4,-0.19697,39.062881
4766,4,-0.225581,0.0
4767,5,-0.19697,9.76572
4768,9,-0.158824,39.061737
4769,-4,-0.31066,-126.18419
4770,10,-0.138261,137.473242
4771,2,-0.205065,-78.173095
4772,5,-0.195895,28.920959
4773,12,-0.185481,69.256874
4774,-4,-0.233175,-156.263734
4775,-7,-0.328415,-29.169543
4776,15,-0.093753,201.229328
4777,2,-0.24642,-136.798906
4778,13,-0.179666,107.414532
4779,-1,-0.284581,-136.730767
4780,6,-0.217823,68.36071
4781,3,-0.218157,-29.297161
4782,5,-0.228039,19.530487
4783,10,-0.17082,48.826695
4784,-2,-0.285264,-117.190933
4785,3,-0.257735,47.720852
4786,4,-0.209822,9.9984
4787,4,-0.228896,0.0
4788,11,-0.219189,68.356705
4789,-1,-0.298045,-117.185211
4790,6,-0.111267,68.361378
4791,2,-0.149416,-39.064407
4792,6,0.069341,39.062119
4793,9,-0.064701,29.294586
4794,0,-0.064696,-87.886334
4795,4,-0.102739,38.783742
4796,6,0.012319,19.674389
4797,3,-0.025829,-29.298592
4798,4,-0.035394,9.738047
4799,4,-0.035394,0.0
4800,6,-0.034948,20.081733
4801,3,-0.063557,-29.295445
4802,0,-0.090476,-27.564915
4803,15,0.100865,147.100646
4804,-2,-0.099971,-176.359524
4805,11,-0.008327,123.137545
4806,-2,-0.145477,-130.675593
4807,3,-0.002346,48.952418
4808,5,-0.037819,19.467941
4809,6,-0.038297,9.797678
4810,5,-0.029323,-9.764862
4811,4,-0.127383,-9.766102
4812,8,-0.004837,37.599639
4813,-3,-0.104431,-111.750005
4814,10,-0.004372,121.991273
4815,4,-0.083043,-61.027707
4816,5,-0.092569,9.775171
4817,5,-0.00673,0.0
4818,10,-0.015776,48.829556
4819,0,-0.111146,-97.659111
4820,2,-0.073,19.530487
4821,4,-0.09207,19.532776
4822,6,-0.044387,19.529534
4823,6,-0.025361,0.0
4824,-10,-0.210154,-159.905656
4825,16,0.018698,253.90873
4826,6,-0.067131,-97.654343
4827,4,-0.030941,-19.531822
4828,14,-0.004798,97.646714
4829,-5,-0.157398,-185.55956
4830,4,-0.071651,87.804878
4831,7,-0.062087,29.326087
4832,4,-0.081046,-29.179757
4833,10,-0.051734,58.827567
4834,-12,-0.222746,-214.845848
4835,14,0.034751,253.911209
4836,3,-0.051084,-107.42712
4837,5,-0.051085,19.530296
4838,6,-0.089239,9.759335
4839,3,-0.042283,-29.318062
4840,3,-0.089882,0.0
4841,8,-0.051843,48.827648
4842,5,-0.109061,-29.295158
4843,6,-0.042675,9.536889
4844,2,-0.158013,-40.027619
4845,4,-0.016302,19.201782
4846,5,-0.045164,9.936012
4847,5,-0.064251,0.0
4848,4,-0.102397,-9.764862
4849,5,-0.035642,9.766006
4850,4,-0.083329,-9.765816
4851,3,-0.111649,-9.470504
4852,7,-0.063962,0.000407
4853,1,-0.159335,-58.598328
4854,4,-0.111651,29.298019
4855,6,-0.092579,19.529915
4856,3,-0.102115,-29.297733
4857,4,-0.121189,9.765339
4858,8,-0.11165,39.063263
4859,3,-0.121285,-48.831463
4860,6,-0.092675,29.296589
4861,4,-0.130822,-19.53125
4862,-8,-0.207104,-117.178345
4863,14,-0.025897,214.852143
4864,3,-0.102193,-107.421875
4865,6,-0.130801,29.296875
4866,7,-0.006817,9.765339
4867,2,-0.273575,-48.830509
4868,4,-0.034874,19.532013
4869,9,-0.06349,48.824311
4870,-1,-0.196349,-97.35392
4871,7,-0.071674,78.369906
4872,6,-0.081211,-9.765053
4873,2,-0.195301,-39.067078
4874,7,-0.033128,48.32879
4875,3,-0.128898,-39.46914
4876,7,-0.081215,39.062119
4877,2,-0.128052,-47.961171
4878,4,-0.118163,19.89258
4879,8,-0.041872,39.05983
4880,3,-0.14662,-48.829556
4881,2,-0.146594,-9.765625
4882,3,-0.175202,9.765148
4883,-11,-0.212708,-136.068968
4884,27,0.094206,372.874371
4885,-2,-0.163299,-283.216954
4886,6,-0.067933,78.123474
4887,3,-0.134497,-29.100503
4888,5,-0.086681,19.66433
4889,6,-0.08668,9.765911
4890,4,-0.134359,-19.528008
4891,6,-0.10594,19.334693
4892,1,-0.115973,-49.338859
4893,6,-0.097168,48.505544
4894,5,-0.135423,-9.830715
4895,3,-0.087737,-19.532967
4896,5,-0.087738,19.530106
4897,6,-0.09733,9.709963
4898,2,-0.135699,-39.290415
4899,4,-0.097562,19.519813
4900,9,-0.068929,48.851979
4901,-8,-0.250134,-166.023732
4902,12,-0.012736,185.25723
4903,3,-0.142152,-92.940642
4904,6,-0.142152,29.294872
4905,8,-0.046781,19.530869
4906,3,-0.139128,-48.829079
4907,4,-0.12961,9.746399
4908,9,-0.081834,48.9232
4909,2,-0.158047,-68.366051
4910,16,0.071626,136.697391
4911,-11,-0.34815,-263.700202
4912,5,-0.100199,156.245422
4913,4,-0.138347,-9.766102
4914,4,-0.119273,0.0
4915,6,-0.1002,19.531059
4916,3,-0.157267,-29.297733
4917,4,-0.080908,9.461275
4918,8,-0.079641,40.360419
4919,2,-0.155935,-58.59375
4920,3,-0.136861,9.765816
4921,4,-0.079638,9.76553
4922,5,-0.174147,9.764862
4923,6,-0.126145,9.766674
4924,5,-0.068919,-9.764957
4925,6,-0.107066,9.765625
4926,1,-0.145218,-48.833371
4927,6,-0.107113,48.766215
4928,3,-0.116621,-29.305461
4929,6,-0.135038,29.32322
4930,4,-0.105797,-19.532776
4931,1,-0.134408,-29.297161
4932,0,-0.143944,-9.765244
4933,11,-0.096389,107.422924
4934,4,-0.07809,-68.359375
4935,6,-0.097094,19.531631
4936,2,-0.144882,-39.060593
4937,0,-0.154419,-19.532204
4938,11,-0.039981,107.419777
4939,9,-0.058991,-19.466804
4940,-2,-0.202388,-107.776569
4941,9,-0.069598,106.67908
4942,-4,-0.203992,-127.8546
4943,11,0.005823,146.484375
4944,5,-0.125364,-58.590889
4945,5,-0.105754,0.0
4946,3,-0.115252,-19.531441
4947,5,-0.115755,19.015926
4948,7,-0.077204,20.07367
4949,1,-0.124825,-58.595467
4950,4,-0.105554,29.297447
4951,6,-0.115837,19.396573
4952,-4,-0.183326,-98.34679
4953,10,0.074422,136.717415
4954,7,-0.221204,-29.2943
4955,4,-0.078097,-29.246607
4956,5,-0.125763,9.783396
4957,2,-0.144854,-29.296017
4958,8,-0.078087,58.590889
4959,2,-0.135311,-58.597183
4960,5,-0.106701,29.296303
4961,4,-0.116232,-9.760002
4962,11,-0.001629,68.379408
4963,-2,-0.163799,-126.997773
4964,-1,-0.192424,9.748299
4965,9,-0.039665,97.828214
4966,4,-0.096491,-48.826695
4967,6,-0.087384,19.415779
4968,4,-0.125854,-19.647716
4969,3,-0.097245,-9.76572
4970,11,-0.087711,78.121948
4971,0,-0.154513,-107.432366
4972,4,-0.098554,37.753301
4973,4,-0.10784,0.0
4974,6,-0.10837,19.531631
4975,3,-0.108368,-29.295731
4976,4,-0.108368,9.766293
4977,5,-0.117906,9.765339
4978,6,-0.070221,9.76553
4979,3,-0.127442,-29.296875
4980,7,-0.14841,37.115047
4981,0,-0.094873,-72.147098
4982,5,-0.094871,48.829079
4983,5,-0.113945,0.0
4984,5,-0.113945,0.0
4985,3,-0.123572,-19.531631
4986,7,-0.123939,39.058686
4987,8,-0.076879,9.124587
4988,-1,-0.15967,-94.542781
4989,-3,-0.197803,-19.517336
4990,13,-0.06412,156.359941
4991,4,-0.082971,-87.886334
4992,-3,-0.101417,-67.715941
4993,12,-0.1382,147.888157
4994,6,-0.080987,-58.595467
4995,2,-0.166731,-38.97268
4996,6,-0.109423,39.153501
4997,7,-0.099987,9.662303
4998,0,-0.148237,-68.939707
4999,4,-0.157684,39.153501
5000,5,-0.090933,9.765816
5001,4,-0.148092,-9.76553
5002,6,-0.109919,19.530106
5003,7,-0.07177,9.765434
5004,2,-0.156476,-48.088945
5005,5,-0.098501,29.755411
5006,5,-0.108038,0.0
5007,5,-0.127112,0.0
5008,2,-0.127114,-29.298306
5009,4,-0.136648,19.532013
5010,4,-0.117574,0.0
5011,6,-0.079427,19.531059
5012,3,-0.136648,-29.296875
5013,6,-0.108038,29.297161
5014,3,-0.118185,-29.297733
5015,4,-0.128407,9.76553
5016,-1,-0.18517,-48.668905
5017,12,-0.021345,127.374805
5018,4,-0.154854,-78.124237
5019,8,-0.107171,39.0625
5020,-2,-0.135778,-97.660065
5021,6,-0.098669,77.062382
5022,3,-0.127678,-29.705323
5023,6,-0.108605,29.297161
5024,3,-0.175341,-29.276004
5025,7,-0.01394,39.090367
5026,1,-0.205415,-58.597756
5027,8,-0.062322,68.354035
5028,-7,-0.233628,-146.49582
5029,17,-0.072389,234.365845
5030,2,-0.06233,-145.964093
5031,4,-0.014702,19.601886
5032,3,-0.220751,-9.765339
5033,5,-0.068085,19.53125
5034,7,-0.15391,19.529915
5035,5,-0.039458,-19.532204
5036,7,-0.087155,19.519051
5037,0,-0.125349,-68.407474
5038,5,-0.096739,48.827648
5039,4,-0.153957,-9.765339
5040,5,-0.029977,9.765339
5041,5,-0.076579,0.0
5042,3,-0.105476,-19.592476
5043,7,-0.067329,39.063263
5044,3,-0.17223,-39.062119
5045,2,-0.067328,-9.766006
5046,9,-0.067335,68.354702
5047,1,-0.105484,-78.129578
5048,3,-0.124557,19.531822
5049,5,-0.1341,19.521908
5050,6,-0.038733,9.770109
5051,10,-0.038461,39.061737
5052,0,-0.153043,-97.657204
5053,6,-0.067212,58.592606
5054,3,-0.105332,-29.297447
5055,4,-0.095795,9.765911
5056,8,-0.077263,39.058686
5057,0,-0.124953,-78.129578
5058,2,-0.07896,19.531441
5059,8,-0.165394,58.592033
5060,3,-0.040853,-48.829079
5061,4,-0.151645,9.686356
5062,5,-0.014416,9.846978
5063,6,-0.052685,9.764862
5064,3,-0.100308,-29.298306
5065,5,-0.090803,19.530869
5066,9,-0.043123,39.059448
5067,-7,-0.184501,-154.537113
5068,13,-0.033828,191.888858
5069,3,-0.022913,-100.573268
5070,5,-0.122971,19.532013
5071,12,0.003377,68.353367
5072,-1,-0.130154,-126.960564
5073,2,-0.101541,29.299164
5074,6,-0.11111,39.030864
5075,7,-0.006196,9.773165
5076,-2,-0.111104,-87.895775
5077,6,-0.053886,78.124237
5078,2,-0.111103,-39.060593
5079,7,-0.063417,48.830032
5080,4,0.06413,-29.296875
5081,5,-0.174291,9.765339
5082,6,-0.069525,9.626492
5083,5,-0.060128,-9.909133
5084,5,-0.155486,0.0
5085,5,0.025725,0.0
5086,3,-0.079096,-19.531822
5087,3,-0.107735,0.0
5088,5,-0.060166,19.531059
5089,5,-0.117615,0.0
5090,3,0.073123,-19.530487
5091,7,-0.13669,39.0625
5092,2,-0.079465,-48.828602
5093,4,-0.079464,19.53125
5094,6,-0.06992,19.532204
5095,5,-0.050826,-9.765148
5096,2,-0.079438,-29.298878
5097,4,-0.108048,19.530869
5098,8,-0.041295,39.059448
5099,10,-0.031535,19.531059
5100,-5,-0.135518,-146.505836
5101,9,-0.02077,136.704065
5102,-1,-0.125848,-97.66388
5103,7,-0.049557,78.121948
5104,4,-0.068631,-29.296875
5105,6,-0.059095,19.53125
5106,1,-0.097246,-48.832417
5107,8,-0.021596,67.994832
5108,-2,-0.117475,-98.179747
5109,8,0.035121,97.660065
5110,3,-0.041172,-48.826695
5111,9,-0.003024,58.59375
5112,0,-0.060248,-87.894917
5113,8,0.006504,78.11966
5114,9,-0.022557,9.30423
5115,0,-0.062718,-89.955922
5116,11,0.007814,101.520969
5117,-3,-0.114588,-144.870548
5118,-1,0.018272,18.870595
5119,10,-0.079527,114.705208
5120,4,-0.031843,-58.593178
5121,8,-0.022305,39.064026
5122,0,-0.108137,-78.126526
5123,4,-0.022303,39.063644
5124,9,0.006304,48.825264
5125,0,-0.127207,-87.890625
5126,6,0.025087,58.594322
5127,5,-0.060983,-9.76572
5128,5,-0.051447,0.0
5129,3,-0.032369,-19.530869
5130,3,-0.079565,0.0
5131,13,0.054344,97.653389
5132,-2,-0.126862,-146.492959
5133,3,-0.032348,48.82145
5134,10,0.012348,65.66173
5135,0,-0.125268,-101.858925
5136,5,-0.029898,48.828602
5137,6,-0.010825,9.76553
5138,3,-0.04876,-29.080193
5139,4,0.093728,9.838549
5140,4,-0.270407,0.0
5141,0,-0.032814,-39.921753
5142,8,-0.032586,78.357624
5143,6,-0.023239,-19.529915
5144,7,-0.032906,9.765148
5145,1,-0.099669,-58.5989
5146,4,-0.051987,29.298019
5147,11,-0.004117,68.353367
5148,-3,-0.089459,-136.728097
5149,8,-0.031923,107.421875
5150,3,-0.070005,-48.826218
5151,7,-0.012782,39.063263
5152,1,-0.089075,-58.594322
5153,5,-0.060409,39.064026
5154,8,0.00657,29.296303
5155,-9,-0.174615,-166.014004
5156,14,-0.002977,224.609375
5157,3,0.054253,-107.419777
5158,6,-0.098051,29.298019
5159,3,-0.035852,-29.249744
5160,7,-0.026251,39.126692
5161,3,-0.08347,-39.061737
5162,3,-0.035786,0.0
5163,13,0.048087,95.632465
5164,-1,-0.136087,-139.671771
5165,3,-0.031177,39.062119
5166,5,-0.145596,19.532394
5167,4,0.102387,-9.765434
5168,4,-0.050196,0.0
5169,5,-0.031122,9.76572
5170,6,-0.021586,9.765434
5171,2,-0.078806,-39.0625
5172,4,-0.031122,19.530869
5173,9,0.00732,48.825741
5174,0,-0.117933,-87.89835
5175,4,-0.02259,39.037339
5176,6,-0.013041,19.544229
5177,3,-0.051186,-29.295158
5178,4,-0.051185,9.765911
5179,12,0.015569,78.121948
5180,0,-0.089342,-117.193222
5181,5,-0.051194,48.829079
5182,6,0.006031,9.76553
5183,3,-0.070202,-29.296589
5184,3,-0.041583,0.0
5185,5,-0.051146,19.531059
5186,4,-0.041608,-9.765816
5187,4,-0.012997,0.0
5188,5,0.006076,9.76553
5189,6,-0.089292,9.765816
5190,2,-0.060683,-39.062881
5191,6,-0.041611,39.060974
5192,4,-0.02254,-19.532204
5193,5,0.006071,9.765339
5194,-1,-0.156051,-58.592606
5195,12,-0.022452,117.338051
5196,3,-0.010698,-95.739588
5197,4,-0.10534,9.765625
5198,5,0.029055,9.765339
5199,6,-0.104459,9.766006
5200,2,-0.085388,-39.061737
5201,6,-0.047294,39.008026
5202,6,-0.02822,0.0
5203,0,-0.104016,-58.5989
5204,5,-0.075936,48.827171
5205,4,-0.028251,-9.765339
5206,4,-0.056861,0.0
5207,5,-0.066267,9.765816
5208,3,0.010702,-19.531441
5209,7,-0.084667,39.060211
5210,4,-0.084669,-29.296303
5211,8,-0.017961,39.0625
5212,6,-0.046588,-19.531441
5213,0,-0.075201,-58.595467
5214,4,-0.09427,39.064026
5215,5,-0.02751,9.765148
5216,8,-0.02751,29.296875
5217,0,-0.092298,-76.103501
5218,6,-0.100294,60.191409
5219,1,-0.023961,-48.832417
5220,4,-0.004871,29.296875
5221,7,-0.071798,29.294872
5222,4,-0.052727,-29.298306
5223,2,-0.090379,-19.140221
5224,6,-0.033541,38.55496
5225,5,-0.03381,-10.041471
5226,5,-0.110101,0.0
5227,6,0.00435,9.765625
5228,0,-0.089739,-58.594322
5229,7,-0.023105,68.233436
5230,4,-0.070842,-29.351335
5231,7,-0.013622,29.298306
5232,4,-0.051768,-29.296017
5233,-10,-0.194818,-136.717415
5234,16,0.040329,250.556525
5235,4,-0.047054,-118.777777
5236,6,-0.064226,19.531441
5237,7,0.015767,9.765244
5238,0,-0.098678,-68.362045
5239,6,-0.041454,58.596611
5240,4,-0.060528,-19.531059
5241,7,-0.012844,29.296875
5242,2,-0.098667,-48.824787
5243,7,-0.059893,48.829556
5244,2,-0.01525,-48.828602
5245,4,0.022884,19.531631
5246,5,-0.120275,9.76572
5247,4,-0.043842,-9.619547
5248,8,0.060925,39.566353
5249,3,-0.131127,-48.773826
5250,5,-0.054764,19.600349
5251,6,-0.007168,9.76553
5252,0,-0.10263,-58.5989
5253,4,-0.073918,39.063263
5254,5,0.002943,9.765434
5255,5,-0.035293,0.0
5256,3,-0.064107,-19.739439
5257,5,-0.035497,19.530869
5258,5,-0.054569,0.0
5259,9,-0.025958,39.063644
5260,3,-0.036214,-58.590889
5261,5,-0.046198,19.531822
5262,2,-0.074809,-29.297733
5263,5,-0.046199,29.296875
5264,2,-0.046196,-29.295445
5265,6,-0.027123,39.062881
5266,5,-0.03666,-9.765911
5267,5,-0.055733,0.0
5268,3,-0.046197,-19.532013
5269,0,-0.103393,-29.271434
5270,11,0.030209,107.510067
5271,4,-0.046085,-68.359375
5272,3,-0.008094,-9.765816
5273,4,-0.122949,9.763718
5274,4,-0.046655,0.0
5275,10,-0.027584,58.591461
5276,0,-0.027586,-97.661972
5277,7,-0.036087,68.357372
5278,3,-0.045226,-39.063644
5279,3,-0.073836,0.0
5280,9,0.011974,58.59375
5281,2,-0.092956,-68.357372
5282,-4,-0.092957,-58.5989
5283,11,-0.016666,146.475792
5284,4,0.059637,-68.361378
5285,4,-0.169236,0.0
5286,8,0.011454,39.0625
5287,1,-0.073618,-67.512176
5288,4,-0.035106,29.671243
5289,7,-0.02557,29.295445
5290,5,-0.063716,-19.530869
5291,5,-0.044641,0.0
5292,2,-0.092314,-29.297447
5293,6,0.012635,39.060211
5294,3,-0.063661,-29.29945
5295,4,-0.044587,9.765625
5296,4,-0.054124,0.0
5297,6,-0.035159,19.420493
5298,3,-0.0448,-29.465207
5299,5,-0.063873,19.532013
5300,8,0.002883,29.296875
5301,0,-0.063876,-78.128052
5302,4,-0.092484,39.060593
5303,5,-0.006769,9.642365
5304,4,-0.035503,-9.891882
5305,4,-0.054568,0.0
5306,5,-0.054439,9.902265
5307,7,-0.073564,19.476852
5308,5,0.002677,-19.586337
5309,4,-0.064022,-9.706853
5310,5,-0.025816,9.82521
5311,3,-0.054415,-19.51867
5312,3,-0.092558,0.0
5313,5,0.002814,19.531059
5314,4,-0.025796,-9.765434
5315,8,-0.044868,39.062881
5316,3,-0.044864,-48.825264
5317,2,-0.063623,-9.522812
5318,4,-0.053666,20.043093
5319,6,-0.044129,19.530869
5320,5,-0.025054,-9.76572
5321,-4,-0.129959,-87.891483
5322,10,-0.034588,136.71875
5323,9,0.10679,-9.765625
5324,2,-0.147361,-68.362045
5325,5,-0.020535,29.296875
5326,5,-0.039609,0.0
5327,3,-0.125434,-19.531631
5328,6,0.027161,29.296875
5329,6,-0.001451,0.0
5330,1,-0.087254,-48.830509
5331,3,-0.077724,19.531059
5332,6,0.036722,29.297447
5333,3,-0.068028,-29.13951
5334,5,-0.010706,19.637106
5335,5,-0.058391,0.0
5336,5,-0.029781,0.0
5337,2,-0.067929,-29.298592
5338,6,-0.039185,39.060211
5339,9,-0.000898,29.296875
5340,2,-0.067654,-68.35804
5341,3,-0.058117,9.766388
5342,4,-0.029506,9.765625
5343,4,-0.029506,0.0
5344,6,-0.029506,19.53125
5345,9,-0.000896,29.296303
5346,-1,-0.077189,-97.654343
5347,5,-0.058115,58.594322
5348,5,-0.010431,0.0
5349,4,-0.039043,-9.767533
5350,6,-0.039045,19.529724
5351,0,-0.086736,-58.600617
5352,6,-0.000906,58.591461
5353,3,-0.048588,-29.295731
5354,7,-0.048583,39.064407
5355,13,-0.01044,58.589745
5356,-4,-0.029508,-166.031839
5357,4,-0.087099,77.731031
5358,6,0.027446,19.63036
5359,4,-0.067918,-19.53125
5360,2,-0.058381,-19.530869
5361,5,-0.049149,28.984947
5362,6,0.008179,9.871766
5363,3,-0.086833,-29.297161
5364,4,0.018583,9.76572
5365,11,-0.010032,68.35804
5366,-3,-0.095867,-136.72142
5367,7,-0.058287,97.075126
5368,6,0.017953,-9.824534
5369,1,-0.106021,-48.829556
5370,2,-0.105571,9.765148
5371,11,0.068048,87.829727
5372,2,-0.11699,-87.957624
5373,3,0.034023,9.765911
5374,5,0.034667,19.530869
5375,12,-0.010596,68.35537
5376,-4,-0.105973,-156.259156
5377,6,-0.048752,97.658157
5378,7,0.03708,9.765339
5379,0,-0.067829,-68.362713
5380,9,-0.029688,87.881185
5381,1,-0.020157,-78.131104
5382,3,-0.058305,19.531441
5383,6,-0.020158,29.296875
5384,4,-0.039231,-19.531059
5385,8,0.017987,39.060211
5386,1,-0.048772,-68.361378
5387,9,-0.067839,78.129578
5388,2,0.009043,-67.765763
5389,-3,-0.086737,-49.257687
5390,15,0.0208,175.779533
5391,-1,-0.032322,-156.256104
5392,4,-0.032321,48.830032
5393,4,-0.041858,0.0
5394,0,-0.051673,-39.130903
5395,15,0.081769,146.482945
5396,-2,-0.080357,-166.017246
5397,6,0.034846,78.045735
5398,5,-0.051222,-9.77584
5399,-12,-0.194281,-166.02211
5400,25,0.149025,361.310483
5401,-1,-0.041705,-253.90625
5402,3,-0.03217,39.061737
5403,6,-0.070309,29.298878
5404,-2,-0.013077,-78.121948
5405,15,0.044134,166.005898
5406,1,-0.041703,-136.724091
5407,6,-0.032168,48.827648
5408,0,-0.03217,-58.596611
5409,-2,-0.089392,-19.531059
5410,18,0.072724,195.302964
5411,-3,0.034554,-205.100157
5412,9,-0.070599,116.932851
5413,0,-0.051714,-88.081583
5414,2,-0.061252,19.531441
5415,12,0.062675,97.651482
5416,-2,-0.109054,-136.724091
5417,7,0.014925,87.892342
5418,3,-0.023221,-39.061356
5419,2,-0.126149,-9.766006
5420,15,0.134219,126.945687
5421,-2,-0.066055,-166.018868
5422,4,-0.027907,58.596611
5423,5,-0.008833,9.76572
5424,0,-0.056517,-48.828602
5425,14,0.067447,136.7054
5426,-1,-0.085159,-146.502974
5427,7,0.029275,78.117371
5428,1,-0.047022,-58.597183
5429,-2,-0.123315,-29.298306
5430,17,0.143711,185.536004
5431,-2,-0.07561,-185.546875
5432,4,-0.037474,58.595467
5433,7,0.019745,29.297447
5434,-5,-0.104233,-117.1875
5435,24,0.096018,283.178236
5436,-5,-0.066112,-283.214188
5437,7,0.000647,117.190933
5438,1,-0.066112,-58.596039
5439,-2,-0.066113,-29.297733
5440,19,0.134135,205.054095
5441,-4,-0.103353,-223.657085
5442,4,-0.019444,76.157112
5443,5,-0.009706,9.97178
5444,-1,-0.077014,-59.157596
5445,15,0.066033,156.245422
5446,4,-0.000627,-107.322308
5447,-1,-0.086502,-48.875378
5448,-4,-0.096009,-29.267151
5449,7,-0.000537,107.528984
5450,16,0.142512,87.888908
5451,5,-0.076983,-107.423973
5452,1,-0.021635,-39.063263
5453,5,0.006976,39.062881
5454,3,-0.021356,-19.246129
5455,11,0.046541,79.291923
5456,2,-0.001147,-87.894058
5457,-6,-0.114934,-77.509616
5458,10,0.038892,157.517524
5459,-3,-0.027855,-126.948166
5460,18,0.124724,205.068112
5461,-1,-0.046954,-185.563184
5462,3,-0.008809,39.05983
5463,6,0.010265,29.298306
5464,3,0.000769,-29.255164
5465,10,0.029476,68.455641
5466,1,-0.027747,-87.892342
5467,7,-0.008967,58.293176
5468,1,-0.04741,-58.89744
5469,4,0.035932,26.74655
5470,8,0.039273,42.485396
5471,-2,-0.067069,-99.128659
5472,6,-0.019453,78.055634
5473,3,0.026233,-29.321214
5474,4,-0.02312,9.653907
5475,13,0.1114,88.916113
5476,-2,-0.060263,-146.485806
5477,1,-0.060259,29.298592
5478,8,0.035112,68.362045
5479,-2,-0.041564,-97.65625
5480,17,0.101962,185.525134
5481,-3,-0.078989,-195.335391
5482,5,-0.002694,78.125763
5483,8,0.016379,29.296303
5484,-4,-0.040846,-117.192078
5485,21,0.130904,244.104867
5486,-4,-0.078875,-244.164469
5487,-5,-0.117024,-9.766102
5488,12,0.061509,153.52105
5489,-1,0.06006,-138.200838
5490,16,-0.022517,165.997793
5491,-1,-0.068667,-166.035082
5492,5,-0.030524,58.589745
5493,2,-0.068671,-29.298019
5494,1,-0.011448,-9.765434
5495,16,0.074374,146.478653
5496,2,-0.039948,-136.59736
5497,-2,-0.106742,-39.099538
5498,4,-0.00227,58.15475
5499,2,-0.069173,-19.679422
5500,7,0.024775,47.373607
5501,7,0.005701,0.0
5502,2,-0.05152,-48.828125
5503,4,-0.023052,19.53125
5504,1,-0.090302,-29.297447
5505,10,0.043159,87.890625
5506,2,-0.052278,-78.127289
5507,5,-0.033205,29.296303
5508,3,0.004947,-19.53125
5509,6,-0.005214,28.658496
5510,5,-0.024505,-9.988613
5511,4,-0.034041,-9.765053
5512,3,-0.024301,-9.76572
5513,5,-0.0243,19.532013
5514,3,-0.043372,-19.529534
5515,11,-0.005223,78.128052
5516,0,-0.052914,-107.426071
5517,3,-0.043378,29.296303
5518,7,0.02338,39.0625
5519,0,-0.071989,-68.36071
5520,7,0.023377,68.359375
5521,7,-0.01477,0.0
5522,2,-0.053047,-48.962005
5523,4,-0.033973,19.532013
5524,7,0.01371,29.295445
5525,3,0.004147,-39.064407
5526,-6,-0.186674,-87.890625
5527,13,0.061272,185.537816
5528,5,-0.005492,-78.131867
5529,4,-0.024468,-9.668001
5530,8,0.014067,39.459795
5531,5,-0.071761,-29.296303
5532,-3,-0.049278,-74.639398
5533,14,0.054026,174.141075
5534,1,-0.031806,-126.955605
5535,3,-0.012731,19.532013
5536,4,-0.060415,9.765816
5537,4,0.00634,0.0
5538,4,0.063566,0.0
5539,6,-0.060404,19.531059
5540,5,-0.003181,-9.765244
5541,3,-0.022256,-19.532585
5542,5,-0.04133,19.530487
5543,5,0.0246,0.0
5544,4,-0.013913,-9.765816
5545,4,-0.042522,0.0
5546,7,0.005162,29.297447
5547,4,-0.023447,-29.296303
5548,3,-0.004373,-9.765816
5549,4,-0.032981,9.765816
5550,6,0.014705,19.531631
5551,2,-0.03298,-39.064407
5552,5,-0.004372,29.294872
5553,6,-0.0138,9.765911
5554,5,0.005438,-9.76572
5555,2,-0.042246,-29.295731
5556,4,-0.051781,19.532585
5557,6,0.04359,19.531631
5558,3,-0.023165,-29.296017
5559,4,-0.023045,9.765625
5560,6,0.005689,19.531441
5561,3,-0.022922,-29.297733
5562,5,-0.013519,19.531059
5563,12,0.034213,68.354702
5564,1,-0.051564,-107.422924
5565,-4,-0.089771,-48.830032
5566,10,0.034149,136.71875
5567,5,0.005525,-48.829556
5568,3,-0.013548,-19.530678
5569,6,-0.004012,29.296017
5570,5,-0.004012,-9.765816
5571,2,-0.070772,-29.298592
5572,8,0.034129,58.592606
5573,6,0.024355,-19.530678
5574,-1,-0.061976,-68.360043
5575,5,-0.023826,58.596611
5576,4,-0.023826,-9.76553
5577,4,0.062006,0.0
5578,4,-0.071508,0.0
5579,9,-0.014287,48.829079
5580,0,-0.033359,-87.891483
5581,6,-0.004746,58.596039
5582,5,-0.014281,-9.763527
5583,4,-0.004724,-9.745639
5584,3,-0.042893,-9.787992
5585,4,-0.033357,9.765339
5586,4,0.014329,0.0
5587,5,0.00454,9.506697
5588,3,-0.043679,-20.079112
5589,8,0.030576,46.898156
5590,1,-0.058224,-71.293986
5591,5,-0.020077,39.062119
5592,7,-0.001003,19.531631
5593,3,-0.010537,-39.060974
5594,5,-0.029609,19.530678
5595,4,-0.067756,-9.76572
5596,5,0.008537,9.766006
5597,4,-0.010537,-9.765625
5598,3,-0.029611,-9.766293
5599,7,0.008532,39.058686
5600,2,-0.058228,-48.830986
5601,5,-0.058226,29.297733
5602,7,0.056212,19.531059
5603,3,-0.039154,-39.060593
5604,-9,-0.153597,-117.189789
5605,15,0.084833,234.384156
5606,5,-0.029609,-97.658157
5607,5,0.027618,0.0
5608,4,-0.039137,-9.765911
5609,6,0.008546,19.531059
5610,4,-0.048677,-19.531822
5611,13,-0.020069,87.884617
5612,-4,-0.020067,-166.030217
5613,7,0.007452,105.910785
5614,-5,-0.127812,-118.880149
5615,12,0.051841,164.433912
5616,2,-0.025387,-98.612522
5617,7,-0.006013,48.823834
5618,2,-0.063342,-48.832894
5619,5,-0.006121,29.296589
5620,6,-0.006122,9.765434
5621,3,-0.101488,-29.296875
5622,5,0.051102,19.530487
5623,8,-0.015087,29.297447
5624,0,-0.078393,-74.649846
5625,5,0.019302,51.210619
5626,2,-0.018585,-29.03179
5627,10,-0.027357,78.847253
5628,5,0.010856,-48.827648
5629,1,-0.036831,-39.064789
5630,5,-0.017758,39.061356
5631,7,-0.065438,19.53125
5632,4,0.058549,-29.297161
5633,2,-0.055894,-19.530678
5634,7,-0.018225,48.337668
5635,2,0.000361,-49.330584
5636,4,-0.066386,19.532204
5637,4,0.009914,0.0
5638,6,0.009913,19.530869
5639,4,-0.03777,-19.531059
5640,3,-0.028234,-9.765911
5641,6,-0.03777,29.295158
5642,-6,-0.085453,-117.188644
5643,17,0.057596,224.611568
5644,6,0.018868,-107.422924
5645,1,0.019286,-48.829079
5646,6,-0.104773,48.74292
5647,3,0.01916,-29.349325
5648,3,-0.028526,0.0
5649,7,0.00949,38.927925
5650,3,0.009424,-39.198009
5651,3,-0.133626,0.0
5652,13,0.123865,97.653389
5653,-13,-0.200316,-253.916169
5654,15,0.07528,272.434494
5655,2,0.112972,-127.424746
5656,5,-0.21126,29.296875
5657,5,0.036696,0.0
5658,4,-0.010987,-9.765434
5659,8,-0.001451,39.064026
5660,5,0.046232,-29.295158
5661,4,-0.125421,-9.765911
5662,2,-0.010976,-19.532394
5663,4,-0.039586,19.530487
5664,4,0.017637,0.0
5665,4,0.03671,0.0
5666,5,-0.144478,9.765816
5667,6,0.065352,9.765434
5668,2,-0.086991,-39.065934
5669,5,0.027635,29.295731
5670,6,0.018098,9.765244
5671,4,-0.096338,-19.530869
5672,0,2.9e-05,-38.044512
5673,6,-0.027003,60.211342
5674,5,0.001606,-9.764957
5675,7,0.030217,19.53125
5676,2,-0.141439,-48.830509
5677,7,0.06832,48.775253
5678,1,-0.046087,-58.55658
5679,5,-0.01741,39.13052
5680,7,0.049347,19.530487
5681,3,-0.122304,-39.064407
5682,3,0.020766,0.0
5683,4,-0.045985,9.765053
5684,5,0.020776,9.76572
5685,11,0.106607,58.592606
5686,-8,-0.252153,-181.833842
5687,9,0.094556,169.483077
5688,6,0.008725,-29.296017
5689,3,-0.048497,-29.297733
5690,5,0.085018,19.532204
5691,12,-0.125018,68.101335
5692,-10,-0.059042,-215.654561
5693,13,0.045855,224.604988
5694,3,0.007706,-97.660065
5695,7,0.074466,39.063644
5696,4,-0.154392,-29.296017
5697,5,0.073559,9.765148
5698,3,-0.019887,-19.531822
5699,6,-0.001014,29.297733
5700,7,0.066223,9.692458
5701,7,-0.086361,0.0
5702,3,-0.018905,-38.2475
5703,3,0.028825,0.0
5704,1,0.039072,-18.77423
5705,1,-0.065937,0.0
5706,3,-0.132692,19.532013
5707,13,0.067576,97.650528
5708,-1,-0.027802,-136.730767
5709,6,0.000803,68.354035
5710,7,0.029135,9.765911
5711,0,-0.115059,-68.362045
5712,7,0.037533,68.360043
5713,6,0.103689,-9.76572
5714,10,-0.012174,38.87307
5715,-3,-0.009959,-124.679908
5716,5,-0.132124,79.97121
5717,6,0.058602,9.740323
5718,2,-0.017789,-39.165002
5719,7,0.00128,48.825264
5720,3,-0.008297,-39.061737
5721,3,-0.075148,0.0
5722,6,0.039294,29.296589
5723,10,0.020513,39.060974
5724,0,-0.017344,-97.662926
5725,3,-0.014855,29.295158
5726,6,-0.027733,29.298306
5727,6,0.069072,0.0
5728,3,-0.035765,-29.297447
5729,4,0.002406,9.765434
5730,8,0.031122,39.059448
5731,2,-0.112845,-58.505763
5732,3,0.03976,9.781482
5733,2,0.001611,-9.76553
5734,6,-0.027001,39.062881
5735,5,0.05883,-9.765148
5736,4,-0.131884,-9.766197
5737,6,0.077946,19.530487
5738,1,-0.046032,-48.827648
5739,14,0.04933,126.946926
5740,-1,0.020716,-146.492959
5741,3,-0.179519,39.064407
5742,11,0.130794,73.596379
5743,-2,0.008224,-135.27857
5744,4,-0.088674,54.298151
5745,5,0.056644,10.604454
5746,0,-0.153111,-48.79096
5747,8,0.085387,78.186847
5748,5,-0.00044,-29.297161
5749,8,0.05678,29.295445
5750,0,-0.00998,-78.128052
5751,-3,-0.181636,-29.296589
5752,13,0.104347,156.248474
5753,3,0.04716,-97.659111
5754,0,-0.038241,-29.295731
5755,12,0.095412,117.181778
5756,1,-0.055759,-107.426071
5757,4,-0.027149,29.296875
5758,8,0.058682,39.062881
5759,2,-0.017613,-58.594894
5760,3,0.020535,9.766102
5761,4,-0.055759,9.765816
5762,5,0.030074,9.765339
5763,4,-0.008073,-9.76553
5764,10,0.067377,57.728943
5765,0,-0.05672,-98.416479
5766,2,-0.027751,19.67497
5767,7,0.029468,48.827648
5768,5,0.019931,-19.53125
5769,3,-0.018216,-19.531059
5770,5,0.019929,19.531441
5771,7,-0.037294,19.53125
5772,3,0.029466,-39.063644
5773,4,0.010393,9.765625
5774,10,0.029183,58.303372
5775,0,0.000103,-98.138316
5776,3,-0.038042,29.298306
5777,4,-0.028505,9.76572
5778,6,0.038382,19.530678
5779,5,0.009771,-9.766102
5780,-4,-0.10453,-87.748377
5781,11,0.076372,146.178884
5782,5,0.104769,-58.811421
5783,3,-0.095313,-19.346102
5784,6,0.009874,29.579381
5785,3,-0.009296,-29.298306
5786,5,-0.028758,19.530678
5787,13,0.076143,78.122711
5788,0,0.025049,-126.959324
5789,2,-0.125971,19.496028
5790,2,-0.001991,0.0
5791,7,0.026621,48.830986
5792,4,-0.011363,-29.130456
5793,4,-0.011363,0.0
5794,6,0.00771,19.531059
5795,-1,-0.07812,-68.358707
5796,8,0.01725,87.8932
5797,7,0.026788,-9.765434
5798,4,-0.020893,-29.295158
5799,2,-0.039968,-19.532204
5800,2,-0.030431,0.0
5801,6,0.007715,39.060974
5802,4,-0.03997,-19.53125
5803,9,0.036169,48.669853
5804,4,-0.002135,-48.98887
5805,-1,-0.059356,-48.829079
5806,9,0.016936,97.655296
5807,5,0.016939,-39.061356
5808,6,-0.002132,9.76553
5809,2,-0.049817,-39.062881
5810,3,-0.030743,9.765625
5811,10,0.064148,67.872864
5812,-1,-0.060588,-108.197431
5813,4,-0.031976,48.830509
5814,4,-0.003367,0.0
5815,5,-0.003394,9.737193
5816,5,-0.022468,0.0
5817,3,-0.012931,-19.532013
5818,7,0.006141,39.060593
5819,1,-0.117837,-58.598328
5820,8,0.053827,68.361378
5821,5,0.072931,-29.268293
5822,3,-0.079676,-19.550533
5823,5,-0.012919,19.529724
5824,7,0.025191,19.494127
5825,1,-0.05892,-56.834328
5826,6,-0.000428,50.130339
5827,7,0.037718,9.763432
5828,0,-0.086741,-68.854265
5829,5,-0.020035,48.776681
5830,5,0.046723,0.0
5831,3,-0.029593,-19.551298
5832,5,-0.001115,19.396196
5833,4,-0.010712,-9.827237
5834,5,-0.001169,9.771923
5835,9,-0.010706,39.063644
5836,5,0.036981,-39.060593
5837,3,-0.039317,-19.532394
5838,2,-0.039319,-9.76572
5839,5,-0.001192,29.296017
5840,4,-0.00117,-9.76553
5841,4,-0.010707,0.0
5842,6,0.008398,19.562963
5843,4,-0.01996,-19.532013
5844,3,-0.009889,-9.766006
5845,6,-0.027078,29.296589
5846,5,0.033067,-9.705252
5847,1,-0.043465,-39.307404
5848,6,-0.014856,48.827648
5849,-13,-0.157912,-185.550499
5850,18,0.118651,302.731419
5851,9,0.042355,-87.8932
5852,3,-0.023981,-58.162078
5853,5,0.004771,19.676905
5854,3,-0.004766,-19.532394
5855,5,-0.023836,19.530678
5856,6,0.033386,9.765244
5857,4,-0.014299,-19.531631
5858,-6,-0.128737,-97.654343
5859,13,0.08955,184.466019
5860,6,0.13684,-68.764981
5861,2,-0.130198,-39.0625
5862,6,0.00332,39.064026
5863,4,-0.015753,-19.530487
5864,3,-0.015726,-9.738426
5865,8,0.013016,48.962485
5866,6,0.013016,-19.53125
5867,10,-0.034797,38.924137
5868,-4,-0.006663,-137.221269
5869,6,-0.014848,97.529576
5870,3,0.0726,-29.333829
5871,4,-0.078443,9.766102
5872,4,0.017859,0.0
5873,6,-0.010747,19.531441
5874,3,0.008329,-29.298306
5875,8,0.027404,48.828602
5876,9,0.027386,9.747824
5877,0,-0.029984,-88.044531
5878,4,-0.010908,39.064407
5879,5,-0.029996,9.751056
5880,4,0.033352,-9.780525
5881,5,-0.007121,9.765625
5882,4,0.011694,-9.765148
5883,8,-0.027158,39.062881
5884,2,-0.036696,-58.594322
5885,6,0.0396,39.061737
5886,4,-0.01762,-19.531631
5887,3,-0.046231,-9.765911
5888,4,-0.008083,9.765816
5889,5,0.020526,9.765244
5890,5,-0.026679,0.0
5891,3,0.002405,-19.549196
5892,2,-0.026054,-9.609194
5893,7,0.022416,49.633211
5894,4,-0.025269,-29.298592
5895,6,0.012878,19.531059
5896,10,0.060559,39.05983
5897,4,-0.025274,-58.598328
5898,4,0.089168,0.0
5899,9,-0.082494,48.830032
5900,0,-0.059197,-83.567011
5901,5,0.036088,48.742445
5902,6,-0.001437,10.317469
5903,3,-0.001386,-29.296875
5904,4,0.008151,9.765816
5905,3,-0.039401,-9.76572
5906,6,0.02749,29.298592
5907,12,0.083681,57.540158
5908,-4,-0.158695,-150.540062
5909,4,0.170105,82.774605
5910,4,-0.095945,0.0
5911,7,0.057103,29.296017
5912,9,0.047565,19.530487
5913,2,-0.018884,-68.044404
5914,8,0.048141,58.868547
5915,9,0.019529,9.765053
5916,-1,-0.047242,-97.668649
5917,4,0.009978,48.827171
5918,4,0.029052,0.0
5919,4,0.00998,0.0
5920,6,0.029053,19.531441
5921,3,0.000445,-29.295158
5922,10,0.057666,68.360043
5923,3,-0.018628,-68.358707
5924,4,0.02906,9.766006
5925,8,0.038595,39.059448
5926,2,-0.028164,-58.596039
5927,3,0.000446,9.765911
5928,4,0.047131,9.76105
5929,5,-0.002163,9.734444
5930,4,-0.002199,-9.802288
5931,9,0.026405,48.822404
5932,7,0.055178,-19.366896
5933,3,-0.030133,-38.583968
5934,7,0.066016,39.900249
5935,4,-0.000807,-29.296303
5936,2,-0.038954,-19.532204
5937,4,0.018268,19.531441
5938,5,0.027568,9.523537
5939,8,0.047382,30.053796
5940,3,-0.009847,-48.83671
5941,1,-0.086139,-19.530487
5942,9,0.167725,78.122711
5943,8,-0.007324,-9.766483
5944,2,-0.035934,-58.593178
5945,4,0.011044,18.808306
5946,-6,-0.107213,-101.563055
5947,17,-0.0644,111.941751
5948,2,0.003162,-146.471502
5949,4,-0.197181,19.453928
5950,5,-0.092172,9.869525
5951,8,-0.101709,29.298019
5952,13,-0.025417,48.826218
5953,0,-0.158928,-126.949406
5954,0,-0.139854,0.0
5955,-2,-0.18759,-19.58461
5956,10,-0.082612,117.189789
5957,10,-0.082612,0.0
5958,1,-0.1311,-87.899209
5959,6,-0.083478,48.765739
5960,2,-0.10334,-39.113301
5961,8,-0.046733,57.965414
5962,10,-0.046526,19.744116
5963,3,-0.208646,-68.360043
5964,1,-0.094195,-19.532776
5965,-3,-0.199094,-39.062881
5966,11,-0.075118,136.717415
5967,14,0.020251,29.295158
5968,-3,-0.208637,-166.020489
5969,7,-0.103731,97.658157
5970,2,-0.189344,-48.795245
5971,8,-0.010327,58.633832
5972,18,0.006934,97.646714
5973,-2,-0.193251,-195.249578
5974,2,-0.11684,39.080055
5975,-2,-0.202667,-39.061737
5976,12,-0.031004,136.72142
5977,9,-0.059612,-29.295158
5978,-4,-0.212207,-126.960564
5979,10,-0.11684,136.717415
5980,-5,-0.16452,-146.487236
5981,10,-0.050083,146.478653
5982,18,-0.002403,78.121948
5983,-4,-0.21223,-214.862634
5984,-6,-0.202665,-19.502682
5985,5,-0.107139,107.583671
5986,16,-0.040548,107.249062
5987,11,-0.031169,-48.902147
5988,0,-0.145627,-107.422924
5989,11,-0.031394,107.208296
5990,-10,-0.270231,-205.505593
5991,12,-0.050886,214.84375
5992,12,-0.041349,0.0
5993,-6,-0.232103,-175.801852
5994,6,-0.06998,117.186356
5995,7,-0.184436,9.744499
5996,2,-0.089165,-48.93565
5997,12,-0.03195,97.652435
5998,-3,-0.246875,-146.487236
5999,6,-0.028936,87.891483
6000,-2,-0.158258,-78.127289
6001,9,-0.063706,107.425022
6002,16,0.050689,68.35003
6003,-6,-0.2355,-214.871029
6004,3,-0.121061,87.888908
6005,2,-0.159206,-9.765434
6006,8,-0.02569,58.592606
6007,9,0.012457,9.765816
6008,0,-0.225962,-87.8932
6009,3,-0.101983,29.296017
6010,2,-0.08291,-9.76572
6011,13,-0.092445,107.418728
6012,9,-0.025684,-39.063263
6013,-4,-0.178274,-126.955605
6014,3,-0.149663,68.361378
6015,0,-0.121052,-29.297733
6016,10,-0.035227,97.651482
6017,9,-0.0543,-9.765148
6018,1,-0.140132,-78.127289
6019,3,-0.111521,19.532204
6020,-2,-0.21558,-48.826695
6021,14,0.03309,156.221014
6022,9,-0.033816,-48.836233
6023,-19,-0.34399,-268.791399
6024,17,0.024483,357.785309
6025,-1,-0.128097,-175.772667
6026,7,-0.070877,78.125
6027,15,-0.013663,78.118134
6028,-1,-0.127932,-156.074721
6029,1,-0.118371,19.555695
6030,0,-0.184844,-9.76553
6031,6,-0.032666,57.692308
6032,15,0.025909,89.279514
6033,-1,-0.136226,-156.260682
6034,10,-0.055487,102.207686
6035,-9,-0.236898,-195.531589
6036,12,0.049059,205.072117
6037,10,-0.112763,-19.526864
6038,0,-0.15072,-97.679144
6039,4,-0.09368,39.062119
6040,3,-0.131952,-9.611041
6041,8,-0.056583,47.87942
6042,9,-0.065765,10.128941
6043,-1,-0.237429,-97.661972
6044,2,-0.084836,29.296303
6045,0,-0.122949,-19.531631
6046,9,-0.037114,87.894917
6047,12,-0.056192,29.295158
6048,-1,-0.151718,-126.949406
6049,2,-0.123748,28.641532
6050,1,-0.152582,-9.994803
6051,10,-0.001224,86.631757
6052,9,-0.096734,-9.909231
6053,-3,-0.200379,-115.897238
6054,-3,-0.17177,0.0
6055,12,-0.009653,146.475792
6056,3,-0.095301,-87.703912
6057,12,-0.047433,88.078135
6058,-2,-0.16188,-136.725426
6059,8,-0.114041,97.657204
6060,4,-0.104072,-38.780358
6061,4,-0.056387,0.0
6062,9,-0.104069,48.829079
6063,-1,-0.161289,-97.654343
6064,3,-0.132677,39.064407
6065,1,-0.113603,-19.532013
6066,10,-0.037313,87.887192
6067,12,-0.084523,19.529343
6068,-4,-0.131472,-156.272892
6069,4,-0.102865,78.124237
6070,5,-0.093329,9.764862
6071,4,-0.112375,-9.766197
6072,-4,-0.188673,-78.128815
6073,13,-0.009253,164.194097
6074,6,-0.114903,-69.125562
6075,2,-0.095825,-39.062119
6076,7,-0.114902,48.826695
6077,12,-0.038637,48.827171
6078,-2,-0.153061,-136.72142
6079,4,-0.114912,58.594894
6080,6,-0.114974,19.430304
6081,6,-0.059472,0.0
6082,5,-0.117964,-9.765434
6083,-2,-0.19426,-68.364048
6084,3,-0.079334,48.830509
6085,3,-0.126967,0.0
6086,4,-0.117484,9.710906
6087,7,-0.069617,29.464628
6088,4,-0.117158,-29.285721
6089,6,-0.08848,19.53831
6090,3,-0.126632,-29.294872
6091,8,-0.117705,48.204387
6092,2,-0.137537,-59.368909
6093,5,-0.089854,29.295445
6094,4,-0.089854,-9.76572
6095,5,-0.108926,9.765911
6096,5,-0.09939,0.0
6097,2,-0.127999,-29.296017
6098,4,-0.128064,19.496598
6099,9,-0.061219,48.916978
6100,2,-0.118437,-68.357372
6101,2,-0.147047,0.0
6102,5,-0.108959,29.297447
6103,4,-0.079981,-9.634375
6104,4,-0.127664,0.0
6105,6,0.07261,19.530678
6106,4,-0.2421,-19.531441
6107,8,-0.118119,39.0625
6108,3,-0.109004,-48.828125
6109,7,-0.09009,39.04496
6110,0,-0.137803,-68.390765
6111,-2,-0.175887,-19.467373
6112,11,-0.062606,125.765476
6113,2,-0.13047,-89.024294
6114,8,0.022115,58.592606
6115,5,-0.186598,-29.256305
6116,2,-0.147729,-28.9634
6117,6,-0.070935,39.574573
6118,4,-0.128158,-19.531631
6119,5,-0.099549,9.765148
6120,4,-0.099576,-9.766197
6121,-5,-0.233221,-87.889767
6122,13,-0.042492,175.774384
6123,9,-0.117935,-38.329229
6124,2,-0.049355,-66.994621
6125,7,-0.094953,50.836256
6126,1,-0.12353,-58.596611
6127,4,-0.104458,29.296303
6128,6,-0.085384,19.531631
6129,5,-0.113994,-9.765434
6130,3,-0.104456,-19.53125
6131,4,-0.142603,9.766293
6132,5,-0.142586,9.76553
6133,3,-0.075679,-19.531631
6134,4,-0.104291,9.765434
6135,7,-0.085205,29.294872
6136,2,-0.123341,-48.831463
6137,4,-0.114338,18.984879
6138,8,-0.065527,40.216768
6139,8,-0.103674,0.0
6140,0,-0.121744,-77.097287
6141,4,-0.120624,40.208279
6142,4,-0.10155,0.0
6143,4,-0.092013,0.0
6144,6,-0.082478,19.530296
6145,5,-0.101551,-9.765816
6146,2,-0.130161,-29.297161
6147,6,-0.072924,39.061737
6148,5,-0.073077,-9.765625
6149,4,-0.131084,-9.766006
6150,-7,-0.207264,-107.306604
6151,13,-0.035399,195.520623
6152,6,-0.140106,-68.160352
6153,3,-0.111575,-29.382958
6154,10,-0.044821,68.356037
6155,3,-0.158375,-67.448426
6156,3,-0.076766,0.0
6157,8,-0.074153,51.41864
6158,2,-0.14139,-58.533159
6159,1,-0.122326,-9.776031
6160,6,-0.084177,48.830986
6161,6,-0.07464,0.0
6162,0,-0.159543,-57.642425
6163,6,-0.156994,60.150979
6164,7,-0.000446,9.764957
6165,2,-0.128968,-48.83194
6166,4,-0.110012,19.410691
6167,6,-0.11943,19.652157
6168,5,-0.14804,-9.765816
6169,2,-0.110199,-29.296017
6170,7,-0.120003,48.830032
6171,8,-0.120002,9.765434
6172,1,-0.091384,-68.363381
6173,4,-0.110457,29.295731
6174,7,-0.081911,29.231504
6175,1,-0.139263,-58.728527
6176,5,-0.120192,39.060593
6177,8,-0.062974,29.296017
6178,3,-0.177418,-48.830986
6179,2,-0.120199,-9.766006
6180,4,-0.110666,19.527817
6181,5,-0.139272,9.766674
6182,4,-0.091586,-9.765911
6183,6,-0.08205,19.530487
6184,4,-0.110657,-19.532013
6185,0,-0.15815,-38.898397
6186,9,-0.06238,88.266447
6187,10,-0.100522,9.764767
6188,-7,-0.162674,-83.011055
6189,10,0.036957,165.839097
6190,2,-0.078387,-78.212837
6191,7,-0.002097,48.825264
6192,4,-0.011575,-29.238341
6193,6,-0.011537,19.571004
6194,4,-0.03991,-19.530869
6195,5,-0.059723,9.765625
6196,6,-0.002494,9.765339
6197,2,-0.02157,-39.063644
6198,-7,-0.183693,-87.891483
6199,16,0.041803,221.141088
6200,0,-0.056,-158.742757
6201,11,0.030532,107.41663
6202,7,0.091568,-39.061737
6203,2,-0.065435,-48.830032
6204,2,0.077603,0.0
6205,7,0.106105,48.639552
6206,3,0.058172,-39.213764
6207,3,0.029561,0.0
6208,-2,-0.06538,-48.392873
6209,10,0.174151,118.330359
6210,5,0.126469,-48.826695
6211,4,0.136057,-9.766388
6212,6,0.040687,19.530487
6213,2,0.002538,-39.064026
6214,5,0.116924,29.231504
6215,6,0.078858,9.787034
6216,4,0.097981,-19.531631
6217,1,0.012764,-29.296589
6218,11,0.088853,97.659111
6219,3,0.079316,-78.126526
6220,6,0.127,29.296589
6221,0,0.107927,-58.594322
6222,7,0.04117,68.358707
6223,2,-0.035121,-48.827171
6224,5,0.155537,29.213286
6225,7,0.079099,19.386232
6226,4,0.097842,-29.603316
6227,2,0.021508,-19.531631
6228,4,-0.054777,19.531059
6229,4,0.135897,0.0
6230,5,0.107269,9.765434
6231,4,0.135999,-9.642086
6232,5,0.012143,9.892665
6233,4,0.031215,-9.765911
6234,9,0.202881,48.826218
6235,11,0.088441,19.529915
6236,-5,0.078895,-156.262208
6237,-6,-0.073688,-9.766006
6238,14,0.040763,195.32013
6239,3,0.145688,-107.419777
6240,8,0.212081,48.483438
6241,4,0.068932,-39.0008
6242,5,-0.026207,9.827334
6243,2,-0.007131,-29.368576
6244,7,0.145456,48.826218
6245,6,0.031224,-9.76553
6246,0,0.174691,-58.594894
6247,3,-0.006506,29.297447
6248,6,0.019898,27.037988
6249,5,0.181173,-10.656436
6250,4,0.057197,-9.765339
6251,10,0.104897,58.589745
6252,-1,0.048068,-107.128944
6253,3,-0.009043,39.170755
6254,10,0.200769,68.360043
6255,2,0.038746,-78.019856
6256,1,0.105492,-9.778995
